kl,method,regime,sample_size,seed,study,unit
0.00945046175345264,qalt_pooled,exact_sharing,4,50000,variance_estimation,0
2.7295106009191614,full_latent_coordinatewise,exact_sharing,4,50000,variance_estimation,0
0.00945046175345264,full_latent_pooled,exact_sharing,4,50000,variance_estimation,0
1.3928093227685312,qalt_pooled,alternating_variances,4,50000,variance_estimation,0
1.9369141858360708,full_latent_coordinatewise,alternating_variances,4,50000,variance_estimation,0
1.3928093227685312,full_latent_pooled,alternating_variances,4,50000,variance_estimation,0
0.009328051155131523,qalt_pooled,exact_sharing,4,50001,variance_estimation,1
2.830092961546026,full_latent_coordinatewise,exact_sharing,4,50001,variance_estimation,1
0.009328051155131523,full_latent_pooled,exact_sharing,4,50001,variance_estimation,1
1.4920448211659716,qalt_pooled,alternating_variances,4,50001,variance_estimation,1
3.0934384170881906,full_latent_coordinatewise,alternating_variances,4,50001,variance_estimation,1
1.4920448211659716,full_latent_pooled,alternating_variances,4,50001,variance_estimation,1
0.06968173084590429,qalt_pooled,exact_sharing,4,50002,variance_estimation,2
1.393875988091773,full_latent_coordinatewise,exact_sharing,4,50002,variance_estimation,2
0.06968173084590429,full_latent_pooled,exact_sharing,4,50002,variance_estimation,2
1.3840587257022317,qalt_pooled,alternating_variances,4,50002,variance_estimation,2
5.476082513837458,full_latent_coordinatewise,alternating_variances,4,50002,variance_estimation,2
1.3840587257022317,full_latent_pooled,alternating_variances,4,50002,variance_estimation,2
0.001221660457365166,qalt_pooled,exact_sharing,4,50003,variance_estimation,3
2.459636173507293,full_latent_coordinatewise,exact_sharing,4,50003,variance_estimation,3
0.001221660457365166,full_latent_pooled,exact_sharing,4,50003,variance_estimation,3
1.3388632977196004,qalt_pooled,alternating_variances,4,50003,variance_estimation,3
0.8739419386782167,full_latent_coordinatewise,alternating_variances,4,50003,variance_estimation,3
1.3388632977196004,full_latent_pooled,alternating_variances,4,50003,variance_estimation,3
0.0874268029291943,qalt_pooled,exact_sharing,4,50004,variance_estimation,4
4.7452219138356275,full_latent_coordinatewise,exact_sharing,4,50004,variance_estimation,4
0.0874268029291943,full_latent_pooled,exact_sharing,4,50004,variance_estimation,4
1.4589685015902227,qalt_pooled,alternating_variances,4,50004,variance_estimation,4
1.393694681498293,full_latent_coordinatewise,alternating_variances,4,50004,variance_estimation,4
1.4589685015902227,full_latent_pooled,alternating_variances,4,50004,variance_estimation,4
0.03696754525335169,qalt_pooled,exact_sharing,4,50005,variance_estimation,5
12.168614567704545,full_latent_coordinatewise,exact_sharing,4,50005,variance_estimation,5
0.03696754525335169,full_latent_pooled,exact_sharing,4,50005,variance_estimation,5
1.922969440654668,qalt_pooled,alternating_variances,4,50005,variance_estimation,5
9.16294439581676,full_latent_coordinatewise,alternating_variances,4,50005,variance_estimation,5
1.922969440654668,full_latent_pooled,alternating_variances,4,50005,variance_estimation,5
0.020003549451130143,qalt_pooled,exact_sharing,4,50006,variance_estimation,6
4.76165390024842,full_latent_coordinatewise,exact_sharing,4,50006,variance_estimation,6
0.020003549451130143,full_latent_pooled,exact_sharing,4,50006,variance_estimation,6
1.4485874113287018,qalt_pooled,alternating_variances,4,50006,variance_estimation,6
1.8703254724887466,full_latent_coordinatewise,alternating_variances,4,50006,variance_estimation,6
1.4485874113287018,full_latent_pooled,alternating_variances,4,50006,variance_estimation,6
0.7253072325593002,qalt_pooled,exact_sharing,4,50007,variance_estimation,7
4.256986107436984,full_latent_coordinatewise,exact_sharing,4,50007,variance_estimation,7
0.7253072325593002,full_latent_pooled,exact_sharing,4,50007,variance_estimation,7
1.3390889440255418,qalt_pooled,alternating_variances,4,50007,variance_estimation,7
10.326597712317488,full_latent_coordinatewise,alternating_variances,4,50007,variance_estimation,7
1.3390889440255418,full_latent_pooled,alternating_variances,4,50007,variance_estimation,7
0.5548074253457784,qalt_pooled,exact_sharing,4,50008,variance_estimation,8
2.0791698437980135,full_latent_coordinatewise,exact_sharing,4,50008,variance_estimation,8
0.5548074253457784,full_latent_pooled,exact_sharing,4,50008,variance_estimation,8
1.3479927391103517,qalt_pooled,alternating_variances,4,50008,variance_estimation,8
1.864377230996502,full_latent_coordinatewise,alternating_variances,4,50008,variance_estimation,8
1.3479927391103517,full_latent_pooled,alternating_variances,4,50008,variance_estimation,8
0.0002617727367611941,qalt_pooled,exact_sharing,4,50009,variance_estimation,9
10.92517552373229,full_latent_coordinatewise,exact_sharing,4,50009,variance_estimation,9
0.0002617727367611941,full_latent_pooled,exact_sharing,4,50009,variance_estimation,9
1.6486669406846222,qalt_pooled,alternating_variances,4,50009,variance_estimation,9
2.9252811838809425,full_latent_coordinatewise,alternating_variances,4,50009,variance_estimation,9
1.6486669406846222,full_latent_pooled,alternating_variances,4,50009,variance_estimation,9
0.24036817873272032,qalt_pooled,exact_sharing,4,50010,variance_estimation,10
9.75032759998044,full_latent_coordinatewise,exact_sharing,4,50010,variance_estimation,10
0.24036817873272032,full_latent_pooled,exact_sharing,4,50010,variance_estimation,10
2.3046253772462095,qalt_pooled,alternating_variances,4,50010,variance_estimation,10
8.405619563419807,full_latent_coordinatewise,alternating_variances,4,50010,variance_estimation,10
2.3046253772462095,full_latent_pooled,alternating_variances,4,50010,variance_estimation,10
0.09916675996838453,qalt_pooled,exact_sharing,4,50011,variance_estimation,11
1.2006811109828768,full_latent_coordinatewise,exact_sharing,4,50011,variance_estimation,11
0.09916675996838453,full_latent_pooled,exact_sharing,4,50011,variance_estimation,11
1.6481821873542146,qalt_pooled,alternating_variances,4,50011,variance_estimation,11
1.781481512324133,full_latent_coordinatewise,alternating_variances,4,50011,variance_estimation,11
1.6481821873542146,full_latent_pooled,alternating_variances,4,50011,variance_estimation,11
0.002463695511228721,qalt_pooled,exact_sharing,4,50012,variance_estimation,12
1.61457688312775,full_latent_coordinatewise,exact_sharing,4,50012,variance_estimation,12
0.002463695511228721,full_latent_pooled,exact_sharing,4,50012,variance_estimation,12
1.6666521459892354,qalt_pooled,alternating_variances,4,50012,variance_estimation,12
3.796660579358907,full_latent_coordinatewise,alternating_variances,4,50012,variance_estimation,12
1.6666521459892354,full_latent_pooled,alternating_variances,4,50012,variance_estimation,12
0.03374263909153952,qalt_pooled,exact_sharing,4,50013,variance_estimation,13
4.1763902183215285,full_latent_coordinatewise,exact_sharing,4,50013,variance_estimation,13
0.03374263909153952,full_latent_pooled,exact_sharing,4,50013,variance_estimation,13
1.7384404680647532,qalt_pooled,alternating_variances,4,50013,variance_estimation,13
14.723275629567889,full_latent_coordinatewise,alternating_variances,4,50013,variance_estimation,13
1.7384404680647532,full_latent_pooled,alternating_variances,4,50013,variance_estimation,13
0.28251240528208443,qalt_pooled,exact_sharing,4,50014,variance_estimation,14
6.596458439751388,full_latent_coordinatewise,exact_sharing,4,50014,variance_estimation,14
0.28251240528208443,full_latent_pooled,exact_sharing,4,50014,variance_estimation,14
1.5205854913907122,qalt_pooled,alternating_variances,4,50014,variance_estimation,14
1.6275632647239784,full_latent_coordinatewise,alternating_variances,4,50014,variance_estimation,14
1.5205854913907122,full_latent_pooled,alternating_variances,4,50014,variance_estimation,14
0.11810727716649971,qalt_pooled,exact_sharing,4,50015,variance_estimation,15
2.550046180555511,full_latent_coordinatewise,exact_sharing,4,50015,variance_estimation,15
0.11810727716649971,full_latent_pooled,exact_sharing,4,50015,variance_estimation,15
1.3394262887001431,qalt_pooled,alternating_variances,4,50015,variance_estimation,15
4.038045389432501,full_latent_coordinatewise,alternating_variances,4,50015,variance_estimation,15
1.3394262887001431,full_latent_pooled,alternating_variances,4,50015,variance_estimation,15
0.08750662251491481,qalt_pooled,exact_sharing,4,50016,variance_estimation,16
9.068597557967575,full_latent_coordinatewise,exact_sharing,4,50016,variance_estimation,16
0.08750662251491481,full_latent_pooled,exact_sharing,4,50016,variance_estimation,16
1.3402930724281126,qalt_pooled,alternating_variances,4,50016,variance_estimation,16
7.356538762351042,full_latent_coordinatewise,alternating_variances,4,50016,variance_estimation,16
1.3402930724281126,full_latent_pooled,alternating_variances,4,50016,variance_estimation,16
0.025547256908617394,qalt_pooled,exact_sharing,4,50017,variance_estimation,17
1.0522315698620495,full_latent_coordinatewise,exact_sharing,4,50017,variance_estimation,17
0.025547256908617394,full_latent_pooled,exact_sharing,4,50017,variance_estimation,17
1.7266262511206114,qalt_pooled,alternating_variances,4,50017,variance_estimation,17
4.187443194751645,full_latent_coordinatewise,alternating_variances,4,50017,variance_estimation,17
1.7266262511206114,full_latent_pooled,alternating_variances,4,50017,variance_estimation,17
0.09384543498738757,qalt_pooled,exact_sharing,4,50018,variance_estimation,18
1.9062265193291497,full_latent_coordinatewise,exact_sharing,4,50018,variance_estimation,18
0.09384543498738757,full_latent_pooled,exact_sharing,4,50018,variance_estimation,18
1.338979103788976,qalt_pooled,alternating_variances,4,50018,variance_estimation,18
0.5563040357324271,full_latent_coordinatewise,alternating_variances,4,50018,variance_estimation,18
1.338979103788976,full_latent_pooled,alternating_variances,4,50018,variance_estimation,18
0.040473786070065215,qalt_pooled,exact_sharing,4,50019,variance_estimation,19
1.0627088246693392,full_latent_coordinatewise,exact_sharing,4,50019,variance_estimation,19
0.040473786070065215,full_latent_pooled,exact_sharing,4,50019,variance_estimation,19
1.7045343322552071,qalt_pooled,alternating_variances,4,50019,variance_estimation,19
3.0900084094605185,full_latent_coordinatewise,alternating_variances,4,50019,variance_estimation,19
1.7045343322552071,full_latent_pooled,alternating_variances,4,50019,variance_estimation,19
0.018287505343303118,qalt_pooled,exact_sharing,4,50020,variance_estimation,20
1.9773520929706356,full_latent_coordinatewise,exact_sharing,4,50020,variance_estimation,20
0.018287505343303118,full_latent_pooled,exact_sharing,4,50020,variance_estimation,20
1.7133207409542688,qalt_pooled,alternating_variances,4,50020,variance_estimation,20
0.5002732077855127,full_latent_coordinatewise,alternating_variances,4,50020,variance_estimation,20
1.7133207409542688,full_latent_pooled,alternating_variances,4,50020,variance_estimation,20
0.1106462298319289,qalt_pooled,exact_sharing,4,50021,variance_estimation,21
3.8168386587597602,full_latent_coordinatewise,exact_sharing,4,50021,variance_estimation,21
0.1106462298319289,full_latent_pooled,exact_sharing,4,50021,variance_estimation,21
2.0357949417465617,qalt_pooled,alternating_variances,4,50021,variance_estimation,21
15.758882983551148,full_latent_coordinatewise,alternating_variances,4,50021,variance_estimation,21
2.0357949417465617,full_latent_pooled,alternating_variances,4,50021,variance_estimation,21
0.004723670913349118,qalt_pooled,exact_sharing,4,50022,variance_estimation,22
4.090495716288597,full_latent_coordinatewise,exact_sharing,4,50022,variance_estimation,22
0.004723670913349118,full_latent_pooled,exact_sharing,4,50022,variance_estimation,22
1.6361035388119274,qalt_pooled,alternating_variances,4,50022,variance_estimation,22
5.03693895829114,full_latent_coordinatewise,alternating_variances,4,50022,variance_estimation,22
1.6361035388119274,full_latent_pooled,alternating_variances,4,50022,variance_estimation,22
0.1430028385823296,qalt_pooled,exact_sharing,4,50023,variance_estimation,23
3.295287554594577,full_latent_coordinatewise,exact_sharing,4,50023,variance_estimation,23
0.1430028385823296,full_latent_pooled,exact_sharing,4,50023,variance_estimation,23
1.4392943527962774,qalt_pooled,alternating_variances,4,50023,variance_estimation,23
1.5066976686094002,full_latent_coordinatewise,alternating_variances,4,50023,variance_estimation,23
1.4392943527962774,full_latent_pooled,alternating_variances,4,50023,variance_estimation,23
0.43238986385543954,qalt_pooled,exact_sharing,4,50024,variance_estimation,24
1.4901196483632622,full_latent_coordinatewise,exact_sharing,4,50024,variance_estimation,24
0.43238986385543954,full_latent_pooled,exact_sharing,4,50024,variance_estimation,24
1.3784601756073642,qalt_pooled,alternating_variances,4,50024,variance_estimation,24
4.49422555025914,full_latent_coordinatewise,alternating_variances,4,50024,variance_estimation,24
1.3784601756073642,full_latent_pooled,alternating_variances,4,50024,variance_estimation,24
0.11366005392668282,qalt_pooled,exact_sharing,4,50025,variance_estimation,25
2.7341730036658016,full_latent_coordinatewise,exact_sharing,4,50025,variance_estimation,25
0.11366005392668282,full_latent_pooled,exact_sharing,4,50025,variance_estimation,25
1.4637147199046177,qalt_pooled,alternating_variances,4,50025,variance_estimation,25
1.1927772637967968,full_latent_coordinatewise,alternating_variances,4,50025,variance_estimation,25
1.4637147199046177,full_latent_pooled,alternating_variances,4,50025,variance_estimation,25
0.0016835623659910842,qalt_pooled,exact_sharing,4,50026,variance_estimation,26
5.077476335239061,full_latent_coordinatewise,exact_sharing,4,50026,variance_estimation,26
0.0016835623659910842,full_latent_pooled,exact_sharing,4,50026,variance_estimation,26
1.4882738583595692,qalt_pooled,alternating_variances,4,50026,variance_estimation,26
3.6110843079986923,full_latent_coordinatewise,alternating_variances,4,50026,variance_estimation,26
1.4882738583595692,full_latent_pooled,alternating_variances,4,50026,variance_estimation,26
0.21869202814232258,qalt_pooled,exact_sharing,4,50027,variance_estimation,27
0.9507893044606017,full_latent_coordinatewise,exact_sharing,4,50027,variance_estimation,27
0.21869202814232258,full_latent_pooled,exact_sharing,4,50027,variance_estimation,27
1.924592381329933,qalt_pooled,alternating_variances,4,50027,variance_estimation,27
3.275397893936867,full_latent_coordinatewise,alternating_variances,4,50027,variance_estimation,27
1.924592381329933,full_latent_pooled,alternating_variances,4,50027,variance_estimation,27
0.04027627355116567,qalt_pooled,exact_sharing,4,50028,variance_estimation,28
2.897500182146468,full_latent_coordinatewise,exact_sharing,4,50028,variance_estimation,28
0.04027627355116567,full_latent_pooled,exact_sharing,4,50028,variance_estimation,28
1.3504457471039597,qalt_pooled,alternating_variances,4,50028,variance_estimation,28
1.114471636459411,full_latent_coordinatewise,alternating_variances,4,50028,variance_estimation,28
1.3504457471039597,full_latent_pooled,alternating_variances,4,50028,variance_estimation,28
0.048353125506175876,qalt_pooled,exact_sharing,4,50029,variance_estimation,29
1.8900113099086533,full_latent_coordinatewise,exact_sharing,4,50029,variance_estimation,29
0.048353125506175876,full_latent_pooled,exact_sharing,4,50029,variance_estimation,29
1.3639649061201295,qalt_pooled,alternating_variances,4,50029,variance_estimation,29
9.126170463441705,full_latent_coordinatewise,alternating_variances,4,50029,variance_estimation,29
1.3639649061201295,full_latent_pooled,alternating_variances,4,50029,variance_estimation,29
0.01751659452307358,qalt_pooled,exact_sharing,4,50030,variance_estimation,30
2.622361998610722,full_latent_coordinatewise,exact_sharing,4,50030,variance_estimation,30
0.01751659452307358,full_latent_pooled,exact_sharing,4,50030,variance_estimation,30
1.4065599327297502,qalt_pooled,alternating_variances,4,50030,variance_estimation,30
2.2817448478753297,full_latent_coordinatewise,alternating_variances,4,50030,variance_estimation,30
1.4065599327297502,full_latent_pooled,alternating_variances,4,50030,variance_estimation,30
0.00023014525393924914,qalt_pooled,exact_sharing,4,50031,variance_estimation,31
3.6259152847339338,full_latent_coordinatewise,exact_sharing,4,50031,variance_estimation,31
0.00023014525393924914,full_latent_pooled,exact_sharing,4,50031,variance_estimation,31
1.4112935986206547,qalt_pooled,alternating_variances,4,50031,variance_estimation,31
1.9324798530470293,full_latent_coordinatewise,alternating_variances,4,50031,variance_estimation,31
1.4112935986206547,full_latent_pooled,alternating_variances,4,50031,variance_estimation,31
0.04786193707146402,qalt_pooled,exact_sharing,4,50032,variance_estimation,32
7.1345799188718955,full_latent_coordinatewise,exact_sharing,4,50032,variance_estimation,32
0.04786193707146402,full_latent_pooled,exact_sharing,4,50032,variance_estimation,32
1.6173454699211445,qalt_pooled,alternating_variances,4,50032,variance_estimation,32
4.35738027715705,full_latent_coordinatewise,alternating_variances,4,50032,variance_estimation,32
1.6173454699211445,full_latent_pooled,alternating_variances,4,50032,variance_estimation,32
0.006243089566822416,qalt_pooled,exact_sharing,4,50033,variance_estimation,33
2.145829952824527,full_latent_coordinatewise,exact_sharing,4,50033,variance_estimation,33
0.006243089566822416,full_latent_pooled,exact_sharing,4,50033,variance_estimation,33
1.4892388696775158,qalt_pooled,alternating_variances,4,50033,variance_estimation,33
4.464975704507877,full_latent_coordinatewise,alternating_variances,4,50033,variance_estimation,33
1.4892388696775158,full_latent_pooled,alternating_variances,4,50033,variance_estimation,33
0.5391747803649116,qalt_pooled,exact_sharing,4,50034,variance_estimation,34
2.183312886347456,full_latent_coordinatewise,exact_sharing,4,50034,variance_estimation,34
0.5391747803649116,full_latent_pooled,exact_sharing,4,50034,variance_estimation,34
2.0474677559355285,qalt_pooled,alternating_variances,4,50034,variance_estimation,34
3.026589050281003,full_latent_coordinatewise,alternating_variances,4,50034,variance_estimation,34
2.0474677559355285,full_latent_pooled,alternating_variances,4,50034,variance_estimation,34
0.08067517257777751,qalt_pooled,exact_sharing,4,50035,variance_estimation,35
1.868310507296275,full_latent_coordinatewise,exact_sharing,4,50035,variance_estimation,35
0.08067517257777751,full_latent_pooled,exact_sharing,4,50035,variance_estimation,35
1.614823138667553,qalt_pooled,alternating_variances,4,50035,variance_estimation,35
1.4006826411552238,full_latent_coordinatewise,alternating_variances,4,50035,variance_estimation,35
1.614823138667553,full_latent_pooled,alternating_variances,4,50035,variance_estimation,35
0.03165561771536332,qalt_pooled,exact_sharing,4,50036,variance_estimation,36
3.282186304911262,full_latent_coordinatewise,exact_sharing,4,50036,variance_estimation,36
0.03165561771536332,full_latent_pooled,exact_sharing,4,50036,variance_estimation,36
1.5852192225844552,qalt_pooled,alternating_variances,4,50036,variance_estimation,36
1.6559866517530795,full_latent_coordinatewise,alternating_variances,4,50036,variance_estimation,36
1.5852192225844552,full_latent_pooled,alternating_variances,4,50036,variance_estimation,36
0.07582318824414747,qalt_pooled,exact_sharing,4,50037,variance_estimation,37
5.87326384078044,full_latent_coordinatewise,exact_sharing,4,50037,variance_estimation,37
0.07582318824414747,full_latent_pooled,exact_sharing,4,50037,variance_estimation,37
2.3053897787515165,qalt_pooled,alternating_variances,4,50037,variance_estimation,37
2.007921679119402,full_latent_coordinatewise,alternating_variances,4,50037,variance_estimation,37
2.3053897787515165,full_latent_pooled,alternating_variances,4,50037,variance_estimation,37
0.03584359096784581,qalt_pooled,exact_sharing,4,50038,variance_estimation,38
2.681308185055044,full_latent_coordinatewise,exact_sharing,4,50038,variance_estimation,38
0.03584359096784581,full_latent_pooled,exact_sharing,4,50038,variance_estimation,38
1.5460407083463523,qalt_pooled,alternating_variances,4,50038,variance_estimation,38
1.4892161055844293,full_latent_coordinatewise,alternating_variances,4,50038,variance_estimation,38
1.5460407083463523,full_latent_pooled,alternating_variances,4,50038,variance_estimation,38
0.33661415610681167,qalt_pooled,exact_sharing,4,50039,variance_estimation,39
5.031982474215783,full_latent_coordinatewise,exact_sharing,4,50039,variance_estimation,39
0.33661415610681167,full_latent_pooled,exact_sharing,4,50039,variance_estimation,39
1.8255795697387422,qalt_pooled,alternating_variances,4,50039,variance_estimation,39
7.435664991499581,full_latent_coordinatewise,alternating_variances,4,50039,variance_estimation,39
1.8255795697387422,full_latent_pooled,alternating_variances,4,50039,variance_estimation,39
0.40009728027791325,qalt_pooled,exact_sharing,4,50040,variance_estimation,40
2.789752228568513,full_latent_coordinatewise,exact_sharing,4,50040,variance_estimation,40
0.40009728027791325,full_latent_pooled,exact_sharing,4,50040,variance_estimation,40
1.4446986688003882,qalt_pooled,alternating_variances,4,50040,variance_estimation,40
3.216516958082437,full_latent_coordinatewise,alternating_variances,4,50040,variance_estimation,40
1.4446986688003882,full_latent_pooled,alternating_variances,4,50040,variance_estimation,40
0.027301066667056922,qalt_pooled,exact_sharing,4,50041,variance_estimation,41
2.024773244493376,full_latent_coordinatewise,exact_sharing,4,50041,variance_estimation,41
0.027301066667056922,full_latent_pooled,exact_sharing,4,50041,variance_estimation,41
1.3757882602512255,qalt_pooled,alternating_variances,4,50041,variance_estimation,41
2.8604046435052477,full_latent_coordinatewise,alternating_variances,4,50041,variance_estimation,41
1.3757882602512255,full_latent_pooled,alternating_variances,4,50041,variance_estimation,41
0.04517260896301886,qalt_pooled,exact_sharing,4,50042,variance_estimation,42
9.650518722194668,full_latent_coordinatewise,exact_sharing,4,50042,variance_estimation,42
0.04517260896301886,full_latent_pooled,exact_sharing,4,50042,variance_estimation,42
1.3989525532437301,qalt_pooled,alternating_variances,4,50042,variance_estimation,42
7.736886529750388,full_latent_coordinatewise,alternating_variances,4,50042,variance_estimation,42
1.3989525532437301,full_latent_pooled,alternating_variances,4,50042,variance_estimation,42
0.006705597302779531,qalt_pooled,exact_sharing,4,50043,variance_estimation,43
5.769959887834409,full_latent_coordinatewise,exact_sharing,4,50043,variance_estimation,43
0.006705597302779531,full_latent_pooled,exact_sharing,4,50043,variance_estimation,43
1.3397202590540205,qalt_pooled,alternating_variances,4,50043,variance_estimation,43
3.334177075108728,full_latent_coordinatewise,alternating_variances,4,50043,variance_estimation,43
1.3397202590540205,full_latent_pooled,alternating_variances,4,50043,variance_estimation,43
0.007937179707867434,qalt_pooled,exact_sharing,4,50044,variance_estimation,44
0.685564314707907,full_latent_coordinatewise,exact_sharing,4,50044,variance_estimation,44
0.007937179707867434,full_latent_pooled,exact_sharing,4,50044,variance_estimation,44
1.41015103272061,qalt_pooled,alternating_variances,4,50044,variance_estimation,44
1.5637585577547006,full_latent_coordinatewise,alternating_variances,4,50044,variance_estimation,44
1.41015103272061,full_latent_pooled,alternating_variances,4,50044,variance_estimation,44
0.10997814870125594,qalt_pooled,exact_sharing,4,50045,variance_estimation,45
2.5544670991563434,full_latent_coordinatewise,exact_sharing,4,50045,variance_estimation,45
0.10997814870125594,full_latent_pooled,exact_sharing,4,50045,variance_estimation,45
1.4156770579388622,qalt_pooled,alternating_variances,4,50045,variance_estimation,45
0.9769816422745674,full_latent_coordinatewise,alternating_variances,4,50045,variance_estimation,45
1.4156770579388622,full_latent_pooled,alternating_variances,4,50045,variance_estimation,45
0.20571683889036707,qalt_pooled,exact_sharing,4,50046,variance_estimation,46
4.163495797636039,full_latent_coordinatewise,exact_sharing,4,50046,variance_estimation,46
0.20571683889036707,full_latent_pooled,exact_sharing,4,50046,variance_estimation,46
1.552227241254656,qalt_pooled,alternating_variances,4,50046,variance_estimation,46
0.4820091346791938,full_latent_coordinatewise,alternating_variances,4,50046,variance_estimation,46
1.552227241254656,full_latent_pooled,alternating_variances,4,50046,variance_estimation,46
0.030751882511663414,qalt_pooled,exact_sharing,4,50047,variance_estimation,47
21.840355574101245,full_latent_coordinatewise,exact_sharing,4,50047,variance_estimation,47
0.030751882511663414,full_latent_pooled,exact_sharing,4,50047,variance_estimation,47
1.5152540560890984,qalt_pooled,alternating_variances,4,50047,variance_estimation,47
6.466653667506658,full_latent_coordinatewise,alternating_variances,4,50047,variance_estimation,47
1.5152540560890984,full_latent_pooled,alternating_variances,4,50047,variance_estimation,47
0.13056473653980438,qalt_pooled,exact_sharing,4,50048,variance_estimation,48
12.606437597307421,full_latent_coordinatewise,exact_sharing,4,50048,variance_estimation,48
0.13056473653980438,full_latent_pooled,exact_sharing,4,50048,variance_estimation,48
1.4000353860182515,qalt_pooled,alternating_variances,4,50048,variance_estimation,48
2.185667136684696,full_latent_coordinatewise,alternating_variances,4,50048,variance_estimation,48
1.4000353860182515,full_latent_pooled,alternating_variances,4,50048,variance_estimation,48
0.08791577080924584,qalt_pooled,exact_sharing,4,50049,variance_estimation,49
2.521649299184462,full_latent_coordinatewise,exact_sharing,4,50049,variance_estimation,49
0.08791577080924584,full_latent_pooled,exact_sharing,4,50049,variance_estimation,49
1.4646026530339695,qalt_pooled,alternating_variances,4,50049,variance_estimation,49
5.532342605155326,full_latent_coordinatewise,alternating_variances,4,50049,variance_estimation,49
1.4646026530339695,full_latent_pooled,alternating_variances,4,50049,variance_estimation,49
0.025340264682006453,qalt_pooled,exact_sharing,4,50050,variance_estimation,50
1.7649963646381677,full_latent_coordinatewise,exact_sharing,4,50050,variance_estimation,50
0.025340264682006453,full_latent_pooled,exact_sharing,4,50050,variance_estimation,50
1.3559163813735209,qalt_pooled,alternating_variances,4,50050,variance_estimation,50
2.2459198780248424,full_latent_coordinatewise,alternating_variances,4,50050,variance_estimation,50
1.3559163813735209,full_latent_pooled,alternating_variances,4,50050,variance_estimation,50
0.14723634395031954,qalt_pooled,exact_sharing,4,50051,variance_estimation,51
1.058475441466492,full_latent_coordinatewise,exact_sharing,4,50051,variance_estimation,51
0.14723634395031954,full_latent_pooled,exact_sharing,4,50051,variance_estimation,51
1.3447900047609258,qalt_pooled,alternating_variances,4,50051,variance_estimation,51
0.8007352291451849,full_latent_coordinatewise,alternating_variances,4,50051,variance_estimation,51
1.3447900047609258,full_latent_pooled,alternating_variances,4,50051,variance_estimation,51
0.09134657757430942,qalt_pooled,exact_sharing,4,50052,variance_estimation,52
2.8028798026040804,full_latent_coordinatewise,exact_sharing,4,50052,variance_estimation,52
0.09134657757430942,full_latent_pooled,exact_sharing,4,50052,variance_estimation,52
1.3401255285493399,qalt_pooled,alternating_variances,4,50052,variance_estimation,52
1.2590661485838615,full_latent_coordinatewise,alternating_variances,4,50052,variance_estimation,52
1.3401255285493399,full_latent_pooled,alternating_variances,4,50052,variance_estimation,52
0.025444316731327188,qalt_pooled,exact_sharing,4,50053,variance_estimation,53
1.2655508987993764,full_latent_coordinatewise,exact_sharing,4,50053,variance_estimation,53
0.025444316731327188,full_latent_pooled,exact_sharing,4,50053,variance_estimation,53
1.3393796641789573,qalt_pooled,alternating_variances,4,50053,variance_estimation,53
4.564145541918663,full_latent_coordinatewise,alternating_variances,4,50053,variance_estimation,53
1.3393796641789573,full_latent_pooled,alternating_variances,4,50053,variance_estimation,53
0.040993018987358604,qalt_pooled,exact_sharing,4,50054,variance_estimation,54
5.62697861865955,full_latent_coordinatewise,exact_sharing,4,50054,variance_estimation,54
0.040993018987358604,full_latent_pooled,exact_sharing,4,50054,variance_estimation,54
1.4012043176046616,qalt_pooled,alternating_variances,4,50054,variance_estimation,54
2.5278001339679688,full_latent_coordinatewise,alternating_variances,4,50054,variance_estimation,54
1.4012043176046616,full_latent_pooled,alternating_variances,4,50054,variance_estimation,54
0.14732960062550282,qalt_pooled,exact_sharing,4,50055,variance_estimation,55
6.0294018665305105,full_latent_coordinatewise,exact_sharing,4,50055,variance_estimation,55
0.14732960062550282,full_latent_pooled,exact_sharing,4,50055,variance_estimation,55
1.7659693554626879,qalt_pooled,alternating_variances,4,50055,variance_estimation,55
1.0442149080503582,full_latent_coordinatewise,alternating_variances,4,50055,variance_estimation,55
1.7659693554626879,full_latent_pooled,alternating_variances,4,50055,variance_estimation,55
0.00014826030112737726,qalt_pooled,exact_sharing,4,50056,variance_estimation,56
4.2970364866375075,full_latent_coordinatewise,exact_sharing,4,50056,variance_estimation,56
0.00014826030112737726,full_latent_pooled,exact_sharing,4,50056,variance_estimation,56
1.4630600834094825,qalt_pooled,alternating_variances,4,50056,variance_estimation,56
0.5996203326773191,full_latent_coordinatewise,alternating_variances,4,50056,variance_estimation,56
1.4630600834094825,full_latent_pooled,alternating_variances,4,50056,variance_estimation,56
0.7639871252063806,qalt_pooled,exact_sharing,4,50057,variance_estimation,57
4.674696431933588,full_latent_coordinatewise,exact_sharing,4,50057,variance_estimation,57
0.7639871252063806,full_latent_pooled,exact_sharing,4,50057,variance_estimation,57
1.3828553452214432,qalt_pooled,alternating_variances,4,50057,variance_estimation,57
2.8001993241217833,full_latent_coordinatewise,alternating_variances,4,50057,variance_estimation,57
1.3828553452214432,full_latent_pooled,alternating_variances,4,50057,variance_estimation,57
0.25732212864917103,qalt_pooled,exact_sharing,4,50058,variance_estimation,58
4.6269724071319285,full_latent_coordinatewise,exact_sharing,4,50058,variance_estimation,58
0.25732212864917103,full_latent_pooled,exact_sharing,4,50058,variance_estimation,58
1.358578643233726,qalt_pooled,alternating_variances,4,50058,variance_estimation,58
2.4764282587304467,full_latent_coordinatewise,alternating_variances,4,50058,variance_estimation,58
1.358578643233726,full_latent_pooled,alternating_variances,4,50058,variance_estimation,58
0.3686093452659833,qalt_pooled,exact_sharing,4,50059,variance_estimation,59
2.553282235105468,full_latent_coordinatewise,exact_sharing,4,50059,variance_estimation,59
0.3686093452659833,full_latent_pooled,exact_sharing,4,50059,variance_estimation,59
1.3601006245846612,qalt_pooled,alternating_variances,4,50059,variance_estimation,59
1.6059185837505892,full_latent_coordinatewise,alternating_variances,4,50059,variance_estimation,59
1.3601006245846612,full_latent_pooled,alternating_variances,4,50059,variance_estimation,59
0.28943208666593834,qalt_pooled,exact_sharing,4,50060,variance_estimation,60
5.155844851734406,full_latent_coordinatewise,exact_sharing,4,50060,variance_estimation,60
0.28943208666593834,full_latent_pooled,exact_sharing,4,50060,variance_estimation,60
1.352107264392428,qalt_pooled,alternating_variances,4,50060,variance_estimation,60
11.017763884067522,full_latent_coordinatewise,alternating_variances,4,50060,variance_estimation,60
1.352107264392428,full_latent_pooled,alternating_variances,4,50060,variance_estimation,60
0.02820675855874838,qalt_pooled,exact_sharing,4,50061,variance_estimation,61
2.874696468392185,full_latent_coordinatewise,exact_sharing,4,50061,variance_estimation,61
0.02820675855874838,full_latent_pooled,exact_sharing,4,50061,variance_estimation,61
1.4442076378319388,qalt_pooled,alternating_variances,4,50061,variance_estimation,61
1.6632678387570188,full_latent_coordinatewise,alternating_variances,4,50061,variance_estimation,61
1.4442076378319388,full_latent_pooled,alternating_variances,4,50061,variance_estimation,61
0.151660928132759,qalt_pooled,exact_sharing,4,50062,variance_estimation,62
1.0381892612324752,full_latent_coordinatewise,exact_sharing,4,50062,variance_estimation,62
0.151660928132759,full_latent_pooled,exact_sharing,4,50062,variance_estimation,62
1.3391846913957082,qalt_pooled,alternating_variances,4,50062,variance_estimation,62
0.9942243323040793,full_latent_coordinatewise,alternating_variances,4,50062,variance_estimation,62
1.3391846913957082,full_latent_pooled,alternating_variances,4,50062,variance_estimation,62
0.43997663906961715,qalt_pooled,exact_sharing,4,50063,variance_estimation,63
4.938998654800522,full_latent_coordinatewise,exact_sharing,4,50063,variance_estimation,63
0.43997663906961715,full_latent_pooled,exact_sharing,4,50063,variance_estimation,63
2.527686442370493,qalt_pooled,alternating_variances,4,50063,variance_estimation,63
1.9292768756820182,full_latent_coordinatewise,alternating_variances,4,50063,variance_estimation,63
2.527686442370493,full_latent_pooled,alternating_variances,4,50063,variance_estimation,63
0.04302576326304719,qalt_pooled,exact_sharing,4,50064,variance_estimation,64
3.7703757216585205,full_latent_coordinatewise,exact_sharing,4,50064,variance_estimation,64
0.04302576326304719,full_latent_pooled,exact_sharing,4,50064,variance_estimation,64
2.3568779327493807,qalt_pooled,alternating_variances,4,50064,variance_estimation,64
3.2449963154902965,full_latent_coordinatewise,alternating_variances,4,50064,variance_estimation,64
2.3568779327493807,full_latent_pooled,alternating_variances,4,50064,variance_estimation,64
0.1559671665765609,qalt_pooled,exact_sharing,4,50065,variance_estimation,65
5.949251421081353,full_latent_coordinatewise,exact_sharing,4,50065,variance_estimation,65
0.1559671665765609,full_latent_pooled,exact_sharing,4,50065,variance_estimation,65
1.5005698620281744,qalt_pooled,alternating_variances,4,50065,variance_estimation,65
6.092442542948962,full_latent_coordinatewise,alternating_variances,4,50065,variance_estimation,65
1.5005698620281744,full_latent_pooled,alternating_variances,4,50065,variance_estimation,65
0.0910752245890678,qalt_pooled,exact_sharing,4,50066,variance_estimation,66
2.172051583831074,full_latent_coordinatewise,exact_sharing,4,50066,variance_estimation,66
0.0910752245890678,full_latent_pooled,exact_sharing,4,50066,variance_estimation,66
1.3573438802180346,qalt_pooled,alternating_variances,4,50066,variance_estimation,66
8.852841450201725,full_latent_coordinatewise,alternating_variances,4,50066,variance_estimation,66
1.3573438802180346,full_latent_pooled,alternating_variances,4,50066,variance_estimation,66
0.9442837258760366,qalt_pooled,exact_sharing,4,50067,variance_estimation,67
5.3731917819132775,full_latent_coordinatewise,exact_sharing,4,50067,variance_estimation,67
0.9442837258760366,full_latent_pooled,exact_sharing,4,50067,variance_estimation,67
1.4955005127419763,qalt_pooled,alternating_variances,4,50067,variance_estimation,67
1.4483342102611274,full_latent_coordinatewise,alternating_variances,4,50067,variance_estimation,67
1.4955005127419763,full_latent_pooled,alternating_variances,4,50067,variance_estimation,67
0.08681848923802304,qalt_pooled,exact_sharing,4,50068,variance_estimation,68
2.198816449629949,full_latent_coordinatewise,exact_sharing,4,50068,variance_estimation,68
0.08681848923802304,full_latent_pooled,exact_sharing,4,50068,variance_estimation,68
1.3488930047420378,qalt_pooled,alternating_variances,4,50068,variance_estimation,68
1.5285189435864561,full_latent_coordinatewise,alternating_variances,4,50068,variance_estimation,68
1.3488930047420378,full_latent_pooled,alternating_variances,4,50068,variance_estimation,68
0.013424902271200051,qalt_pooled,exact_sharing,4,50069,variance_estimation,69
3.6209535822825774,full_latent_coordinatewise,exact_sharing,4,50069,variance_estimation,69
0.013424902271200051,full_latent_pooled,exact_sharing,4,50069,variance_estimation,69
1.3618285947807063,qalt_pooled,alternating_variances,4,50069,variance_estimation,69
4.581453563226412,full_latent_coordinatewise,alternating_variances,4,50069,variance_estimation,69
1.3618285947807063,full_latent_pooled,alternating_variances,4,50069,variance_estimation,69
0.035682801971723244,qalt_pooled,exact_sharing,4,50070,variance_estimation,70
1.230074431219771,full_latent_coordinatewise,exact_sharing,4,50070,variance_estimation,70
0.035682801971723244,full_latent_pooled,exact_sharing,4,50070,variance_estimation,70
1.3931326991335617,qalt_pooled,alternating_variances,4,50070,variance_estimation,70
1.1797886053976527,full_latent_coordinatewise,alternating_variances,4,50070,variance_estimation,70
1.3931326991335617,full_latent_pooled,alternating_variances,4,50070,variance_estimation,70
0.04393332760153784,qalt_pooled,exact_sharing,4,50071,variance_estimation,71
1.3387834284866735,full_latent_coordinatewise,exact_sharing,4,50071,variance_estimation,71
0.04393332760153784,full_latent_pooled,exact_sharing,4,50071,variance_estimation,71
1.7001941188292915,qalt_pooled,alternating_variances,4,50071,variance_estimation,71
2.176752966517758,full_latent_coordinatewise,alternating_variances,4,50071,variance_estimation,71
1.7001941188292915,full_latent_pooled,alternating_variances,4,50071,variance_estimation,71
0.020908907782050512,qalt_pooled,exact_sharing,4,50072,variance_estimation,72
2.390659241590128,full_latent_coordinatewise,exact_sharing,4,50072,variance_estimation,72
0.020908907782050512,full_latent_pooled,exact_sharing,4,50072,variance_estimation,72
2.097718382436045,qalt_pooled,alternating_variances,4,50072,variance_estimation,72
2.435063743802993,full_latent_coordinatewise,alternating_variances,4,50072,variance_estimation,72
2.097718382436045,full_latent_pooled,alternating_variances,4,50072,variance_estimation,72
9.14808144608821e-05,qalt_pooled,exact_sharing,4,50073,variance_estimation,73
7.806867568173374,full_latent_coordinatewise,exact_sharing,4,50073,variance_estimation,73
9.14808144608821e-05,full_latent_pooled,exact_sharing,4,50073,variance_estimation,73
1.3389646946882285,qalt_pooled,alternating_variances,4,50073,variance_estimation,73
0.8244794069052408,full_latent_coordinatewise,alternating_variances,4,50073,variance_estimation,73
1.3389646946882285,full_latent_pooled,alternating_variances,4,50073,variance_estimation,73
0.014082305141141283,qalt_pooled,exact_sharing,4,50074,variance_estimation,74
2.6652440417305345,full_latent_coordinatewise,exact_sharing,4,50074,variance_estimation,74
0.014082305141141283,full_latent_pooled,exact_sharing,4,50074,variance_estimation,74
1.584483854213019,qalt_pooled,alternating_variances,4,50074,variance_estimation,74
6.1406923426632405,full_latent_coordinatewise,alternating_variances,4,50074,variance_estimation,74
1.584483854213019,full_latent_pooled,alternating_variances,4,50074,variance_estimation,74
0.258892176995003,qalt_pooled,exact_sharing,4,50075,variance_estimation,75
6.420007158566138,full_latent_coordinatewise,exact_sharing,4,50075,variance_estimation,75
0.258892176995003,full_latent_pooled,exact_sharing,4,50075,variance_estimation,75
1.4005079694382103,qalt_pooled,alternating_variances,4,50075,variance_estimation,75
1.826968171774954,full_latent_coordinatewise,alternating_variances,4,50075,variance_estimation,75
1.4005079694382103,full_latent_pooled,alternating_variances,4,50075,variance_estimation,75
0.03292776175165807,qalt_pooled,exact_sharing,4,50076,variance_estimation,76
2.059894846142729,full_latent_coordinatewise,exact_sharing,4,50076,variance_estimation,76
0.03292776175165807,full_latent_pooled,exact_sharing,4,50076,variance_estimation,76
1.8820464547362652,qalt_pooled,alternating_variances,4,50076,variance_estimation,76
3.0350412439685774,full_latent_coordinatewise,alternating_variances,4,50076,variance_estimation,76
1.8820464547362652,full_latent_pooled,alternating_variances,4,50076,variance_estimation,76
0.0864432166850096,qalt_pooled,exact_sharing,4,50077,variance_estimation,77
3.8733565491970516,full_latent_coordinatewise,exact_sharing,4,50077,variance_estimation,77
0.0864432166850096,full_latent_pooled,exact_sharing,4,50077,variance_estimation,77
1.8065815304396975,qalt_pooled,alternating_variances,4,50077,variance_estimation,77
2.498751075506166,full_latent_coordinatewise,alternating_variances,4,50077,variance_estimation,77
1.8065815304396975,full_latent_pooled,alternating_variances,4,50077,variance_estimation,77
0.25925481562605335,qalt_pooled,exact_sharing,4,50078,variance_estimation,78
2.6665637610557438,full_latent_coordinatewise,exact_sharing,4,50078,variance_estimation,78
0.25925481562605335,full_latent_pooled,exact_sharing,4,50078,variance_estimation,78
1.3468861753855026,qalt_pooled,alternating_variances,4,50078,variance_estimation,78
3.750311279972789,full_latent_coordinatewise,alternating_variances,4,50078,variance_estimation,78
1.3468861753855026,full_latent_pooled,alternating_variances,4,50078,variance_estimation,78
0.03388439878665597,qalt_pooled,exact_sharing,4,50079,variance_estimation,79
6.591956562619507,full_latent_coordinatewise,exact_sharing,4,50079,variance_estimation,79
0.03388439878665597,full_latent_pooled,exact_sharing,4,50079,variance_estimation,79
1.5272267518382459,qalt_pooled,alternating_variances,4,50079,variance_estimation,79
14.392286834867525,full_latent_coordinatewise,alternating_variances,4,50079,variance_estimation,79
1.5272267518382459,full_latent_pooled,alternating_variances,4,50079,variance_estimation,79
0.7567475126285275,qalt_pooled,exact_sharing,4,50080,variance_estimation,80
2.5981929096112886,full_latent_coordinatewise,exact_sharing,4,50080,variance_estimation,80
0.7567475126285275,full_latent_pooled,exact_sharing,4,50080,variance_estimation,80
2.0852751034699732,qalt_pooled,alternating_variances,4,50080,variance_estimation,80
7.9272910424372895,full_latent_coordinatewise,alternating_variances,4,50080,variance_estimation,80
2.0852751034699732,full_latent_pooled,alternating_variances,4,50080,variance_estimation,80
0.00010612038735587082,qalt_pooled,exact_sharing,4,50081,variance_estimation,81
1.4255052383009317,full_latent_coordinatewise,exact_sharing,4,50081,variance_estimation,81
0.00010612038735587082,full_latent_pooled,exact_sharing,4,50081,variance_estimation,81
1.8902388735366966,qalt_pooled,alternating_variances,4,50081,variance_estimation,81
8.970790324537722,full_latent_coordinatewise,alternating_variances,4,50081,variance_estimation,81
1.8902388735366966,full_latent_pooled,alternating_variances,4,50081,variance_estimation,81
0.09243608364057432,qalt_pooled,exact_sharing,4,50082,variance_estimation,82
3.3057883603373104,full_latent_coordinatewise,exact_sharing,4,50082,variance_estimation,82
0.09243608364057432,full_latent_pooled,exact_sharing,4,50082,variance_estimation,82
1.351799301318625,qalt_pooled,alternating_variances,4,50082,variance_estimation,82
5.816628549335712,full_latent_coordinatewise,alternating_variances,4,50082,variance_estimation,82
1.351799301318625,full_latent_pooled,alternating_variances,4,50082,variance_estimation,82
0.083946893488134,qalt_pooled,exact_sharing,4,50083,variance_estimation,83
1.7050597309469082,full_latent_coordinatewise,exact_sharing,4,50083,variance_estimation,83
0.083946893488134,full_latent_pooled,exact_sharing,4,50083,variance_estimation,83
2.1288830440762903,qalt_pooled,alternating_variances,4,50083,variance_estimation,83
2.943701761471792,full_latent_coordinatewise,alternating_variances,4,50083,variance_estimation,83
2.1288830440762903,full_latent_pooled,alternating_variances,4,50083,variance_estimation,83
0.001933809860105322,qalt_pooled,exact_sharing,4,50084,variance_estimation,84
5.240392568256792,full_latent_coordinatewise,exact_sharing,4,50084,variance_estimation,84
0.001933809860105322,full_latent_pooled,exact_sharing,4,50084,variance_estimation,84
1.4864977765757772,qalt_pooled,alternating_variances,4,50084,variance_estimation,84
4.968233186787687,full_latent_coordinatewise,alternating_variances,4,50084,variance_estimation,84
1.4864977765757772,full_latent_pooled,alternating_variances,4,50084,variance_estimation,84
0.039183641983796424,qalt_pooled,exact_sharing,4,50085,variance_estimation,85
5.262267044824305,full_latent_coordinatewise,exact_sharing,4,50085,variance_estimation,85
0.039183641983796424,full_latent_pooled,exact_sharing,4,50085,variance_estimation,85
1.3398349287230327,qalt_pooled,alternating_variances,4,50085,variance_estimation,85
4.492258033641858,full_latent_coordinatewise,alternating_variances,4,50085,variance_estimation,85
1.3398349287230327,full_latent_pooled,alternating_variances,4,50085,variance_estimation,85
0.013073450179651502,qalt_pooled,exact_sharing,4,50086,variance_estimation,86
3.668047731750812,full_latent_coordinatewise,exact_sharing,4,50086,variance_estimation,86
0.013073450179651502,full_latent_pooled,exact_sharing,4,50086,variance_estimation,86
1.6573490090031178,qalt_pooled,alternating_variances,4,50086,variance_estimation,86
1.566636507701637,full_latent_coordinatewise,alternating_variances,4,50086,variance_estimation,86
1.6573490090031178,full_latent_pooled,alternating_variances,4,50086,variance_estimation,86
0.0055683072191419075,qalt_pooled,exact_sharing,4,50087,variance_estimation,87
1.8959630927212783,full_latent_coordinatewise,exact_sharing,4,50087,variance_estimation,87
0.0055683072191419075,full_latent_pooled,exact_sharing,4,50087,variance_estimation,87
1.3731494273432143,qalt_pooled,alternating_variances,4,50087,variance_estimation,87
0.642436597408798,full_latent_coordinatewise,alternating_variances,4,50087,variance_estimation,87
1.3731494273432143,full_latent_pooled,alternating_variances,4,50087,variance_estimation,87
0.04365633309416103,qalt_pooled,exact_sharing,4,50088,variance_estimation,88
1.5716037439661577,full_latent_coordinatewise,exact_sharing,4,50088,variance_estimation,88
0.04365633309416103,full_latent_pooled,exact_sharing,4,50088,variance_estimation,88
1.3613836437188285,qalt_pooled,alternating_variances,4,50088,variance_estimation,88
7.202121161705302,full_latent_coordinatewise,alternating_variances,4,50088,variance_estimation,88
1.3613836437188285,full_latent_pooled,alternating_variances,4,50088,variance_estimation,88
0.029735831359157222,qalt_pooled,exact_sharing,4,50089,variance_estimation,89
2.5241096108700956,full_latent_coordinatewise,exact_sharing,4,50089,variance_estimation,89
0.029735831359157222,full_latent_pooled,exact_sharing,4,50089,variance_estimation,89
1.3551791297877314,qalt_pooled,alternating_variances,4,50089,variance_estimation,89
3.999591487407806,full_latent_coordinatewise,alternating_variances,4,50089,variance_estimation,89
1.3551791297877314,full_latent_pooled,alternating_variances,4,50089,variance_estimation,89
0.039749408967864885,qalt_pooled,exact_sharing,4,50090,variance_estimation,90
28.572440345644594,full_latent_coordinatewise,exact_sharing,4,50090,variance_estimation,90
0.039749408967864885,full_latent_pooled,exact_sharing,4,50090,variance_estimation,90
3.3483015928977506,qalt_pooled,alternating_variances,4,50090,variance_estimation,90
3.415087254558723,full_latent_coordinatewise,alternating_variances,4,50090,variance_estimation,90
3.3483015928977506,full_latent_pooled,alternating_variances,4,50090,variance_estimation,90
0.1258331150677071,qalt_pooled,exact_sharing,4,50091,variance_estimation,91
2.617364723269402,full_latent_coordinatewise,exact_sharing,4,50091,variance_estimation,91
0.1258331150677071,full_latent_pooled,exact_sharing,4,50091,variance_estimation,91
2.364100916105133,qalt_pooled,alternating_variances,4,50091,variance_estimation,91
1.7655272380772906,full_latent_coordinatewise,alternating_variances,4,50091,variance_estimation,91
2.364100916105133,full_latent_pooled,alternating_variances,4,50091,variance_estimation,91
0.8757905208247456,qalt_pooled,exact_sharing,4,50092,variance_estimation,92
2.760624965728977,full_latent_coordinatewise,exact_sharing,4,50092,variance_estimation,92
0.8757905208247456,full_latent_pooled,exact_sharing,4,50092,variance_estimation,92
2.277000972668981,qalt_pooled,alternating_variances,4,50092,variance_estimation,92
6.335888610494604,full_latent_coordinatewise,alternating_variances,4,50092,variance_estimation,92
2.277000972668981,full_latent_pooled,alternating_variances,4,50092,variance_estimation,92
0.07979501070081257,qalt_pooled,exact_sharing,4,50093,variance_estimation,93
1.820312086994638,full_latent_coordinatewise,exact_sharing,4,50093,variance_estimation,93
0.07979501070081257,full_latent_pooled,exact_sharing,4,50093,variance_estimation,93
1.5521187065202142,qalt_pooled,alternating_variances,4,50093,variance_estimation,93
3.45399463961399,full_latent_coordinatewise,alternating_variances,4,50093,variance_estimation,93
1.5521187065202142,full_latent_pooled,alternating_variances,4,50093,variance_estimation,93
0.016514757069170327,qalt_pooled,exact_sharing,4,50094,variance_estimation,94
8.316137697857751,full_latent_coordinatewise,exact_sharing,4,50094,variance_estimation,94
0.016514757069170327,full_latent_pooled,exact_sharing,4,50094,variance_estimation,94
1.339330690100577,qalt_pooled,alternating_variances,4,50094,variance_estimation,94
1.9712181133684705,full_latent_coordinatewise,alternating_variances,4,50094,variance_estimation,94
1.339330690100577,full_latent_pooled,alternating_variances,4,50094,variance_estimation,94
0.0938374744958318,qalt_pooled,exact_sharing,4,50095,variance_estimation,95
0.7474078629122604,full_latent_coordinatewise,exact_sharing,4,50095,variance_estimation,95
0.0938374744958318,full_latent_pooled,exact_sharing,4,50095,variance_estimation,95
1.3764068396279603,qalt_pooled,alternating_variances,4,50095,variance_estimation,95
3.095716849666733,full_latent_coordinatewise,alternating_variances,4,50095,variance_estimation,95
1.3764068396279603,full_latent_pooled,alternating_variances,4,50095,variance_estimation,95
0.014188655302073278,qalt_pooled,exact_sharing,4,50096,variance_estimation,96
3.3984394437631877,full_latent_coordinatewise,exact_sharing,4,50096,variance_estimation,96
0.014188655302073278,full_latent_pooled,exact_sharing,4,50096,variance_estimation,96
1.6188102436922134,qalt_pooled,alternating_variances,4,50096,variance_estimation,96
5.597122964813868,full_latent_coordinatewise,alternating_variances,4,50096,variance_estimation,96
1.6188102436922134,full_latent_pooled,alternating_variances,4,50096,variance_estimation,96
0.003401612532624554,qalt_pooled,exact_sharing,4,50097,variance_estimation,97
4.909214928020505,full_latent_coordinatewise,exact_sharing,4,50097,variance_estimation,97
0.003401612532624554,full_latent_pooled,exact_sharing,4,50097,variance_estimation,97
1.3757827556792142,qalt_pooled,alternating_variances,4,50097,variance_estimation,97
2.80329056675222,full_latent_coordinatewise,alternating_variances,4,50097,variance_estimation,97
1.3757827556792142,full_latent_pooled,alternating_variances,4,50097,variance_estimation,97
0.03562102979072623,qalt_pooled,exact_sharing,4,50098,variance_estimation,98
1.4426685668310806,full_latent_coordinatewise,exact_sharing,4,50098,variance_estimation,98
0.03562102979072623,full_latent_pooled,exact_sharing,4,50098,variance_estimation,98
1.483430898541437,qalt_pooled,alternating_variances,4,50098,variance_estimation,98
18.964110264831316,full_latent_coordinatewise,alternating_variances,4,50098,variance_estimation,98
1.483430898541437,full_latent_pooled,alternating_variances,4,50098,variance_estimation,98
0.07970596755079806,qalt_pooled,exact_sharing,4,50099,variance_estimation,99
5.847247951228652,full_latent_coordinatewise,exact_sharing,4,50099,variance_estimation,99
0.07970596755079806,full_latent_pooled,exact_sharing,4,50099,variance_estimation,99
1.674320478150024,qalt_pooled,alternating_variances,4,50099,variance_estimation,99
32.534541114806835,full_latent_coordinatewise,alternating_variances,4,50099,variance_estimation,99
1.674320478150024,full_latent_pooled,alternating_variances,4,50099,variance_estimation,99
0.010412222733088047,qalt_pooled,exact_sharing,4,50100,variance_estimation,100
1.100032122873522,full_latent_coordinatewise,exact_sharing,4,50100,variance_estimation,100
0.010412222733088047,full_latent_pooled,exact_sharing,4,50100,variance_estimation,100
1.4106498342952172,qalt_pooled,alternating_variances,4,50100,variance_estimation,100
7.752209103757914,full_latent_coordinatewise,alternating_variances,4,50100,variance_estimation,100
1.4106498342952172,full_latent_pooled,alternating_variances,4,50100,variance_estimation,100
0.06538056506140849,qalt_pooled,exact_sharing,4,50101,variance_estimation,101
9.436306185897765,full_latent_coordinatewise,exact_sharing,4,50101,variance_estimation,101
0.06538056506140849,full_latent_pooled,exact_sharing,4,50101,variance_estimation,101
1.841462454451076,qalt_pooled,alternating_variances,4,50101,variance_estimation,101
1.429484590580391,full_latent_coordinatewise,alternating_variances,4,50101,variance_estimation,101
1.841462454451076,full_latent_pooled,alternating_variances,4,50101,variance_estimation,101
0.0963536945100541,qalt_pooled,exact_sharing,4,50102,variance_estimation,102
1.0359075616988882,full_latent_coordinatewise,exact_sharing,4,50102,variance_estimation,102
0.0963536945100541,full_latent_pooled,exact_sharing,4,50102,variance_estimation,102
1.75842388642333,qalt_pooled,alternating_variances,4,50102,variance_estimation,102
2.2640221198053974,full_latent_coordinatewise,alternating_variances,4,50102,variance_estimation,102
1.75842388642333,full_latent_pooled,alternating_variances,4,50102,variance_estimation,102
0.10101220982727493,qalt_pooled,exact_sharing,4,50103,variance_estimation,103
5.307370752506452,full_latent_coordinatewise,exact_sharing,4,50103,variance_estimation,103
0.10101220982727493,full_latent_pooled,exact_sharing,4,50103,variance_estimation,103
1.463927734309246,qalt_pooled,alternating_variances,4,50103,variance_estimation,103
4.801228659500376,full_latent_coordinatewise,alternating_variances,4,50103,variance_estimation,103
1.463927734309246,full_latent_pooled,alternating_variances,4,50103,variance_estimation,103
0.8460818390961582,qalt_pooled,exact_sharing,4,50104,variance_estimation,104
12.462598194628441,full_latent_coordinatewise,exact_sharing,4,50104,variance_estimation,104
0.8460818390961582,full_latent_pooled,exact_sharing,4,50104,variance_estimation,104
1.3587313330956354,qalt_pooled,alternating_variances,4,50104,variance_estimation,104
2.857847804305925,full_latent_coordinatewise,alternating_variances,4,50104,variance_estimation,104
1.3587313330956354,full_latent_pooled,alternating_variances,4,50104,variance_estimation,104
0.23694608062665268,qalt_pooled,exact_sharing,4,50105,variance_estimation,105
3.4472298167370274,full_latent_coordinatewise,exact_sharing,4,50105,variance_estimation,105
0.23694608062665268,full_latent_pooled,exact_sharing,4,50105,variance_estimation,105
1.3938545777282008,qalt_pooled,alternating_variances,4,50105,variance_estimation,105
0.5006663430017999,full_latent_coordinatewise,alternating_variances,4,50105,variance_estimation,105
1.3938545777282008,full_latent_pooled,alternating_variances,4,50105,variance_estimation,105
0.06508335374581625,qalt_pooled,exact_sharing,4,50106,variance_estimation,106
4.198520371015586,full_latent_coordinatewise,exact_sharing,4,50106,variance_estimation,106
0.06508335374581625,full_latent_pooled,exact_sharing,4,50106,variance_estimation,106
1.3390183639845583,qalt_pooled,alternating_variances,4,50106,variance_estimation,106
4.3743439687946335,full_latent_coordinatewise,alternating_variances,4,50106,variance_estimation,106
1.3390183639845583,full_latent_pooled,alternating_variances,4,50106,variance_estimation,106
0.004529554741291672,qalt_pooled,exact_sharing,4,50107,variance_estimation,107
2.287803962843241,full_latent_coordinatewise,exact_sharing,4,50107,variance_estimation,107
0.004529554741291672,full_latent_pooled,exact_sharing,4,50107,variance_estimation,107
1.4373407195753605,qalt_pooled,alternating_variances,4,50107,variance_estimation,107
4.42904640607597,full_latent_coordinatewise,alternating_variances,4,50107,variance_estimation,107
1.4373407195753605,full_latent_pooled,alternating_variances,4,50107,variance_estimation,107
0.05354161938354446,qalt_pooled,exact_sharing,4,50108,variance_estimation,108
1.7342089686341096,full_latent_coordinatewise,exact_sharing,4,50108,variance_estimation,108
0.05354161938354446,full_latent_pooled,exact_sharing,4,50108,variance_estimation,108
1.4936308368350213,qalt_pooled,alternating_variances,4,50108,variance_estimation,108
10.567483668202463,full_latent_coordinatewise,alternating_variances,4,50108,variance_estimation,108
1.4936308368350213,full_latent_pooled,alternating_variances,4,50108,variance_estimation,108
0.0920694373458652,qalt_pooled,exact_sharing,4,50109,variance_estimation,109
9.33344519427816,full_latent_coordinatewise,exact_sharing,4,50109,variance_estimation,109
0.0920694373458652,full_latent_pooled,exact_sharing,4,50109,variance_estimation,109
1.371265266585291,qalt_pooled,alternating_variances,4,50109,variance_estimation,109
3.3915042297355464,full_latent_coordinatewise,alternating_variances,4,50109,variance_estimation,109
1.371265266585291,full_latent_pooled,alternating_variances,4,50109,variance_estimation,109
0.0250732866276549,qalt_pooled,exact_sharing,4,50110,variance_estimation,110
5.035716599552446,full_latent_coordinatewise,exact_sharing,4,50110,variance_estimation,110
0.0250732866276549,full_latent_pooled,exact_sharing,4,50110,variance_estimation,110
1.4573438126959581,qalt_pooled,alternating_variances,4,50110,variance_estimation,110
2.9155239282781475,full_latent_coordinatewise,alternating_variances,4,50110,variance_estimation,110
1.4573438126959581,full_latent_pooled,alternating_variances,4,50110,variance_estimation,110
0.0020303217511555283,qalt_pooled,exact_sharing,4,50111,variance_estimation,111
4.200652359234941,full_latent_coordinatewise,exact_sharing,4,50111,variance_estimation,111
0.0020303217511555283,full_latent_pooled,exact_sharing,4,50111,variance_estimation,111
1.4166992114063093,qalt_pooled,alternating_variances,4,50111,variance_estimation,111
6.028663314455242,full_latent_coordinatewise,alternating_variances,4,50111,variance_estimation,111
1.4166992114063093,full_latent_pooled,alternating_variances,4,50111,variance_estimation,111
0.2025966949595277,qalt_pooled,exact_sharing,4,50112,variance_estimation,112
4.676618156659465,full_latent_coordinatewise,exact_sharing,4,50112,variance_estimation,112
0.2025966949595277,full_latent_pooled,exact_sharing,4,50112,variance_estimation,112
1.3449926661901368,qalt_pooled,alternating_variances,4,50112,variance_estimation,112
7.3668779251311065,full_latent_coordinatewise,alternating_variances,4,50112,variance_estimation,112
1.3449926661901368,full_latent_pooled,alternating_variances,4,50112,variance_estimation,112
0.015881021047618987,qalt_pooled,exact_sharing,4,50113,variance_estimation,113
1.5124406162473947,full_latent_coordinatewise,exact_sharing,4,50113,variance_estimation,113
0.015881021047618987,full_latent_pooled,exact_sharing,4,50113,variance_estimation,113
1.3402933641383563,qalt_pooled,alternating_variances,4,50113,variance_estimation,113
13.665053647539192,full_latent_coordinatewise,alternating_variances,4,50113,variance_estimation,113
1.3402933641383563,full_latent_pooled,alternating_variances,4,50113,variance_estimation,113
0.024823422875113743,qalt_pooled,exact_sharing,4,50114,variance_estimation,114
1.4074326609908812,full_latent_coordinatewise,exact_sharing,4,50114,variance_estimation,114
0.024823422875113743,full_latent_pooled,exact_sharing,4,50114,variance_estimation,114
1.3420855773810938,qalt_pooled,alternating_variances,4,50114,variance_estimation,114
1.4758500238201946,full_latent_coordinatewise,alternating_variances,4,50114,variance_estimation,114
1.3420855773810938,full_latent_pooled,alternating_variances,4,50114,variance_estimation,114
0.0015925814164037058,qalt_pooled,exact_sharing,4,50115,variance_estimation,115
3.612880343045129,full_latent_coordinatewise,exact_sharing,4,50115,variance_estimation,115
0.0015925814164037058,full_latent_pooled,exact_sharing,4,50115,variance_estimation,115
1.4181254925796343,qalt_pooled,alternating_variances,4,50115,variance_estimation,115
2.4090897824795166,full_latent_coordinatewise,alternating_variances,4,50115,variance_estimation,115
1.4181254925796343,full_latent_pooled,alternating_variances,4,50115,variance_estimation,115
0.1642714782368248,qalt_pooled,exact_sharing,4,50116,variance_estimation,116
1.864597962957122,full_latent_coordinatewise,exact_sharing,4,50116,variance_estimation,116
0.1642714782368248,full_latent_pooled,exact_sharing,4,50116,variance_estimation,116
1.4810957204315662,qalt_pooled,alternating_variances,4,50116,variance_estimation,116
6.748944205325627,full_latent_coordinatewise,alternating_variances,4,50116,variance_estimation,116
1.4810957204315662,full_latent_pooled,alternating_variances,4,50116,variance_estimation,116
0.0025244672702483886,qalt_pooled,exact_sharing,4,50117,variance_estimation,117
4.319440356492178,full_latent_coordinatewise,exact_sharing,4,50117,variance_estimation,117
0.0025244672702483886,full_latent_pooled,exact_sharing,4,50117,variance_estimation,117
1.4467099169865685,qalt_pooled,alternating_variances,4,50117,variance_estimation,117
2.6249752262979693,full_latent_coordinatewise,alternating_variances,4,50117,variance_estimation,117
1.4467099169865685,full_latent_pooled,alternating_variances,4,50117,variance_estimation,117
0.005764577175930957,qalt_pooled,exact_sharing,4,50118,variance_estimation,118
2.4484847510400467,full_latent_coordinatewise,exact_sharing,4,50118,variance_estimation,118
0.005764577175930957,full_latent_pooled,exact_sharing,4,50118,variance_estimation,118
1.416985963313886,qalt_pooled,alternating_variances,4,50118,variance_estimation,118
1.3440442370584533,full_latent_coordinatewise,alternating_variances,4,50118,variance_estimation,118
1.416985963313886,full_latent_pooled,alternating_variances,4,50118,variance_estimation,118
0.009223513334353936,qalt_pooled,exact_sharing,4,50119,variance_estimation,119
2.2004610407844365,full_latent_coordinatewise,exact_sharing,4,50119,variance_estimation,119
0.009223513334353936,full_latent_pooled,exact_sharing,4,50119,variance_estimation,119
1.8548283000282488,qalt_pooled,alternating_variances,4,50119,variance_estimation,119
2.652248673490109,full_latent_coordinatewise,alternating_variances,4,50119,variance_estimation,119
1.8548283000282488,full_latent_pooled,alternating_variances,4,50119,variance_estimation,119
0.05951666732492533,qalt_pooled,exact_sharing,4,50120,variance_estimation,120
4.323013461621404,full_latent_coordinatewise,exact_sharing,4,50120,variance_estimation,120
0.05951666732492533,full_latent_pooled,exact_sharing,4,50120,variance_estimation,120
1.4859484484163177,qalt_pooled,alternating_variances,4,50120,variance_estimation,120
2.505105821503811,full_latent_coordinatewise,alternating_variances,4,50120,variance_estimation,120
1.4859484484163177,full_latent_pooled,alternating_variances,4,50120,variance_estimation,120
0.1818647490616122,qalt_pooled,exact_sharing,4,50121,variance_estimation,121
3.4825716912389026,full_latent_coordinatewise,exact_sharing,4,50121,variance_estimation,121
0.1818647490616122,full_latent_pooled,exact_sharing,4,50121,variance_estimation,121
1.7169576016600063,qalt_pooled,alternating_variances,4,50121,variance_estimation,121
13.947934491656403,full_latent_coordinatewise,alternating_variances,4,50121,variance_estimation,121
1.7169576016600063,full_latent_pooled,alternating_variances,4,50121,variance_estimation,121
0.016302568467043338,qalt_pooled,exact_sharing,4,50122,variance_estimation,122
19.390973738332058,full_latent_coordinatewise,exact_sharing,4,50122,variance_estimation,122
0.016302568467043338,full_latent_pooled,exact_sharing,4,50122,variance_estimation,122
1.7246747670735374,qalt_pooled,alternating_variances,4,50122,variance_estimation,122
0.7816478576590011,full_latent_coordinatewise,alternating_variances,4,50122,variance_estimation,122
1.7246747670735374,full_latent_pooled,alternating_variances,4,50122,variance_estimation,122
0.20229761827521264,qalt_pooled,exact_sharing,4,50123,variance_estimation,123
9.74799060320471,full_latent_coordinatewise,exact_sharing,4,50123,variance_estimation,123
0.20229761827521264,full_latent_pooled,exact_sharing,4,50123,variance_estimation,123
1.3869056846859609,qalt_pooled,alternating_variances,4,50123,variance_estimation,123
1.1530131852300736,full_latent_coordinatewise,alternating_variances,4,50123,variance_estimation,123
1.3869056846859609,full_latent_pooled,alternating_variances,4,50123,variance_estimation,123
0.05710193249672252,qalt_pooled,exact_sharing,4,50124,variance_estimation,124
1.1324964169235434,full_latent_coordinatewise,exact_sharing,4,50124,variance_estimation,124
0.05710193249672252,full_latent_pooled,exact_sharing,4,50124,variance_estimation,124
1.636823663674643,qalt_pooled,alternating_variances,4,50124,variance_estimation,124
5.325489041158846,full_latent_coordinatewise,alternating_variances,4,50124,variance_estimation,124
1.636823663674643,full_latent_pooled,alternating_variances,4,50124,variance_estimation,124
0.0025609918365638307,qalt_pooled,exact_sharing,4,50125,variance_estimation,125
2.8778504871406776,full_latent_coordinatewise,exact_sharing,4,50125,variance_estimation,125
0.0025609918365638307,full_latent_pooled,exact_sharing,4,50125,variance_estimation,125
1.4729392322438173,qalt_pooled,alternating_variances,4,50125,variance_estimation,125
3.7226556145339442,full_latent_coordinatewise,alternating_variances,4,50125,variance_estimation,125
1.4729392322438173,full_latent_pooled,alternating_variances,4,50125,variance_estimation,125
0.16398196246251345,qalt_pooled,exact_sharing,4,50126,variance_estimation,126
1.395187296540842,full_latent_coordinatewise,exact_sharing,4,50126,variance_estimation,126
0.16398196246251345,full_latent_pooled,exact_sharing,4,50126,variance_estimation,126
1.5085625098783089,qalt_pooled,alternating_variances,4,50126,variance_estimation,126
2.8855056663534984,full_latent_coordinatewise,alternating_variances,4,50126,variance_estimation,126
1.5085625098783089,full_latent_pooled,alternating_variances,4,50126,variance_estimation,126
0.026469597988240084,qalt_pooled,exact_sharing,4,50127,variance_estimation,127
1.047037591665503,full_latent_coordinatewise,exact_sharing,4,50127,variance_estimation,127
0.026469597988240084,full_latent_pooled,exact_sharing,4,50127,variance_estimation,127
1.5163982577039412,qalt_pooled,alternating_variances,4,50127,variance_estimation,127
6.6464672356343115,full_latent_coordinatewise,alternating_variances,4,50127,variance_estimation,127
1.5163982577039412,full_latent_pooled,alternating_variances,4,50127,variance_estimation,127
0.01952738336217988,qalt_pooled,exact_sharing,4,50128,variance_estimation,128
5.903020792104597,full_latent_coordinatewise,exact_sharing,4,50128,variance_estimation,128
0.01952738336217988,full_latent_pooled,exact_sharing,4,50128,variance_estimation,128
1.4935777701540163,qalt_pooled,alternating_variances,4,50128,variance_estimation,128
1.001723173789003,full_latent_coordinatewise,alternating_variances,4,50128,variance_estimation,128
1.4935777701540163,full_latent_pooled,alternating_variances,4,50128,variance_estimation,128
0.06118350105518805,qalt_pooled,exact_sharing,4,50129,variance_estimation,129
2.282033813797917,full_latent_coordinatewise,exact_sharing,4,50129,variance_estimation,129
0.06118350105518805,full_latent_pooled,exact_sharing,4,50129,variance_estimation,129
1.408032645633262,qalt_pooled,alternating_variances,4,50129,variance_estimation,129
5.710672157044669,full_latent_coordinatewise,alternating_variances,4,50129,variance_estimation,129
1.408032645633262,full_latent_pooled,alternating_variances,4,50129,variance_estimation,129
0.054102544694383914,qalt_pooled,exact_sharing,4,50130,variance_estimation,130
1.5731788123463264,full_latent_coordinatewise,exact_sharing,4,50130,variance_estimation,130
0.054102544694383914,full_latent_pooled,exact_sharing,4,50130,variance_estimation,130
1.407210131940222,qalt_pooled,alternating_variances,4,50130,variance_estimation,130
1.4863255055060467,full_latent_coordinatewise,alternating_variances,4,50130,variance_estimation,130
1.407210131940222,full_latent_pooled,alternating_variances,4,50130,variance_estimation,130
0.11347558101835659,qalt_pooled,exact_sharing,4,50131,variance_estimation,131
4.355692247584893,full_latent_coordinatewise,exact_sharing,4,50131,variance_estimation,131
0.11347558101835659,full_latent_pooled,exact_sharing,4,50131,variance_estimation,131
1.3965216129714846,qalt_pooled,alternating_variances,4,50131,variance_estimation,131
1.5980408552617555,full_latent_coordinatewise,alternating_variances,4,50131,variance_estimation,131
1.3965216129714846,full_latent_pooled,alternating_variances,4,50131,variance_estimation,131
0.014790281691805435,qalt_pooled,exact_sharing,4,50132,variance_estimation,132
2.083274964619989,full_latent_coordinatewise,exact_sharing,4,50132,variance_estimation,132
0.014790281691805435,full_latent_pooled,exact_sharing,4,50132,variance_estimation,132
1.3513921283528143,qalt_pooled,alternating_variances,4,50132,variance_estimation,132
2.3415130896371172,full_latent_coordinatewise,alternating_variances,4,50132,variance_estimation,132
1.3513921283528143,full_latent_pooled,alternating_variances,4,50132,variance_estimation,132
0.024453722902163855,qalt_pooled,exact_sharing,4,50133,variance_estimation,133
1.3376692888419461,full_latent_coordinatewise,exact_sharing,4,50133,variance_estimation,133
0.024453722902163855,full_latent_pooled,exact_sharing,4,50133,variance_estimation,133
1.464120674728165,qalt_pooled,alternating_variances,4,50133,variance_estimation,133
1.2264043473955815,full_latent_coordinatewise,alternating_variances,4,50133,variance_estimation,133
1.464120674728165,full_latent_pooled,alternating_variances,4,50133,variance_estimation,133
0.2410233027997909,qalt_pooled,exact_sharing,4,50134,variance_estimation,134
10.916555398356055,full_latent_coordinatewise,exact_sharing,4,50134,variance_estimation,134
0.2410233027997909,full_latent_pooled,exact_sharing,4,50134,variance_estimation,134
1.448947613420093,qalt_pooled,alternating_variances,4,50134,variance_estimation,134
1.8523205239891212,full_latent_coordinatewise,alternating_variances,4,50134,variance_estimation,134
1.448947613420093,full_latent_pooled,alternating_variances,4,50134,variance_estimation,134
0.02134687291474724,qalt_pooled,exact_sharing,4,50135,variance_estimation,135
2.4143599307747974,full_latent_coordinatewise,exact_sharing,4,50135,variance_estimation,135
0.02134687291474724,full_latent_pooled,exact_sharing,4,50135,variance_estimation,135
1.3452267132438285,qalt_pooled,alternating_variances,4,50135,variance_estimation,135
1.7948140284210936,full_latent_coordinatewise,alternating_variances,4,50135,variance_estimation,135
1.3452267132438285,full_latent_pooled,alternating_variances,4,50135,variance_estimation,135
1.5951849634065285,qalt_pooled,exact_sharing,4,50136,variance_estimation,136
4.8462262823128235,full_latent_coordinatewise,exact_sharing,4,50136,variance_estimation,136
1.5951849634065285,full_latent_pooled,exact_sharing,4,50136,variance_estimation,136
1.573739699684884,qalt_pooled,alternating_variances,4,50136,variance_estimation,136
4.502411816665649,full_latent_coordinatewise,alternating_variances,4,50136,variance_estimation,136
1.573739699684884,full_latent_pooled,alternating_variances,4,50136,variance_estimation,136
0.01057395767089793,qalt_pooled,exact_sharing,4,50137,variance_estimation,137
26.227676328377413,full_latent_coordinatewise,exact_sharing,4,50137,variance_estimation,137
0.01057395767089793,full_latent_pooled,exact_sharing,4,50137,variance_estimation,137
1.7072068430462417,qalt_pooled,alternating_variances,4,50137,variance_estimation,137
2.8420188540273634,full_latent_coordinatewise,alternating_variances,4,50137,variance_estimation,137
1.7072068430462417,full_latent_pooled,alternating_variances,4,50137,variance_estimation,137
0.7213435334464993,qalt_pooled,exact_sharing,4,50138,variance_estimation,138
8.978157000394129,full_latent_coordinatewise,exact_sharing,4,50138,variance_estimation,138
0.7213435334464993,full_latent_pooled,exact_sharing,4,50138,variance_estimation,138
1.3392487650269094,qalt_pooled,alternating_variances,4,50138,variance_estimation,138
1.4140263041156609,full_latent_coordinatewise,alternating_variances,4,50138,variance_estimation,138
1.3392487650269094,full_latent_pooled,alternating_variances,4,50138,variance_estimation,138
0.007139768568056704,qalt_pooled,exact_sharing,4,50139,variance_estimation,139
3.9217904281351,full_latent_coordinatewise,exact_sharing,4,50139,variance_estimation,139
0.007139768568056704,full_latent_pooled,exact_sharing,4,50139,variance_estimation,139
1.7675681599297302,qalt_pooled,alternating_variances,4,50139,variance_estimation,139
3.5427494617869515,full_latent_coordinatewise,alternating_variances,4,50139,variance_estimation,139
1.7675681599297302,full_latent_pooled,alternating_variances,4,50139,variance_estimation,139
0.45606361642322857,qalt_pooled,exact_sharing,4,50140,variance_estimation,140
3.832101276189667,full_latent_coordinatewise,exact_sharing,4,50140,variance_estimation,140
0.45606361642322857,full_latent_pooled,exact_sharing,4,50140,variance_estimation,140
1.3398724633332808,qalt_pooled,alternating_variances,4,50140,variance_estimation,140
3.863081661005335,full_latent_coordinatewise,alternating_variances,4,50140,variance_estimation,140
1.3398724633332808,full_latent_pooled,alternating_variances,4,50140,variance_estimation,140
0.019871919786942777,qalt_pooled,exact_sharing,4,50141,variance_estimation,141
6.978589722026933,full_latent_coordinatewise,exact_sharing,4,50141,variance_estimation,141
0.019871919786942777,full_latent_pooled,exact_sharing,4,50141,variance_estimation,141
1.353882816480231,qalt_pooled,alternating_variances,4,50141,variance_estimation,141
3.6386909862561136,full_latent_coordinatewise,alternating_variances,4,50141,variance_estimation,141
1.353882816480231,full_latent_pooled,alternating_variances,4,50141,variance_estimation,141
0.1424534733303821,qalt_pooled,exact_sharing,4,50142,variance_estimation,142
2.338025790880024,full_latent_coordinatewise,exact_sharing,4,50142,variance_estimation,142
0.1424534733303821,full_latent_pooled,exact_sharing,4,50142,variance_estimation,142
1.855948099859097,qalt_pooled,alternating_variances,4,50142,variance_estimation,142
8.943676451711765,full_latent_coordinatewise,alternating_variances,4,50142,variance_estimation,142
1.855948099859097,full_latent_pooled,alternating_variances,4,50142,variance_estimation,142
0.00036235084627009306,qalt_pooled,exact_sharing,4,50143,variance_estimation,143
1.316266641468357,full_latent_coordinatewise,exact_sharing,4,50143,variance_estimation,143
0.00036235084627009306,full_latent_pooled,exact_sharing,4,50143,variance_estimation,143
1.4513821064390022,qalt_pooled,alternating_variances,4,50143,variance_estimation,143
2.566957313811108,full_latent_coordinatewise,alternating_variances,4,50143,variance_estimation,143
1.4513821064390022,full_latent_pooled,alternating_variances,4,50143,variance_estimation,143
0.12576487635006112,qalt_pooled,exact_sharing,4,50144,variance_estimation,144
17.94615639379342,full_latent_coordinatewise,exact_sharing,4,50144,variance_estimation,144
0.12576487635006112,full_latent_pooled,exact_sharing,4,50144,variance_estimation,144
1.3388630777675572,qalt_pooled,alternating_variances,4,50144,variance_estimation,144
2.1788987142474627,full_latent_coordinatewise,alternating_variances,4,50144,variance_estimation,144
1.3388630777675572,full_latent_pooled,alternating_variances,4,50144,variance_estimation,144
0.1999250069055819,qalt_pooled,exact_sharing,4,50145,variance_estimation,145
5.652001156004424,full_latent_coordinatewise,exact_sharing,4,50145,variance_estimation,145
0.1999250069055819,full_latent_pooled,exact_sharing,4,50145,variance_estimation,145
1.3399923293715998,qalt_pooled,alternating_variances,4,50145,variance_estimation,145
2.1841017449355387,full_latent_coordinatewise,alternating_variances,4,50145,variance_estimation,145
1.3399923293715998,full_latent_pooled,alternating_variances,4,50145,variance_estimation,145
0.19265250502532594,qalt_pooled,exact_sharing,4,50146,variance_estimation,146
1.707921089159488,full_latent_coordinatewise,exact_sharing,4,50146,variance_estimation,146
0.19265250502532594,full_latent_pooled,exact_sharing,4,50146,variance_estimation,146
1.4546048864638694,qalt_pooled,alternating_variances,4,50146,variance_estimation,146
0.5984707304556112,full_latent_coordinatewise,alternating_variances,4,50146,variance_estimation,146
1.4546048864638694,full_latent_pooled,alternating_variances,4,50146,variance_estimation,146
0.0014176991386492602,qalt_pooled,exact_sharing,4,50147,variance_estimation,147
4.64258396991182,full_latent_coordinatewise,exact_sharing,4,50147,variance_estimation,147
0.0014176991386492602,full_latent_pooled,exact_sharing,4,50147,variance_estimation,147
1.4476707573710206,qalt_pooled,alternating_variances,4,50147,variance_estimation,147
6.765205677420408,full_latent_coordinatewise,alternating_variances,4,50147,variance_estimation,147
1.4476707573710206,full_latent_pooled,alternating_variances,4,50147,variance_estimation,147
0.011544710108789033,qalt_pooled,exact_sharing,4,50148,variance_estimation,148
4.759619695295728,full_latent_coordinatewise,exact_sharing,4,50148,variance_estimation,148
0.011544710108789033,full_latent_pooled,exact_sharing,4,50148,variance_estimation,148
1.9694040464376426,qalt_pooled,alternating_variances,4,50148,variance_estimation,148
4.7837314040747225,full_latent_coordinatewise,alternating_variances,4,50148,variance_estimation,148
1.9694040464376426,full_latent_pooled,alternating_variances,4,50148,variance_estimation,148
0.24031510887276708,qalt_pooled,exact_sharing,4,50149,variance_estimation,149
22.096687775579642,full_latent_coordinatewise,exact_sharing,4,50149,variance_estimation,149
0.24031510887276708,full_latent_pooled,exact_sharing,4,50149,variance_estimation,149
1.6682549852277233,qalt_pooled,alternating_variances,4,50149,variance_estimation,149
1.8872233432692493,full_latent_coordinatewise,alternating_variances,4,50149,variance_estimation,149
1.6682549852277233,full_latent_pooled,alternating_variances,4,50149,variance_estimation,149
0.012457756123364444,qalt_pooled,exact_sharing,4,50150,variance_estimation,150
4.625028409406333,full_latent_coordinatewise,exact_sharing,4,50150,variance_estimation,150
0.012457756123364444,full_latent_pooled,exact_sharing,4,50150,variance_estimation,150
1.3500562249595105,qalt_pooled,alternating_variances,4,50150,variance_estimation,150
6.206189145153112,full_latent_coordinatewise,alternating_variances,4,50150,variance_estimation,150
1.3500562249595105,full_latent_pooled,alternating_variances,4,50150,variance_estimation,150
0.18458340684025798,qalt_pooled,exact_sharing,4,50151,variance_estimation,151
6.184799562572972,full_latent_coordinatewise,exact_sharing,4,50151,variance_estimation,151
0.18458340684025798,full_latent_pooled,exact_sharing,4,50151,variance_estimation,151
1.3475223495909394,qalt_pooled,alternating_variances,4,50151,variance_estimation,151
3.2058447753093366,full_latent_coordinatewise,alternating_variances,4,50151,variance_estimation,151
1.3475223495909394,full_latent_pooled,alternating_variances,4,50151,variance_estimation,151
0.034540932017898485,qalt_pooled,exact_sharing,4,50152,variance_estimation,152
3.059403528589418,full_latent_coordinatewise,exact_sharing,4,50152,variance_estimation,152
0.034540932017898485,full_latent_pooled,exact_sharing,4,50152,variance_estimation,152
1.4915213858845913,qalt_pooled,alternating_variances,4,50152,variance_estimation,152
5.27295698101294,full_latent_coordinatewise,alternating_variances,4,50152,variance_estimation,152
1.4915213858845913,full_latent_pooled,alternating_variances,4,50152,variance_estimation,152
0.295513385766074,qalt_pooled,exact_sharing,4,50153,variance_estimation,153
4.140313506651967,full_latent_coordinatewise,exact_sharing,4,50153,variance_estimation,153
0.295513385766074,full_latent_pooled,exact_sharing,4,50153,variance_estimation,153
1.3405576808209754,qalt_pooled,alternating_variances,4,50153,variance_estimation,153
1.6986602289669215,full_latent_coordinatewise,alternating_variances,4,50153,variance_estimation,153
1.3405576808209754,full_latent_pooled,alternating_variances,4,50153,variance_estimation,153
0.040668176201124145,qalt_pooled,exact_sharing,4,50154,variance_estimation,154
3.089260694780587,full_latent_coordinatewise,exact_sharing,4,50154,variance_estimation,154
0.040668176201124145,full_latent_pooled,exact_sharing,4,50154,variance_estimation,154
1.418617464507804,qalt_pooled,alternating_variances,4,50154,variance_estimation,154
3.045146416176502,full_latent_coordinatewise,alternating_variances,4,50154,variance_estimation,154
1.418617464507804,full_latent_pooled,alternating_variances,4,50154,variance_estimation,154
0.058010718389824634,qalt_pooled,exact_sharing,4,50155,variance_estimation,155
6.084915425647114,full_latent_coordinatewise,exact_sharing,4,50155,variance_estimation,155
0.058010718389824634,full_latent_pooled,exact_sharing,4,50155,variance_estimation,155
1.522097455402624,qalt_pooled,alternating_variances,4,50155,variance_estimation,155
3.6347336527559877,full_latent_coordinatewise,alternating_variances,4,50155,variance_estimation,155
1.522097455402624,full_latent_pooled,alternating_variances,4,50155,variance_estimation,155
0.26155538320556215,qalt_pooled,exact_sharing,4,50156,variance_estimation,156
2.9602008323518305,full_latent_coordinatewise,exact_sharing,4,50156,variance_estimation,156
0.26155538320556215,full_latent_pooled,exact_sharing,4,50156,variance_estimation,156
1.399552567475683,qalt_pooled,alternating_variances,4,50156,variance_estimation,156
5.698576506378447,full_latent_coordinatewise,alternating_variances,4,50156,variance_estimation,156
1.399552567475683,full_latent_pooled,alternating_variances,4,50156,variance_estimation,156
0.30768168125801476,qalt_pooled,exact_sharing,4,50157,variance_estimation,157
1.634371825360962,full_latent_coordinatewise,exact_sharing,4,50157,variance_estimation,157
0.30768168125801476,full_latent_pooled,exact_sharing,4,50157,variance_estimation,157
1.3579166581836484,qalt_pooled,alternating_variances,4,50157,variance_estimation,157
3.43894469054811,full_latent_coordinatewise,alternating_variances,4,50157,variance_estimation,157
1.3579166581836484,full_latent_pooled,alternating_variances,4,50157,variance_estimation,157
0.3893399979182086,qalt_pooled,exact_sharing,4,50158,variance_estimation,158
3.129956418579977,full_latent_coordinatewise,exact_sharing,4,50158,variance_estimation,158
0.3893399979182086,full_latent_pooled,exact_sharing,4,50158,variance_estimation,158
1.3668356364934326,qalt_pooled,alternating_variances,4,50158,variance_estimation,158
1.6826362370116912,full_latent_coordinatewise,alternating_variances,4,50158,variance_estimation,158
1.3668356364934326,full_latent_pooled,alternating_variances,4,50158,variance_estimation,158
0.01026279012317044,qalt_pooled,exact_sharing,4,50159,variance_estimation,159
12.126904904005897,full_latent_coordinatewise,exact_sharing,4,50159,variance_estimation,159
0.01026279012317044,full_latent_pooled,exact_sharing,4,50159,variance_estimation,159
1.4296988061477187,qalt_pooled,alternating_variances,4,50159,variance_estimation,159
2.00272490310147,full_latent_coordinatewise,alternating_variances,4,50159,variance_estimation,159
1.4296988061477187,full_latent_pooled,alternating_variances,4,50159,variance_estimation,159
0.4341263094486818,qalt_pooled,exact_sharing,4,50160,variance_estimation,160
3.7952964484090086,full_latent_coordinatewise,exact_sharing,4,50160,variance_estimation,160
0.4341263094486818,full_latent_pooled,exact_sharing,4,50160,variance_estimation,160
1.3542902497636478,qalt_pooled,alternating_variances,4,50160,variance_estimation,160
3.144627832513439,full_latent_coordinatewise,alternating_variances,4,50160,variance_estimation,160
1.3542902497636478,full_latent_pooled,alternating_variances,4,50160,variance_estimation,160
0.00010753432466660551,qalt_pooled,exact_sharing,4,50161,variance_estimation,161
1.6651626882478807,full_latent_coordinatewise,exact_sharing,4,50161,variance_estimation,161
0.00010753432466660551,full_latent_pooled,exact_sharing,4,50161,variance_estimation,161
1.3391037056409758,qalt_pooled,alternating_variances,4,50161,variance_estimation,161
5.799566349570126,full_latent_coordinatewise,alternating_variances,4,50161,variance_estimation,161
1.3391037056409758,full_latent_pooled,alternating_variances,4,50161,variance_estimation,161
0.25791413341432545,qalt_pooled,exact_sharing,4,50162,variance_estimation,162
1.0151304567522133,full_latent_coordinatewise,exact_sharing,4,50162,variance_estimation,162
0.25791413341432545,full_latent_pooled,exact_sharing,4,50162,variance_estimation,162
1.9016880086736612,qalt_pooled,alternating_variances,4,50162,variance_estimation,162
1.2818860274547876,full_latent_coordinatewise,alternating_variances,4,50162,variance_estimation,162
1.9016880086736612,full_latent_pooled,alternating_variances,4,50162,variance_estimation,162
0.035845092888537794,qalt_pooled,exact_sharing,4,50163,variance_estimation,163
1.7335396675988366,full_latent_coordinatewise,exact_sharing,4,50163,variance_estimation,163
0.035845092888537794,full_latent_pooled,exact_sharing,4,50163,variance_estimation,163
1.8674191385136945,qalt_pooled,alternating_variances,4,50163,variance_estimation,163
3.839160443741589,full_latent_coordinatewise,alternating_variances,4,50163,variance_estimation,163
1.8674191385136945,full_latent_pooled,alternating_variances,4,50163,variance_estimation,163
0.0568008090536698,qalt_pooled,exact_sharing,4,50164,variance_estimation,164
2.2541822232323234,full_latent_coordinatewise,exact_sharing,4,50164,variance_estimation,164
0.0568008090536698,full_latent_pooled,exact_sharing,4,50164,variance_estimation,164
1.3963428252847703,qalt_pooled,alternating_variances,4,50164,variance_estimation,164
3.5398111149998748,full_latent_coordinatewise,alternating_variances,4,50164,variance_estimation,164
1.3963428252847703,full_latent_pooled,alternating_variances,4,50164,variance_estimation,164
0.008796506682669,qalt_pooled,exact_sharing,4,50165,variance_estimation,165
2.914154364970238,full_latent_coordinatewise,exact_sharing,4,50165,variance_estimation,165
0.008796506682669,full_latent_pooled,exact_sharing,4,50165,variance_estimation,165
1.6827622148376065,qalt_pooled,alternating_variances,4,50165,variance_estimation,165
8.5902914305474,full_latent_coordinatewise,alternating_variances,4,50165,variance_estimation,165
1.6827622148376065,full_latent_pooled,alternating_variances,4,50165,variance_estimation,165
0.026948040535992646,qalt_pooled,exact_sharing,4,50166,variance_estimation,166
5.239820776579012,full_latent_coordinatewise,exact_sharing,4,50166,variance_estimation,166
0.026948040535992646,full_latent_pooled,exact_sharing,4,50166,variance_estimation,166
1.339521906573077,qalt_pooled,alternating_variances,4,50166,variance_estimation,166
4.146790008269995,full_latent_coordinatewise,alternating_variances,4,50166,variance_estimation,166
1.339521906573077,full_latent_pooled,alternating_variances,4,50166,variance_estimation,166
0.2501861792826192,qalt_pooled,exact_sharing,4,50167,variance_estimation,167
2.7587259943696063,full_latent_coordinatewise,exact_sharing,4,50167,variance_estimation,167
0.2501861792826192,full_latent_pooled,exact_sharing,4,50167,variance_estimation,167
1.3447263947255004,qalt_pooled,alternating_variances,4,50167,variance_estimation,167
2.21153781527118,full_latent_coordinatewise,alternating_variances,4,50167,variance_estimation,167
1.3447263947255004,full_latent_pooled,alternating_variances,4,50167,variance_estimation,167
0.03373325156086754,qalt_pooled,exact_sharing,4,50168,variance_estimation,168
2.2633174592136576,full_latent_coordinatewise,exact_sharing,4,50168,variance_estimation,168
0.03373325156086754,full_latent_pooled,exact_sharing,4,50168,variance_estimation,168
1.3721779119071091,qalt_pooled,alternating_variances,4,50168,variance_estimation,168
1.3929596649091889,full_latent_coordinatewise,alternating_variances,4,50168,variance_estimation,168
1.3721779119071091,full_latent_pooled,alternating_variances,4,50168,variance_estimation,168
0.5175792870870781,qalt_pooled,exact_sharing,4,50169,variance_estimation,169
5.578359028022039,full_latent_coordinatewise,exact_sharing,4,50169,variance_estimation,169
0.5175792870870781,full_latent_pooled,exact_sharing,4,50169,variance_estimation,169
1.611880809316077,qalt_pooled,alternating_variances,4,50169,variance_estimation,169
8.275498074206926,full_latent_coordinatewise,alternating_variances,4,50169,variance_estimation,169
1.611880809316077,full_latent_pooled,alternating_variances,4,50169,variance_estimation,169
0.017173003898976136,qalt_pooled,exact_sharing,4,50170,variance_estimation,170
3.9380829120899516,full_latent_coordinatewise,exact_sharing,4,50170,variance_estimation,170
0.017173003898976136,full_latent_pooled,exact_sharing,4,50170,variance_estimation,170
1.3569434766635216,qalt_pooled,alternating_variances,4,50170,variance_estimation,170
4.7068962391904625,full_latent_coordinatewise,alternating_variances,4,50170,variance_estimation,170
1.3569434766635216,full_latent_pooled,alternating_variances,4,50170,variance_estimation,170
0.007048971128634743,qalt_pooled,exact_sharing,4,50171,variance_estimation,171
1.7355435136809128,full_latent_coordinatewise,exact_sharing,4,50171,variance_estimation,171
0.007048971128634743,full_latent_pooled,exact_sharing,4,50171,variance_estimation,171
1.4134050465768615,qalt_pooled,alternating_variances,4,50171,variance_estimation,171
2.864141775393938,full_latent_coordinatewise,alternating_variances,4,50171,variance_estimation,171
1.4134050465768615,full_latent_pooled,alternating_variances,4,50171,variance_estimation,171
0.0047891245773793445,qalt_pooled,exact_sharing,4,50172,variance_estimation,172
1.6574926586718044,full_latent_coordinatewise,exact_sharing,4,50172,variance_estimation,172
0.0047891245773793445,full_latent_pooled,exact_sharing,4,50172,variance_estimation,172
1.4541901057199247,qalt_pooled,alternating_variances,4,50172,variance_estimation,172
1.7856465435846047,full_latent_coordinatewise,alternating_variances,4,50172,variance_estimation,172
1.4541901057199247,full_latent_pooled,alternating_variances,4,50172,variance_estimation,172
0.18425221146355897,qalt_pooled,exact_sharing,4,50173,variance_estimation,173
2.51016865866845,full_latent_coordinatewise,exact_sharing,4,50173,variance_estimation,173
0.18425221146355897,full_latent_pooled,exact_sharing,4,50173,variance_estimation,173
1.5193883911401216,qalt_pooled,alternating_variances,4,50173,variance_estimation,173
4.36012827461553,full_latent_coordinatewise,alternating_variances,4,50173,variance_estimation,173
1.5193883911401216,full_latent_pooled,alternating_variances,4,50173,variance_estimation,173
0.04041989501620594,qalt_pooled,exact_sharing,4,50174,variance_estimation,174
1.3383619847508932,full_latent_coordinatewise,exact_sharing,4,50174,variance_estimation,174
0.04041989501620594,full_latent_pooled,exact_sharing,4,50174,variance_estimation,174
1.3674544622181168,qalt_pooled,alternating_variances,4,50174,variance_estimation,174
7.324312976251644,full_latent_coordinatewise,alternating_variances,4,50174,variance_estimation,174
1.3674544622181168,full_latent_pooled,alternating_variances,4,50174,variance_estimation,174
0.0015419097190228284,qalt_pooled,exact_sharing,4,50175,variance_estimation,175
3.575505450878963,full_latent_coordinatewise,exact_sharing,4,50175,variance_estimation,175
0.0015419097190228284,full_latent_pooled,exact_sharing,4,50175,variance_estimation,175
1.3456435349583427,qalt_pooled,alternating_variances,4,50175,variance_estimation,175
4.713195171729908,full_latent_coordinatewise,alternating_variances,4,50175,variance_estimation,175
1.3456435349583427,full_latent_pooled,alternating_variances,4,50175,variance_estimation,175
0.01162015709624753,qalt_pooled,exact_sharing,4,50176,variance_estimation,176
0.7679798936052543,full_latent_coordinatewise,exact_sharing,4,50176,variance_estimation,176
0.01162015709624753,full_latent_pooled,exact_sharing,4,50176,variance_estimation,176
1.6521813401479415,qalt_pooled,alternating_variances,4,50176,variance_estimation,176
3.784151033747389,full_latent_coordinatewise,alternating_variances,4,50176,variance_estimation,176
1.6521813401479415,full_latent_pooled,alternating_variances,4,50176,variance_estimation,176
0.0011620547010886065,qalt_pooled,exact_sharing,4,50177,variance_estimation,177
7.967526244036211,full_latent_coordinatewise,exact_sharing,4,50177,variance_estimation,177
0.0011620547010886065,full_latent_pooled,exact_sharing,4,50177,variance_estimation,177
1.3858908871611277,qalt_pooled,alternating_variances,4,50177,variance_estimation,177
3.0952118181685213,full_latent_coordinatewise,alternating_variances,4,50177,variance_estimation,177
1.3858908871611277,full_latent_pooled,alternating_variances,4,50177,variance_estimation,177
0.0029105787609091313,qalt_pooled,exact_sharing,4,50178,variance_estimation,178
3.7520962126181208,full_latent_coordinatewise,exact_sharing,4,50178,variance_estimation,178
0.0029105787609091313,full_latent_pooled,exact_sharing,4,50178,variance_estimation,178
1.437703557638273,qalt_pooled,alternating_variances,4,50178,variance_estimation,178
1.283967452310275,full_latent_coordinatewise,alternating_variances,4,50178,variance_estimation,178
1.437703557638273,full_latent_pooled,alternating_variances,4,50178,variance_estimation,178
0.010619883310267919,qalt_pooled,exact_sharing,4,50179,variance_estimation,179
6.294461203303197,full_latent_coordinatewise,exact_sharing,4,50179,variance_estimation,179
0.010619883310267919,full_latent_pooled,exact_sharing,4,50179,variance_estimation,179
1.3961375694801283,qalt_pooled,alternating_variances,4,50179,variance_estimation,179
3.602103421019227,full_latent_coordinatewise,alternating_variances,4,50179,variance_estimation,179
1.3961375694801283,full_latent_pooled,alternating_variances,4,50179,variance_estimation,179
0.21988189550371262,qalt_pooled,exact_sharing,4,50180,variance_estimation,180
31.700775448082418,full_latent_coordinatewise,exact_sharing,4,50180,variance_estimation,180
0.21988189550371262,full_latent_pooled,exact_sharing,4,50180,variance_estimation,180
1.3446589658351282,qalt_pooled,alternating_variances,4,50180,variance_estimation,180
1.953342298370668,full_latent_coordinatewise,alternating_variances,4,50180,variance_estimation,180
1.3446589658351282,full_latent_pooled,alternating_variances,4,50180,variance_estimation,180
0.3572125697598738,qalt_pooled,exact_sharing,4,50181,variance_estimation,181
2.6563221870842866,full_latent_coordinatewise,exact_sharing,4,50181,variance_estimation,181
0.3572125697598738,full_latent_pooled,exact_sharing,4,50181,variance_estimation,181
1.3947448811498924,qalt_pooled,alternating_variances,4,50181,variance_estimation,181
0.6832088382136232,full_latent_coordinatewise,alternating_variances,4,50181,variance_estimation,181
1.3947448811498924,full_latent_pooled,alternating_variances,4,50181,variance_estimation,181
0.006766113033952401,qalt_pooled,exact_sharing,4,50182,variance_estimation,182
0.5220654267736384,full_latent_coordinatewise,exact_sharing,4,50182,variance_estimation,182
0.006766113033952401,full_latent_pooled,exact_sharing,4,50182,variance_estimation,182
1.4011841548235378,qalt_pooled,alternating_variances,4,50182,variance_estimation,182
4.250461466397983,full_latent_coordinatewise,alternating_variances,4,50182,variance_estimation,182
1.4011841548235378,full_latent_pooled,alternating_variances,4,50182,variance_estimation,182
0.5165684997374103,qalt_pooled,exact_sharing,4,50183,variance_estimation,183
3.1797923138466855,full_latent_coordinatewise,exact_sharing,4,50183,variance_estimation,183
0.5165684997374103,full_latent_pooled,exact_sharing,4,50183,variance_estimation,183
1.339613462265779,qalt_pooled,alternating_variances,4,50183,variance_estimation,183
2.6689571580516387,full_latent_coordinatewise,alternating_variances,4,50183,variance_estimation,183
1.339613462265779,full_latent_pooled,alternating_variances,4,50183,variance_estimation,183
0.0034517019457671883,qalt_pooled,exact_sharing,4,50184,variance_estimation,184
1.6679587956455348,full_latent_coordinatewise,exact_sharing,4,50184,variance_estimation,184
0.0034517019457671883,full_latent_pooled,exact_sharing,4,50184,variance_estimation,184
1.5668156556644917,qalt_pooled,alternating_variances,4,50184,variance_estimation,184
7.330268357826855,full_latent_coordinatewise,alternating_variances,4,50184,variance_estimation,184
1.5668156556644917,full_latent_pooled,alternating_variances,4,50184,variance_estimation,184
0.04519102709526662,qalt_pooled,exact_sharing,4,50185,variance_estimation,185
7.966042861536789,full_latent_coordinatewise,exact_sharing,4,50185,variance_estimation,185
0.04519102709526662,full_latent_pooled,exact_sharing,4,50185,variance_estimation,185
1.366755432384166,qalt_pooled,alternating_variances,4,50185,variance_estimation,185
1.8361869036044263,full_latent_coordinatewise,alternating_variances,4,50185,variance_estimation,185
1.366755432384166,full_latent_pooled,alternating_variances,4,50185,variance_estimation,185
0.007831497135655285,qalt_pooled,exact_sharing,4,50186,variance_estimation,186
2.19009575812973,full_latent_coordinatewise,exact_sharing,4,50186,variance_estimation,186
0.007831497135655285,full_latent_pooled,exact_sharing,4,50186,variance_estimation,186
1.3390013836666552,qalt_pooled,alternating_variances,4,50186,variance_estimation,186
2.303217854337535,full_latent_coordinatewise,alternating_variances,4,50186,variance_estimation,186
1.3390013836666552,full_latent_pooled,alternating_variances,4,50186,variance_estimation,186
0.07835152631780568,qalt_pooled,exact_sharing,4,50187,variance_estimation,187
3.141737378655251,full_latent_coordinatewise,exact_sharing,4,50187,variance_estimation,187
0.07835152631780568,full_latent_pooled,exact_sharing,4,50187,variance_estimation,187
1.3491977665496606,qalt_pooled,alternating_variances,4,50187,variance_estimation,187
2.076875604579735,full_latent_coordinatewise,alternating_variances,4,50187,variance_estimation,187
1.3491977665496606,full_latent_pooled,alternating_variances,4,50187,variance_estimation,187
0.004729053264198174,qalt_pooled,exact_sharing,4,50188,variance_estimation,188
5.151659084847532,full_latent_coordinatewise,exact_sharing,4,50188,variance_estimation,188
0.004729053264198174,full_latent_pooled,exact_sharing,4,50188,variance_estimation,188
1.5237981910774527,qalt_pooled,alternating_variances,4,50188,variance_estimation,188
2.7608929132273716,full_latent_coordinatewise,alternating_variances,4,50188,variance_estimation,188
1.5237981910774527,full_latent_pooled,alternating_variances,4,50188,variance_estimation,188
1.04127003263226,qalt_pooled,exact_sharing,4,50189,variance_estimation,189
8.640715562449149,full_latent_coordinatewise,exact_sharing,4,50189,variance_estimation,189
1.04127003263226,full_latent_pooled,exact_sharing,4,50189,variance_estimation,189
1.5646729595664566,qalt_pooled,alternating_variances,4,50189,variance_estimation,189
4.244269461792646,full_latent_coordinatewise,alternating_variances,4,50189,variance_estimation,189
1.5646729595664566,full_latent_pooled,alternating_variances,4,50189,variance_estimation,189
0.0020721048320116314,qalt_pooled,exact_sharing,4,50190,variance_estimation,190
21.486336634705403,full_latent_coordinatewise,exact_sharing,4,50190,variance_estimation,190
0.0020721048320116314,full_latent_pooled,exact_sharing,4,50190,variance_estimation,190
1.637921251965708,qalt_pooled,alternating_variances,4,50190,variance_estimation,190
4.638494818714678,full_latent_coordinatewise,alternating_variances,4,50190,variance_estimation,190
1.637921251965708,full_latent_pooled,alternating_variances,4,50190,variance_estimation,190
3.831771092453577e-05,qalt_pooled,exact_sharing,4,50191,variance_estimation,191
2.396732692436581,full_latent_coordinatewise,exact_sharing,4,50191,variance_estimation,191
3.831771092453577e-05,full_latent_pooled,exact_sharing,4,50191,variance_estimation,191
1.4533459220028355,qalt_pooled,alternating_variances,4,50191,variance_estimation,191
2.2773541091883316,full_latent_coordinatewise,alternating_variances,4,50191,variance_estimation,191
1.4533459220028355,full_latent_pooled,alternating_variances,4,50191,variance_estimation,191
0.018779214814089007,qalt_pooled,exact_sharing,4,50192,variance_estimation,192
1.4560025720542078,full_latent_coordinatewise,exact_sharing,4,50192,variance_estimation,192
0.018779214814089007,full_latent_pooled,exact_sharing,4,50192,variance_estimation,192
1.3549983860734383,qalt_pooled,alternating_variances,4,50192,variance_estimation,192
8.103241558934812,full_latent_coordinatewise,alternating_variances,4,50192,variance_estimation,192
1.3549983860734383,full_latent_pooled,alternating_variances,4,50192,variance_estimation,192
0.05180745613297483,qalt_pooled,exact_sharing,4,50193,variance_estimation,193
3.9982163803313324,full_latent_coordinatewise,exact_sharing,4,50193,variance_estimation,193
0.05180745613297483,full_latent_pooled,exact_sharing,4,50193,variance_estimation,193
1.4598280705557882,qalt_pooled,alternating_variances,4,50193,variance_estimation,193
0.681384992126792,full_latent_coordinatewise,alternating_variances,4,50193,variance_estimation,193
1.4598280705557882,full_latent_pooled,alternating_variances,4,50193,variance_estimation,193
0.04139677384915888,qalt_pooled,exact_sharing,4,50194,variance_estimation,194
3.6393858360628464,full_latent_coordinatewise,exact_sharing,4,50194,variance_estimation,194
0.04139677384915888,full_latent_pooled,exact_sharing,4,50194,variance_estimation,194
1.4960879241734393,qalt_pooled,alternating_variances,4,50194,variance_estimation,194
2.5523129518694945,full_latent_coordinatewise,alternating_variances,4,50194,variance_estimation,194
1.4960879241734393,full_latent_pooled,alternating_variances,4,50194,variance_estimation,194
0.09612504225380819,qalt_pooled,exact_sharing,4,50195,variance_estimation,195
1.672547759840171,full_latent_coordinatewise,exact_sharing,4,50195,variance_estimation,195
0.09612504225380819,full_latent_pooled,exact_sharing,4,50195,variance_estimation,195
1.6339192182065014,qalt_pooled,alternating_variances,4,50195,variance_estimation,195
6.757891753557841,full_latent_coordinatewise,alternating_variances,4,50195,variance_estimation,195
1.6339192182065014,full_latent_pooled,alternating_variances,4,50195,variance_estimation,195
1.0567903946572392,qalt_pooled,exact_sharing,4,50196,variance_estimation,196
5.885235357334843,full_latent_coordinatewise,exact_sharing,4,50196,variance_estimation,196
1.0567903946572392,full_latent_pooled,exact_sharing,4,50196,variance_estimation,196
1.416306359808958,qalt_pooled,alternating_variances,4,50196,variance_estimation,196
1.6518919093152407,full_latent_coordinatewise,alternating_variances,4,50196,variance_estimation,196
1.416306359808958,full_latent_pooled,alternating_variances,4,50196,variance_estimation,196
0.2448427246813365,qalt_pooled,exact_sharing,4,50197,variance_estimation,197
5.6970665630325685,full_latent_coordinatewise,exact_sharing,4,50197,variance_estimation,197
0.2448427246813365,full_latent_pooled,exact_sharing,4,50197,variance_estimation,197
1.904241742988529,qalt_pooled,alternating_variances,4,50197,variance_estimation,197
10.606757028653464,full_latent_coordinatewise,alternating_variances,4,50197,variance_estimation,197
1.904241742988529,full_latent_pooled,alternating_variances,4,50197,variance_estimation,197
0.4894856133739376,qalt_pooled,exact_sharing,4,50198,variance_estimation,198
3.5375404002423245,full_latent_coordinatewise,exact_sharing,4,50198,variance_estimation,198
0.4894856133739376,full_latent_pooled,exact_sharing,4,50198,variance_estimation,198
1.4575496132660413,qalt_pooled,alternating_variances,4,50198,variance_estimation,198
7.274191397523366,full_latent_coordinatewise,alternating_variances,4,50198,variance_estimation,198
1.4575496132660413,full_latent_pooled,alternating_variances,4,50198,variance_estimation,198
0.014550774147798845,qalt_pooled,exact_sharing,4,50199,variance_estimation,199
3.1345876739440817,full_latent_coordinatewise,exact_sharing,4,50199,variance_estimation,199
0.014550774147798845,full_latent_pooled,exact_sharing,4,50199,variance_estimation,199
1.375903229734667,qalt_pooled,alternating_variances,4,50199,variance_estimation,199
1.138007456178802,full_latent_coordinatewise,alternating_variances,4,50199,variance_estimation,199
1.375903229734667,full_latent_pooled,alternating_variances,4,50199,variance_estimation,199
0.003910895367893796,qalt_pooled,exact_sharing,8,90000,variance_estimation,0
0.5800749280728436,full_latent_coordinatewise,exact_sharing,8,90000,variance_estimation,0
0.003910895367893796,full_latent_pooled,exact_sharing,8,90000,variance_estimation,0
1.3396810968978028,qalt_pooled,alternating_variances,8,90000,variance_estimation,0
1.580328920678645,full_latent_coordinatewise,alternating_variances,8,90000,variance_estimation,0
1.3396810968978028,full_latent_pooled,alternating_variances,8,90000,variance_estimation,0
0.003646303957109104,qalt_pooled,exact_sharing,8,90001,variance_estimation,1
0.5111557071855067,full_latent_coordinatewise,exact_sharing,8,90001,variance_estimation,1
0.003646303957109104,full_latent_pooled,exact_sharing,8,90001,variance_estimation,1
1.4074309829052252,qalt_pooled,alternating_variances,8,90001,variance_estimation,1
1.4565532992482164,full_latent_coordinatewise,alternating_variances,8,90001,variance_estimation,1
1.4074309829052252,full_latent_pooled,alternating_variances,8,90001,variance_estimation,1
0.03963948636583936,qalt_pooled,exact_sharing,8,90002,variance_estimation,2
1.0369449287832562,full_latent_coordinatewise,exact_sharing,8,90002,variance_estimation,2
0.03963948636583936,full_latent_pooled,exact_sharing,8,90002,variance_estimation,2
1.4337101157088508,qalt_pooled,alternating_variances,8,90002,variance_estimation,2
1.3002829192122578,full_latent_coordinatewise,alternating_variances,8,90002,variance_estimation,2
1.4337101157088508,full_latent_pooled,alternating_variances,8,90002,variance_estimation,2
0.0008450878635386516,qalt_pooled,exact_sharing,8,90003,variance_estimation,3
0.8671181031015966,full_latent_coordinatewise,exact_sharing,8,90003,variance_estimation,3
0.0008450878635386516,full_latent_pooled,exact_sharing,8,90003,variance_estimation,3
1.3400750520159965,qalt_pooled,alternating_variances,8,90003,variance_estimation,3
0.3474895538216545,full_latent_coordinatewise,alternating_variances,8,90003,variance_estimation,3
1.3400750520159965,full_latent_pooled,alternating_variances,8,90003,variance_estimation,3
0.10696754878110831,qalt_pooled,exact_sharing,8,90004,variance_estimation,4
0.6987716426997487,full_latent_coordinatewise,exact_sharing,8,90004,variance_estimation,4
0.10696754878110831,full_latent_pooled,exact_sharing,8,90004,variance_estimation,4
1.7150981181406617,qalt_pooled,alternating_variances,8,90004,variance_estimation,4
1.0490982034972267,full_latent_coordinatewise,alternating_variances,8,90004,variance_estimation,4
1.7150981181406617,full_latent_pooled,alternating_variances,8,90004,variance_estimation,4
0.03569522880356363,qalt_pooled,exact_sharing,8,90005,variance_estimation,5
1.1398048145293893,full_latent_coordinatewise,exact_sharing,8,90005,variance_estimation,5
0.03569522880356363,full_latent_pooled,exact_sharing,8,90005,variance_estimation,5
1.4008398681167566,qalt_pooled,alternating_variances,8,90005,variance_estimation,5
4.696983110796232,full_latent_coordinatewise,alternating_variances,8,90005,variance_estimation,5
1.4008398681167566,full_latent_pooled,alternating_variances,8,90005,variance_estimation,5
0.08133406272315613,qalt_pooled,exact_sharing,8,90006,variance_estimation,6
0.40975127685219914,full_latent_coordinatewise,exact_sharing,8,90006,variance_estimation,6
0.08133406272315613,full_latent_pooled,exact_sharing,8,90006,variance_estimation,6
1.343500315065616,qalt_pooled,alternating_variances,8,90006,variance_estimation,6
0.4951638039079776,full_latent_coordinatewise,alternating_variances,8,90006,variance_estimation,6
1.343500315065616,full_latent_pooled,alternating_variances,8,90006,variance_estimation,6
0.041070076103788045,qalt_pooled,exact_sharing,8,90007,variance_estimation,7
1.4387173769130082,full_latent_coordinatewise,exact_sharing,8,90007,variance_estimation,7
0.041070076103788045,full_latent_pooled,exact_sharing,8,90007,variance_estimation,7
1.4943717044984677,qalt_pooled,alternating_variances,8,90007,variance_estimation,7
0.6636913441355201,full_latent_coordinatewise,alternating_variances,8,90007,variance_estimation,7
1.4943717044984677,full_latent_pooled,alternating_variances,8,90007,variance_estimation,7
0.032521871671604086,qalt_pooled,exact_sharing,8,90008,variance_estimation,8
1.1745938633416089,full_latent_coordinatewise,exact_sharing,8,90008,variance_estimation,8
0.032521871671604086,full_latent_pooled,exact_sharing,8,90008,variance_estimation,8
1.3646474822382593,qalt_pooled,alternating_variances,8,90008,variance_estimation,8
0.9357114205599637,full_latent_coordinatewise,alternating_variances,8,90008,variance_estimation,8
1.3646474822382593,full_latent_pooled,alternating_variances,8,90008,variance_estimation,8
0.04627459628760264,qalt_pooled,exact_sharing,8,90009,variance_estimation,9
1.0045149590292257,full_latent_coordinatewise,exact_sharing,8,90009,variance_estimation,9
0.04627459628760264,full_latent_pooled,exact_sharing,8,90009,variance_estimation,9
1.351388888953589,qalt_pooled,alternating_variances,8,90009,variance_estimation,9
1.3860234139672476,full_latent_coordinatewise,alternating_variances,8,90009,variance_estimation,9
1.351388888953589,full_latent_pooled,alternating_variances,8,90009,variance_estimation,9
0.009416684629334635,qalt_pooled,exact_sharing,8,90010,variance_estimation,10
0.6922945119588129,full_latent_coordinatewise,exact_sharing,8,90010,variance_estimation,10
0.009416684629334635,full_latent_pooled,exact_sharing,8,90010,variance_estimation,10
1.4392606461835884,qalt_pooled,alternating_variances,8,90010,variance_estimation,10
0.6017739041883368,full_latent_coordinatewise,alternating_variances,8,90010,variance_estimation,10
1.4392606461835884,full_latent_pooled,alternating_variances,8,90010,variance_estimation,10
0.037453038260679083,qalt_pooled,exact_sharing,8,90011,variance_estimation,11
3.429032083715469,full_latent_coordinatewise,exact_sharing,8,90011,variance_estimation,11
0.037453038260679083,full_latent_pooled,exact_sharing,8,90011,variance_estimation,11
1.3407825066314532,qalt_pooled,alternating_variances,8,90011,variance_estimation,11
0.4240219811071447,full_latent_coordinatewise,alternating_variances,8,90011,variance_estimation,11
1.3407825066314532,full_latent_pooled,alternating_variances,8,90011,variance_estimation,11
0.11788226444746591,qalt_pooled,exact_sharing,8,90012,variance_estimation,12
2.4583309127135893,full_latent_coordinatewise,exact_sharing,8,90012,variance_estimation,12
0.11788226444746591,full_latent_pooled,exact_sharing,8,90012,variance_estimation,12
1.3601829319030536,qalt_pooled,alternating_variances,8,90012,variance_estimation,12
2.093889685235473,full_latent_coordinatewise,alternating_variances,8,90012,variance_estimation,12
1.3601829319030536,full_latent_pooled,alternating_variances,8,90012,variance_estimation,12
0.032278521819449596,qalt_pooled,exact_sharing,8,90013,variance_estimation,13
0.24998415859966613,full_latent_coordinatewise,exact_sharing,8,90013,variance_estimation,13
0.032278521819449596,full_latent_pooled,exact_sharing,8,90013,variance_estimation,13
1.3665840926297204,qalt_pooled,alternating_variances,8,90013,variance_estimation,13
0.599481519803261,full_latent_coordinatewise,alternating_variances,8,90013,variance_estimation,13
1.3665840926297204,full_latent_pooled,alternating_variances,8,90013,variance_estimation,13
0.01904466240003347,qalt_pooled,exact_sharing,8,90014,variance_estimation,14
0.7673413036549033,full_latent_coordinatewise,exact_sharing,8,90014,variance_estimation,14
0.01904466240003347,full_latent_pooled,exact_sharing,8,90014,variance_estimation,14
1.3936516604360958,qalt_pooled,alternating_variances,8,90014,variance_estimation,14
0.8683740297704828,full_latent_coordinatewise,alternating_variances,8,90014,variance_estimation,14
1.3936516604360958,full_latent_pooled,alternating_variances,8,90014,variance_estimation,14
0.008633489612946854,qalt_pooled,exact_sharing,8,90015,variance_estimation,15
0.4995477250634498,full_latent_coordinatewise,exact_sharing,8,90015,variance_estimation,15
0.008633489612946854,full_latent_pooled,exact_sharing,8,90015,variance_estimation,15
1.3429827698270156,qalt_pooled,alternating_variances,8,90015,variance_estimation,15
1.8175154239237032,full_latent_coordinatewise,alternating_variances,8,90015,variance_estimation,15
1.3429827698270156,full_latent_pooled,alternating_variances,8,90015,variance_estimation,15
0.12010984241800704,qalt_pooled,exact_sharing,8,90016,variance_estimation,16
0.3685733091933226,full_latent_coordinatewise,exact_sharing,8,90016,variance_estimation,16
0.12010984241800704,full_latent_pooled,exact_sharing,8,90016,variance_estimation,16
1.33909217263928,qalt_pooled,alternating_variances,8,90016,variance_estimation,16
0.8301121297387166,full_latent_coordinatewise,alternating_variances,8,90016,variance_estimation,16
1.33909217263928,full_latent_pooled,alternating_variances,8,90016,variance_estimation,16
0.0001987218493116165,qalt_pooled,exact_sharing,8,90017,variance_estimation,17
0.4968492774155753,full_latent_coordinatewise,exact_sharing,8,90017,variance_estimation,17
0.0001987218493116165,full_latent_pooled,exact_sharing,8,90017,variance_estimation,17
1.3681529886311583,qalt_pooled,alternating_variances,8,90017,variance_estimation,17
1.6436600794404295,full_latent_coordinatewise,alternating_variances,8,90017,variance_estimation,17
1.3681529886311583,full_latent_pooled,alternating_variances,8,90017,variance_estimation,17
0.02966615324609187,qalt_pooled,exact_sharing,8,90018,variance_estimation,18
1.1560943283747782,full_latent_coordinatewise,exact_sharing,8,90018,variance_estimation,18
0.02966615324609187,full_latent_pooled,exact_sharing,8,90018,variance_estimation,18
1.343138939818442,qalt_pooled,alternating_variances,8,90018,variance_estimation,18
0.8506084883318464,full_latent_coordinatewise,alternating_variances,8,90018,variance_estimation,18
1.343138939818442,full_latent_pooled,alternating_variances,8,90018,variance_estimation,18
0.19361141908979007,qalt_pooled,exact_sharing,8,90019,variance_estimation,19
0.9929454497116854,full_latent_coordinatewise,exact_sharing,8,90019,variance_estimation,19
0.19361141908979007,full_latent_pooled,exact_sharing,8,90019,variance_estimation,19
1.3950266652983636,qalt_pooled,alternating_variances,8,90019,variance_estimation,19
1.1588655707019895,full_latent_coordinatewise,alternating_variances,8,90019,variance_estimation,19
1.3950266652983636,full_latent_pooled,alternating_variances,8,90019,variance_estimation,19
0.0006464085797383175,qalt_pooled,exact_sharing,8,90020,variance_estimation,20
1.738289876022122,full_latent_coordinatewise,exact_sharing,8,90020,variance_estimation,20
0.0006464085797383175,full_latent_pooled,exact_sharing,8,90020,variance_estimation,20
1.3660523083109628,qalt_pooled,alternating_variances,8,90020,variance_estimation,20
0.8742396850690498,full_latent_coordinatewise,alternating_variances,8,90020,variance_estimation,20
1.3660523083109628,full_latent_pooled,alternating_variances,8,90020,variance_estimation,20
0.025604202163108575,qalt_pooled,exact_sharing,8,90021,variance_estimation,21
0.510742300755852,full_latent_coordinatewise,exact_sharing,8,90021,variance_estimation,21
0.025604202163108575,full_latent_pooled,exact_sharing,8,90021,variance_estimation,21
1.3597172846028547,qalt_pooled,alternating_variances,8,90021,variance_estimation,21
1.3759825782441297,full_latent_coordinatewise,alternating_variances,8,90021,variance_estimation,21
1.3597172846028547,full_latent_pooled,alternating_variances,8,90021,variance_estimation,21
0.10053196304336248,qalt_pooled,exact_sharing,8,90022,variance_estimation,22
2.83650717480421,full_latent_coordinatewise,exact_sharing,8,90022,variance_estimation,22
0.10053196304336248,full_latent_pooled,exact_sharing,8,90022,variance_estimation,22
1.375900480061228,qalt_pooled,alternating_variances,8,90022,variance_estimation,22
0.7559114175992997,full_latent_coordinatewise,alternating_variances,8,90022,variance_estimation,22
1.375900480061228,full_latent_pooled,alternating_variances,8,90022,variance_estimation,22
0.001261867766537278,qalt_pooled,exact_sharing,8,90023,variance_estimation,23
0.9497957363354206,full_latent_coordinatewise,exact_sharing,8,90023,variance_estimation,23
0.001261867766537278,full_latent_pooled,exact_sharing,8,90023,variance_estimation,23
1.3422345083796372,qalt_pooled,alternating_variances,8,90023,variance_estimation,23
0.6236911770452485,full_latent_coordinatewise,alternating_variances,8,90023,variance_estimation,23
1.3422345083796372,full_latent_pooled,alternating_variances,8,90023,variance_estimation,23
0.005042765696083737,qalt_pooled,exact_sharing,8,90024,variance_estimation,24
0.8612166669021581,full_latent_coordinatewise,exact_sharing,8,90024,variance_estimation,24
0.005042765696083737,full_latent_pooled,exact_sharing,8,90024,variance_estimation,24
1.416548942928943,qalt_pooled,alternating_variances,8,90024,variance_estimation,24
0.8220954290102909,full_latent_coordinatewise,alternating_variances,8,90024,variance_estimation,24
1.416548942928943,full_latent_pooled,alternating_variances,8,90024,variance_estimation,24
0.004119573748347163,qalt_pooled,exact_sharing,8,90025,variance_estimation,25
0.38999104805982693,full_latent_coordinatewise,exact_sharing,8,90025,variance_estimation,25
0.004119573748347163,full_latent_pooled,exact_sharing,8,90025,variance_estimation,25
1.3644178585233047,qalt_pooled,alternating_variances,8,90025,variance_estimation,25
0.5089216890632291,full_latent_coordinatewise,alternating_variances,8,90025,variance_estimation,25
1.3644178585233047,full_latent_pooled,alternating_variances,8,90025,variance_estimation,25
0.0774750538846084,qalt_pooled,exact_sharing,8,90026,variance_estimation,26
0.7017188822692617,full_latent_coordinatewise,exact_sharing,8,90026,variance_estimation,26
0.0774750538846084,full_latent_pooled,exact_sharing,8,90026,variance_estimation,26
1.3639335441040719,qalt_pooled,alternating_variances,8,90026,variance_estimation,26
1.7784966330351692,full_latent_coordinatewise,alternating_variances,8,90026,variance_estimation,26
1.3639335441040719,full_latent_pooled,alternating_variances,8,90026,variance_estimation,26
0.11813509981432868,qalt_pooled,exact_sharing,8,90027,variance_estimation,27
1.9385879935695056,full_latent_coordinatewise,exact_sharing,8,90027,variance_estimation,27
0.11813509981432868,full_latent_pooled,exact_sharing,8,90027,variance_estimation,27
1.394819073210437,qalt_pooled,alternating_variances,8,90027,variance_estimation,27
0.8195767028029679,full_latent_coordinatewise,alternating_variances,8,90027,variance_estimation,27
1.394819073210437,full_latent_pooled,alternating_variances,8,90027,variance_estimation,27
0.10795324444349846,qalt_pooled,exact_sharing,8,90028,variance_estimation,28
1.1090781829799925,full_latent_coordinatewise,exact_sharing,8,90028,variance_estimation,28
0.10795324444349846,full_latent_pooled,exact_sharing,8,90028,variance_estimation,28
1.362941526363073,qalt_pooled,alternating_variances,8,90028,variance_estimation,28
1.161119511719575,full_latent_coordinatewise,alternating_variances,8,90028,variance_estimation,28
1.362941526363073,full_latent_pooled,alternating_variances,8,90028,variance_estimation,28
0.0730815225192803,qalt_pooled,exact_sharing,8,90029,variance_estimation,29
0.6605960903963232,full_latent_coordinatewise,exact_sharing,8,90029,variance_estimation,29
0.0730815225192803,full_latent_pooled,exact_sharing,8,90029,variance_estimation,29
1.3889533156738554,qalt_pooled,alternating_variances,8,90029,variance_estimation,29
0.725561294570487,full_latent_coordinatewise,alternating_variances,8,90029,variance_estimation,29
1.3889533156738554,full_latent_pooled,alternating_variances,8,90029,variance_estimation,29
0.00498987710222959,qalt_pooled,exact_sharing,8,90030,variance_estimation,30
0.7152917381143452,full_latent_coordinatewise,exact_sharing,8,90030,variance_estimation,30
0.00498987710222959,full_latent_pooled,exact_sharing,8,90030,variance_estimation,30
1.453011030249989,qalt_pooled,alternating_variances,8,90030,variance_estimation,30
1.2300819949779536,full_latent_coordinatewise,alternating_variances,8,90030,variance_estimation,30
1.453011030249989,full_latent_pooled,alternating_variances,8,90030,variance_estimation,30
0.004327958499233037,qalt_pooled,exact_sharing,8,90031,variance_estimation,31
1.6009283019599556,full_latent_coordinatewise,exact_sharing,8,90031,variance_estimation,31
0.004327958499233037,full_latent_pooled,exact_sharing,8,90031,variance_estimation,31
1.3693120362533213,qalt_pooled,alternating_variances,8,90031,variance_estimation,31
0.9614666032622745,full_latent_coordinatewise,alternating_variances,8,90031,variance_estimation,31
1.3693120362533213,full_latent_pooled,alternating_variances,8,90031,variance_estimation,31
0.00038032173789772153,qalt_pooled,exact_sharing,8,90032,variance_estimation,32
0.4757614509672756,full_latent_coordinatewise,exact_sharing,8,90032,variance_estimation,32
0.00038032173789772153,full_latent_pooled,exact_sharing,8,90032,variance_estimation,32
1.3538775734184516,qalt_pooled,alternating_variances,8,90032,variance_estimation,32
0.6873481395410503,full_latent_coordinatewise,alternating_variances,8,90032,variance_estimation,32
1.3538775734184516,full_latent_pooled,alternating_variances,8,90032,variance_estimation,32
0.001430230274534941,qalt_pooled,exact_sharing,8,90033,variance_estimation,33
1.1824629313359456,full_latent_coordinatewise,exact_sharing,8,90033,variance_estimation,33
0.001430230274534941,full_latent_pooled,exact_sharing,8,90033,variance_estimation,33
1.3395686981376982,qalt_pooled,alternating_variances,8,90033,variance_estimation,33
0.31423169067144546,full_latent_coordinatewise,alternating_variances,8,90033,variance_estimation,33
1.3395686981376982,full_latent_pooled,alternating_variances,8,90033,variance_estimation,33
0.020279502105828157,qalt_pooled,exact_sharing,8,90034,variance_estimation,34
0.9784944051102218,full_latent_coordinatewise,exact_sharing,8,90034,variance_estimation,34
0.020279502105828157,full_latent_pooled,exact_sharing,8,90034,variance_estimation,34
1.557280063775162,qalt_pooled,alternating_variances,8,90034,variance_estimation,34
0.4926928624283549,full_latent_coordinatewise,alternating_variances,8,90034,variance_estimation,34
1.557280063775162,full_latent_pooled,alternating_variances,8,90034,variance_estimation,34
0.019087831753535123,qalt_pooled,exact_sharing,8,90035,variance_estimation,35
1.7503025133260834,full_latent_coordinatewise,exact_sharing,8,90035,variance_estimation,35
0.019087831753535123,full_latent_pooled,exact_sharing,8,90035,variance_estimation,35
1.3617259708400882,qalt_pooled,alternating_variances,8,90035,variance_estimation,35
1.248917225181212,full_latent_coordinatewise,alternating_variances,8,90035,variance_estimation,35
1.3617259708400882,full_latent_pooled,alternating_variances,8,90035,variance_estimation,35
0.03913660099003971,qalt_pooled,exact_sharing,8,90036,variance_estimation,36
1.2121940033521588,full_latent_coordinatewise,exact_sharing,8,90036,variance_estimation,36
0.03913660099003971,full_latent_pooled,exact_sharing,8,90036,variance_estimation,36
1.3664846300849225,qalt_pooled,alternating_variances,8,90036,variance_estimation,36
1.0636025554925774,full_latent_coordinatewise,alternating_variances,8,90036,variance_estimation,36
1.3664846300849225,full_latent_pooled,alternating_variances,8,90036,variance_estimation,36
0.08102944598224576,qalt_pooled,exact_sharing,8,90037,variance_estimation,37
1.5073884399572666,full_latent_coordinatewise,exact_sharing,8,90037,variance_estimation,37
0.08102944598224576,full_latent_pooled,exact_sharing,8,90037,variance_estimation,37
1.369046501114956,qalt_pooled,alternating_variances,8,90037,variance_estimation,37
2.1900213527708257,full_latent_coordinatewise,alternating_variances,8,90037,variance_estimation,37
1.369046501114956,full_latent_pooled,alternating_variances,8,90037,variance_estimation,37
0.23185687744127592,qalt_pooled,exact_sharing,8,90038,variance_estimation,38
0.39425464562906737,full_latent_coordinatewise,exact_sharing,8,90038,variance_estimation,38
0.23185687744127592,full_latent_pooled,exact_sharing,8,90038,variance_estimation,38
1.7656422591242782,qalt_pooled,alternating_variances,8,90038,variance_estimation,38
3.066338436302508,full_latent_coordinatewise,alternating_variances,8,90038,variance_estimation,38
1.7656422591242782,full_latent_pooled,alternating_variances,8,90038,variance_estimation,38
0.20358634042550594,qalt_pooled,exact_sharing,8,90039,variance_estimation,39
1.0469575512753078,full_latent_coordinatewise,exact_sharing,8,90039,variance_estimation,39
0.20358634042550594,full_latent_pooled,exact_sharing,8,90039,variance_estimation,39
1.339277029303968,qalt_pooled,alternating_variances,8,90039,variance_estimation,39
0.6844364121445337,full_latent_coordinatewise,alternating_variances,8,90039,variance_estimation,39
1.339277029303968,full_latent_pooled,alternating_variances,8,90039,variance_estimation,39
0.04063866209444511,qalt_pooled,exact_sharing,8,90040,variance_estimation,40
1.2753170520500094,full_latent_coordinatewise,exact_sharing,8,90040,variance_estimation,40
0.04063866209444511,full_latent_pooled,exact_sharing,8,90040,variance_estimation,40
1.3398302903456498,qalt_pooled,alternating_variances,8,90040,variance_estimation,40
0.6492547846473817,full_latent_coordinatewise,alternating_variances,8,90040,variance_estimation,40
1.3398302903456498,full_latent_pooled,alternating_variances,8,90040,variance_estimation,40
0.006872459504738665,qalt_pooled,exact_sharing,8,90041,variance_estimation,41
0.49796467655808024,full_latent_coordinatewise,exact_sharing,8,90041,variance_estimation,41
0.006872459504738665,full_latent_pooled,exact_sharing,8,90041,variance_estimation,41
1.4489367257698298,qalt_pooled,alternating_variances,8,90041,variance_estimation,41
1.4846367877339681,full_latent_coordinatewise,alternating_variances,8,90041,variance_estimation,41
1.4489367257698298,full_latent_pooled,alternating_variances,8,90041,variance_estimation,41
0.0011426343090076563,qalt_pooled,exact_sharing,8,90042,variance_estimation,42
0.5346521141037308,full_latent_coordinatewise,exact_sharing,8,90042,variance_estimation,42
0.0011426343090076563,full_latent_pooled,exact_sharing,8,90042,variance_estimation,42
1.452247106771221,qalt_pooled,alternating_variances,8,90042,variance_estimation,42
0.9153586038672253,full_latent_coordinatewise,alternating_variances,8,90042,variance_estimation,42
1.452247106771221,full_latent_pooled,alternating_variances,8,90042,variance_estimation,42
2.2214678228336775e-05,qalt_pooled,exact_sharing,8,90043,variance_estimation,43
0.5491741874032313,full_latent_coordinatewise,exact_sharing,8,90043,variance_estimation,43
2.2214678228336775e-05,full_latent_pooled,exact_sharing,8,90043,variance_estimation,43
1.344012127569301,qalt_pooled,alternating_variances,8,90043,variance_estimation,43
0.45725562351797555,full_latent_coordinatewise,alternating_variances,8,90043,variance_estimation,43
1.344012127569301,full_latent_pooled,alternating_variances,8,90043,variance_estimation,43
0.018211445899136813,qalt_pooled,exact_sharing,8,90044,variance_estimation,44
0.5472086829386866,full_latent_coordinatewise,exact_sharing,8,90044,variance_estimation,44
0.018211445899136813,full_latent_pooled,exact_sharing,8,90044,variance_estimation,44
1.6839228463115847,qalt_pooled,alternating_variances,8,90044,variance_estimation,44
1.3245109516949571,full_latent_coordinatewise,alternating_variances,8,90044,variance_estimation,44
1.6839228463115847,full_latent_pooled,alternating_variances,8,90044,variance_estimation,44
0.0269732758986371,qalt_pooled,exact_sharing,8,90045,variance_estimation,45
0.6953849750150964,full_latent_coordinatewise,exact_sharing,8,90045,variance_estimation,45
0.0269732758986371,full_latent_pooled,exact_sharing,8,90045,variance_estimation,45
1.3398601453236103,qalt_pooled,alternating_variances,8,90045,variance_estimation,45
1.0183309871335167,full_latent_coordinatewise,alternating_variances,8,90045,variance_estimation,45
1.3398601453236103,full_latent_pooled,alternating_variances,8,90045,variance_estimation,45
0.0014396432036012652,qalt_pooled,exact_sharing,8,90046,variance_estimation,46
1.5675114194845599,full_latent_coordinatewise,exact_sharing,8,90046,variance_estimation,46
0.0014396432036012652,full_latent_pooled,exact_sharing,8,90046,variance_estimation,46
1.364520212802753,qalt_pooled,alternating_variances,8,90046,variance_estimation,46
1.2026809188854224,full_latent_coordinatewise,alternating_variances,8,90046,variance_estimation,46
1.364520212802753,full_latent_pooled,alternating_variances,8,90046,variance_estimation,46
0.07247217801182754,qalt_pooled,exact_sharing,8,90047,variance_estimation,47
1.7952615049887106,full_latent_coordinatewise,exact_sharing,8,90047,variance_estimation,47
0.07247217801182754,full_latent_pooled,exact_sharing,8,90047,variance_estimation,47
1.358522275415159,qalt_pooled,alternating_variances,8,90047,variance_estimation,47
1.7809107131012962,full_latent_coordinatewise,alternating_variances,8,90047,variance_estimation,47
1.358522275415159,full_latent_pooled,alternating_variances,8,90047,variance_estimation,47
0.11942797257303989,qalt_pooled,exact_sharing,8,90048,variance_estimation,48
0.3536239747998511,full_latent_coordinatewise,exact_sharing,8,90048,variance_estimation,48
0.11942797257303989,full_latent_pooled,exact_sharing,8,90048,variance_estimation,48
1.3451656156391922,qalt_pooled,alternating_variances,8,90048,variance_estimation,48
3.249382743319198,full_latent_coordinatewise,alternating_variances,8,90048,variance_estimation,48
1.3451656156391922,full_latent_pooled,alternating_variances,8,90048,variance_estimation,48
0.04454552068864118,qalt_pooled,exact_sharing,8,90049,variance_estimation,49
1.1923527822954023,full_latent_coordinatewise,exact_sharing,8,90049,variance_estimation,49
0.04454552068864118,full_latent_pooled,exact_sharing,8,90049,variance_estimation,49
1.353811152509564,qalt_pooled,alternating_variances,8,90049,variance_estimation,49
1.1538782315171026,full_latent_coordinatewise,alternating_variances,8,90049,variance_estimation,49
1.353811152509564,full_latent_pooled,alternating_variances,8,90049,variance_estimation,49
0.02267232952254966,qalt_pooled,exact_sharing,8,90050,variance_estimation,50
0.7908615010893429,full_latent_coordinatewise,exact_sharing,8,90050,variance_estimation,50
0.02267232952254966,full_latent_pooled,exact_sharing,8,90050,variance_estimation,50
1.41067704764887,qalt_pooled,alternating_variances,8,90050,variance_estimation,50
1.032232650984394,full_latent_coordinatewise,alternating_variances,8,90050,variance_estimation,50
1.41067704764887,full_latent_pooled,alternating_variances,8,90050,variance_estimation,50
0.09303181334692756,qalt_pooled,exact_sharing,8,90051,variance_estimation,51
0.7033340770292981,full_latent_coordinatewise,exact_sharing,8,90051,variance_estimation,51
0.09303181334692756,full_latent_pooled,exact_sharing,8,90051,variance_estimation,51
1.3487442952645659,qalt_pooled,alternating_variances,8,90051,variance_estimation,51
1.2428222264682105,full_latent_coordinatewise,alternating_variances,8,90051,variance_estimation,51
1.3487442952645659,full_latent_pooled,alternating_variances,8,90051,variance_estimation,51
0.08058173124144385,qalt_pooled,exact_sharing,8,90052,variance_estimation,52
0.5813453113482554,full_latent_coordinatewise,exact_sharing,8,90052,variance_estimation,52
0.08058173124144385,full_latent_pooled,exact_sharing,8,90052,variance_estimation,52
1.5649895496245931,qalt_pooled,alternating_variances,8,90052,variance_estimation,52
0.849113619301344,full_latent_coordinatewise,alternating_variances,8,90052,variance_estimation,52
1.5649895496245931,full_latent_pooled,alternating_variances,8,90052,variance_estimation,52
0.04792512459929643,qalt_pooled,exact_sharing,8,90053,variance_estimation,53
0.9060420529687014,full_latent_coordinatewise,exact_sharing,8,90053,variance_estimation,53
0.04792512459929643,full_latent_pooled,exact_sharing,8,90053,variance_estimation,53
1.3393940031421914,qalt_pooled,alternating_variances,8,90053,variance_estimation,53
0.8593450537037274,full_latent_coordinatewise,alternating_variances,8,90053,variance_estimation,53
1.3393940031421914,full_latent_pooled,alternating_variances,8,90053,variance_estimation,53
0.02225559218192033,qalt_pooled,exact_sharing,8,90054,variance_estimation,54
0.8194834947171611,full_latent_coordinatewise,exact_sharing,8,90054,variance_estimation,54
0.02225559218192033,full_latent_pooled,exact_sharing,8,90054,variance_estimation,54
1.368889879862425,qalt_pooled,alternating_variances,8,90054,variance_estimation,54
0.9024405324071755,full_latent_coordinatewise,alternating_variances,8,90054,variance_estimation,54
1.368889879862425,full_latent_pooled,alternating_variances,8,90054,variance_estimation,54
0.14695755615714545,qalt_pooled,exact_sharing,8,90055,variance_estimation,55
0.939815937067837,full_latent_coordinatewise,exact_sharing,8,90055,variance_estimation,55
0.14695755615714545,full_latent_pooled,exact_sharing,8,90055,variance_estimation,55
1.6385416864097067,qalt_pooled,alternating_variances,8,90055,variance_estimation,55
1.0772967221486054,full_latent_coordinatewise,alternating_variances,8,90055,variance_estimation,55
1.6385416864097067,full_latent_pooled,alternating_variances,8,90055,variance_estimation,55
0.28662644117676017,qalt_pooled,exact_sharing,8,90056,variance_estimation,56
1.8747389281962503,full_latent_coordinatewise,exact_sharing,8,90056,variance_estimation,56
0.28662644117676017,full_latent_pooled,exact_sharing,8,90056,variance_estimation,56
1.3808918352730353,qalt_pooled,alternating_variances,8,90056,variance_estimation,56
0.7620336922846529,full_latent_coordinatewise,alternating_variances,8,90056,variance_estimation,56
1.3808918352730353,full_latent_pooled,alternating_variances,8,90056,variance_estimation,56
0.04941547987669537,qalt_pooled,exact_sharing,8,90057,variance_estimation,57
0.6389566558458155,full_latent_coordinatewise,exact_sharing,8,90057,variance_estimation,57
0.04941547987669537,full_latent_pooled,exact_sharing,8,90057,variance_estimation,57
1.9820541788669208,qalt_pooled,alternating_variances,8,90057,variance_estimation,57
2.4340618209447347,full_latent_coordinatewise,alternating_variances,8,90057,variance_estimation,57
1.9820541788669208,full_latent_pooled,alternating_variances,8,90057,variance_estimation,57
0.02135466349566653,qalt_pooled,exact_sharing,8,90058,variance_estimation,58
0.3049197953749312,full_latent_coordinatewise,exact_sharing,8,90058,variance_estimation,58
0.02135466349566653,full_latent_pooled,exact_sharing,8,90058,variance_estimation,58
1.3513117523297302,qalt_pooled,alternating_variances,8,90058,variance_estimation,58
1.2674333507153759,full_latent_coordinatewise,alternating_variances,8,90058,variance_estimation,58
1.3513117523297302,full_latent_pooled,alternating_variances,8,90058,variance_estimation,58
0.03126946543182371,qalt_pooled,exact_sharing,8,90059,variance_estimation,59
1.1280560588209498,full_latent_coordinatewise,exact_sharing,8,90059,variance_estimation,59
0.03126946543182371,full_latent_pooled,exact_sharing,8,90059,variance_estimation,59
1.3425792991072205,qalt_pooled,alternating_variances,8,90059,variance_estimation,59
0.8422503223485724,full_latent_coordinatewise,alternating_variances,8,90059,variance_estimation,59
1.3425792991072205,full_latent_pooled,alternating_variances,8,90059,variance_estimation,59
0.017583295204946087,qalt_pooled,exact_sharing,8,90060,variance_estimation,60
1.2522450345346998,full_latent_coordinatewise,exact_sharing,8,90060,variance_estimation,60
0.017583295204946087,full_latent_pooled,exact_sharing,8,90060,variance_estimation,60
1.4233238552195273,qalt_pooled,alternating_variances,8,90060,variance_estimation,60
0.754721106577978,full_latent_coordinatewise,alternating_variances,8,90060,variance_estimation,60
1.4233238552195273,full_latent_pooled,alternating_variances,8,90060,variance_estimation,60
0.19410892611463137,qalt_pooled,exact_sharing,8,90061,variance_estimation,61
1.65423487766533,full_latent_coordinatewise,exact_sharing,8,90061,variance_estimation,61
0.19410892611463137,full_latent_pooled,exact_sharing,8,90061,variance_estimation,61
1.3806948871652054,qalt_pooled,alternating_variances,8,90061,variance_estimation,61
1.1112978136212166,full_latent_coordinatewise,alternating_variances,8,90061,variance_estimation,61
1.3806948871652054,full_latent_pooled,alternating_variances,8,90061,variance_estimation,61
0.13028344280154186,qalt_pooled,exact_sharing,8,90062,variance_estimation,62
1.1217273689416336,full_latent_coordinatewise,exact_sharing,8,90062,variance_estimation,62
0.13028344280154186,full_latent_pooled,exact_sharing,8,90062,variance_estimation,62
1.3482336512289042,qalt_pooled,alternating_variances,8,90062,variance_estimation,62
0.609032261095572,full_latent_coordinatewise,alternating_variances,8,90062,variance_estimation,62
1.3482336512289042,full_latent_pooled,alternating_variances,8,90062,variance_estimation,62
0.06416007128557044,qalt_pooled,exact_sharing,8,90063,variance_estimation,63
0.18551295180453162,full_latent_coordinatewise,exact_sharing,8,90063,variance_estimation,63
0.06416007128557044,full_latent_pooled,exact_sharing,8,90063,variance_estimation,63
1.3919080296355197,qalt_pooled,alternating_variances,8,90063,variance_estimation,63
0.69783786874847,full_latent_coordinatewise,alternating_variances,8,90063,variance_estimation,63
1.3919080296355197,full_latent_pooled,alternating_variances,8,90063,variance_estimation,63
0.024936320449088306,qalt_pooled,exact_sharing,8,90064,variance_estimation,64
1.236841016684087,full_latent_coordinatewise,exact_sharing,8,90064,variance_estimation,64
0.024936320449088306,full_latent_pooled,exact_sharing,8,90064,variance_estimation,64
1.9496380491292662,qalt_pooled,alternating_variances,8,90064,variance_estimation,64
5.297651541420753,full_latent_coordinatewise,alternating_variances,8,90064,variance_estimation,64
1.9496380491292662,full_latent_pooled,alternating_variances,8,90064,variance_estimation,64
0.001096007443986767,qalt_pooled,exact_sharing,8,90065,variance_estimation,65
1.293184982791954,full_latent_coordinatewise,exact_sharing,8,90065,variance_estimation,65
0.001096007443986767,full_latent_pooled,exact_sharing,8,90065,variance_estimation,65
1.338981925600512,qalt_pooled,alternating_variances,8,90065,variance_estimation,65
0.9009230879476232,full_latent_coordinatewise,alternating_variances,8,90065,variance_estimation,65
1.338981925600512,full_latent_pooled,alternating_variances,8,90065,variance_estimation,65
0.09638760118635392,qalt_pooled,exact_sharing,8,90066,variance_estimation,66
0.5787719490575921,full_latent_coordinatewise,exact_sharing,8,90066,variance_estimation,66
0.09638760118635392,full_latent_pooled,exact_sharing,8,90066,variance_estimation,66
1.4308438320922865,qalt_pooled,alternating_variances,8,90066,variance_estimation,66
0.407452302703936,full_latent_coordinatewise,alternating_variances,8,90066,variance_estimation,66
1.4308438320922865,full_latent_pooled,alternating_variances,8,90066,variance_estimation,66
0.32230882890891177,qalt_pooled,exact_sharing,8,90067,variance_estimation,67
3.940469781441755,full_latent_coordinatewise,exact_sharing,8,90067,variance_estimation,67
0.32230882890891177,full_latent_pooled,exact_sharing,8,90067,variance_estimation,67
1.4100509031017732,qalt_pooled,alternating_variances,8,90067,variance_estimation,67
1.2011740450843673,full_latent_coordinatewise,alternating_variances,8,90067,variance_estimation,67
1.4100509031017732,full_latent_pooled,alternating_variances,8,90067,variance_estimation,67
0.010499118008183886,qalt_pooled,exact_sharing,8,90068,variance_estimation,68
0.5031402582854265,full_latent_coordinatewise,exact_sharing,8,90068,variance_estimation,68
0.010499118008183886,full_latent_pooled,exact_sharing,8,90068,variance_estimation,68
1.4921144827230872,qalt_pooled,alternating_variances,8,90068,variance_estimation,68
1.3862540949561368,full_latent_coordinatewise,alternating_variances,8,90068,variance_estimation,68
1.4921144827230872,full_latent_pooled,alternating_variances,8,90068,variance_estimation,68
0.4363208150531801,qalt_pooled,exact_sharing,8,90069,variance_estimation,69
2.205437844848901,full_latent_coordinatewise,exact_sharing,8,90069,variance_estimation,69
0.4363208150531801,full_latent_pooled,exact_sharing,8,90069,variance_estimation,69
1.3445442913489845,qalt_pooled,alternating_variances,8,90069,variance_estimation,69
0.4947625938769771,full_latent_coordinatewise,alternating_variances,8,90069,variance_estimation,69
1.3445442913489845,full_latent_pooled,alternating_variances,8,90069,variance_estimation,69
0.01759567331113554,qalt_pooled,exact_sharing,8,90070,variance_estimation,70
2.4191823139589204,full_latent_coordinatewise,exact_sharing,8,90070,variance_estimation,70
0.01759567331113554,full_latent_pooled,exact_sharing,8,90070,variance_estimation,70
1.6362278592505617,qalt_pooled,alternating_variances,8,90070,variance_estimation,70
1.6900987383435775,full_latent_coordinatewise,alternating_variances,8,90070,variance_estimation,70
1.6362278592505617,full_latent_pooled,alternating_variances,8,90070,variance_estimation,70
0.11383069504935056,qalt_pooled,exact_sharing,8,90071,variance_estimation,71
0.8622386149639544,full_latent_coordinatewise,exact_sharing,8,90071,variance_estimation,71
0.11383069504935056,full_latent_pooled,exact_sharing,8,90071,variance_estimation,71
1.690267452742473,qalt_pooled,alternating_variances,8,90071,variance_estimation,71
0.9216201351475983,full_latent_coordinatewise,alternating_variances,8,90071,variance_estimation,71
1.690267452742473,full_latent_pooled,alternating_variances,8,90071,variance_estimation,71
0.00012890353044748074,qalt_pooled,exact_sharing,8,90072,variance_estimation,72
0.33610958781940303,full_latent_coordinatewise,exact_sharing,8,90072,variance_estimation,72
0.00012890353044748074,full_latent_pooled,exact_sharing,8,90072,variance_estimation,72
1.3740162675920162,qalt_pooled,alternating_variances,8,90072,variance_estimation,72
1.1569541824218768,full_latent_coordinatewise,alternating_variances,8,90072,variance_estimation,72
1.3740162675920162,full_latent_pooled,alternating_variances,8,90072,variance_estimation,72
0.0003272519760266629,qalt_pooled,exact_sharing,8,90073,variance_estimation,73
0.3713729670519076,full_latent_coordinatewise,exact_sharing,8,90073,variance_estimation,73
0.0003272519760266629,full_latent_pooled,exact_sharing,8,90073,variance_estimation,73
1.4272212789829044,qalt_pooled,alternating_variances,8,90073,variance_estimation,73
1.4122440317850977,full_latent_coordinatewise,alternating_variances,8,90073,variance_estimation,73
1.4272212789829044,full_latent_pooled,alternating_variances,8,90073,variance_estimation,73
0.255766199316916,qalt_pooled,exact_sharing,8,90074,variance_estimation,74
0.4788287267921657,full_latent_coordinatewise,exact_sharing,8,90074,variance_estimation,74
0.255766199316916,full_latent_pooled,exact_sharing,8,90074,variance_estimation,74
1.4641729168934636,qalt_pooled,alternating_variances,8,90074,variance_estimation,74
0.7508278182855421,full_latent_coordinatewise,alternating_variances,8,90074,variance_estimation,74
1.4641729168934636,full_latent_pooled,alternating_variances,8,90074,variance_estimation,74
0.04798334606906415,qalt_pooled,exact_sharing,8,90075,variance_estimation,75
1.5180834902220188,full_latent_coordinatewise,exact_sharing,8,90075,variance_estimation,75
0.04798334606906415,full_latent_pooled,exact_sharing,8,90075,variance_estimation,75
1.3873951036415053,qalt_pooled,alternating_variances,8,90075,variance_estimation,75
0.7259485684390651,full_latent_coordinatewise,alternating_variances,8,90075,variance_estimation,75
1.3873951036415053,full_latent_pooled,alternating_variances,8,90075,variance_estimation,75
0.013925193105171818,qalt_pooled,exact_sharing,8,90076,variance_estimation,76
1.2465411394994825,full_latent_coordinatewise,exact_sharing,8,90076,variance_estimation,76
0.013925193105171818,full_latent_pooled,exact_sharing,8,90076,variance_estimation,76
1.5510729922510635,qalt_pooled,alternating_variances,8,90076,variance_estimation,76
1.0715317319456812,full_latent_coordinatewise,alternating_variances,8,90076,variance_estimation,76
1.5510729922510635,full_latent_pooled,alternating_variances,8,90076,variance_estimation,76
0.11399628997750821,qalt_pooled,exact_sharing,8,90077,variance_estimation,77
1.9637482400875028,full_latent_coordinatewise,exact_sharing,8,90077,variance_estimation,77
0.11399628997750821,full_latent_pooled,exact_sharing,8,90077,variance_estimation,77
1.3515236862965128,qalt_pooled,alternating_variances,8,90077,variance_estimation,77
1.212527853426843,full_latent_coordinatewise,alternating_variances,8,90077,variance_estimation,77
1.3515236862965128,full_latent_pooled,alternating_variances,8,90077,variance_estimation,77
0.05686895764278049,qalt_pooled,exact_sharing,8,90078,variance_estimation,78
2.5776667559462925,full_latent_coordinatewise,exact_sharing,8,90078,variance_estimation,78
0.05686895764278049,full_latent_pooled,exact_sharing,8,90078,variance_estimation,78
1.363622580673074,qalt_pooled,alternating_variances,8,90078,variance_estimation,78
2.315535821148566,full_latent_coordinatewise,alternating_variances,8,90078,variance_estimation,78
1.363622580673074,full_latent_pooled,alternating_variances,8,90078,variance_estimation,78
0.06109989792311116,qalt_pooled,exact_sharing,8,90079,variance_estimation,79
1.4323439569933778,full_latent_coordinatewise,exact_sharing,8,90079,variance_estimation,79
0.06109989792311116,full_latent_pooled,exact_sharing,8,90079,variance_estimation,79
1.4121745708498048,qalt_pooled,alternating_variances,8,90079,variance_estimation,79
0.32556118608758183,full_latent_coordinatewise,alternating_variances,8,90079,variance_estimation,79
1.4121745708498048,full_latent_pooled,alternating_variances,8,90079,variance_estimation,79
0.020649072738797986,qalt_pooled,exact_sharing,8,90080,variance_estimation,80
2.079146322747237,full_latent_coordinatewise,exact_sharing,8,90080,variance_estimation,80
0.020649072738797986,full_latent_pooled,exact_sharing,8,90080,variance_estimation,80
1.345437143398636,qalt_pooled,alternating_variances,8,90080,variance_estimation,80
0.7642106048469877,full_latent_coordinatewise,alternating_variances,8,90080,variance_estimation,80
1.345437143398636,full_latent_pooled,alternating_variances,8,90080,variance_estimation,80
0.06857465451630979,qalt_pooled,exact_sharing,8,90081,variance_estimation,81
1.0216917961991376,full_latent_coordinatewise,exact_sharing,8,90081,variance_estimation,81
0.06857465451630979,full_latent_pooled,exact_sharing,8,90081,variance_estimation,81
1.393225067156969,qalt_pooled,alternating_variances,8,90081,variance_estimation,81
0.9773867253201948,full_latent_coordinatewise,alternating_variances,8,90081,variance_estimation,81
1.393225067156969,full_latent_pooled,alternating_variances,8,90081,variance_estimation,81
0.32657732565706143,qalt_pooled,exact_sharing,8,90082,variance_estimation,82
3.6789752015047594,full_latent_coordinatewise,exact_sharing,8,90082,variance_estimation,82
0.32657732565706143,full_latent_pooled,exact_sharing,8,90082,variance_estimation,82
1.3397795199966165,qalt_pooled,alternating_variances,8,90082,variance_estimation,82
0.2581275167257403,full_latent_coordinatewise,alternating_variances,8,90082,variance_estimation,82
1.3397795199966165,full_latent_pooled,alternating_variances,8,90082,variance_estimation,82
0.055373105349711405,qalt_pooled,exact_sharing,8,90083,variance_estimation,83
0.44166946945411,full_latent_coordinatewise,exact_sharing,8,90083,variance_estimation,83
0.055373105349711405,full_latent_pooled,exact_sharing,8,90083,variance_estimation,83
1.3773612669423825,qalt_pooled,alternating_variances,8,90083,variance_estimation,83
3.0284261500514953,full_latent_coordinatewise,alternating_variances,8,90083,variance_estimation,83
1.3773612669423825,full_latent_pooled,alternating_variances,8,90083,variance_estimation,83
0.04655894931500551,qalt_pooled,exact_sharing,8,90084,variance_estimation,84
1.2703311947362539,full_latent_coordinatewise,exact_sharing,8,90084,variance_estimation,84
0.04655894931500551,full_latent_pooled,exact_sharing,8,90084,variance_estimation,84
1.4473891637316931,qalt_pooled,alternating_variances,8,90084,variance_estimation,84
0.7918125683859433,full_latent_coordinatewise,alternating_variances,8,90084,variance_estimation,84
1.4473891637316931,full_latent_pooled,alternating_variances,8,90084,variance_estimation,84
0.008615759263809475,qalt_pooled,exact_sharing,8,90085,variance_estimation,85
1.1339028915680982,full_latent_coordinatewise,exact_sharing,8,90085,variance_estimation,85
0.008615759263809475,full_latent_pooled,exact_sharing,8,90085,variance_estimation,85
1.3428049314290949,qalt_pooled,alternating_variances,8,90085,variance_estimation,85
0.7800256067395948,full_latent_coordinatewise,alternating_variances,8,90085,variance_estimation,85
1.3428049314290949,full_latent_pooled,alternating_variances,8,90085,variance_estimation,85
0.12440751500486935,qalt_pooled,exact_sharing,8,90086,variance_estimation,86
0.8153718631914277,full_latent_coordinatewise,exact_sharing,8,90086,variance_estimation,86
0.12440751500486935,full_latent_pooled,exact_sharing,8,90086,variance_estimation,86
1.4978538524452016,qalt_pooled,alternating_variances,8,90086,variance_estimation,86
1.7436695639184023,full_latent_coordinatewise,alternating_variances,8,90086,variance_estimation,86
1.4978538524452016,full_latent_pooled,alternating_variances,8,90086,variance_estimation,86
0.030444296950187744,qalt_pooled,exact_sharing,8,90087,variance_estimation,87
1.4863137116556178,full_latent_coordinatewise,exact_sharing,8,90087,variance_estimation,87
0.030444296950187744,full_latent_pooled,exact_sharing,8,90087,variance_estimation,87
1.5189244416659586,qalt_pooled,alternating_variances,8,90087,variance_estimation,87
0.6932995535549709,full_latent_coordinatewise,alternating_variances,8,90087,variance_estimation,87
1.5189244416659586,full_latent_pooled,alternating_variances,8,90087,variance_estimation,87
0.12304974338851105,qalt_pooled,exact_sharing,8,90088,variance_estimation,88
0.571052179154501,full_latent_coordinatewise,exact_sharing,8,90088,variance_estimation,88
0.12304974338851105,full_latent_pooled,exact_sharing,8,90088,variance_estimation,88
1.371283885584325,qalt_pooled,alternating_variances,8,90088,variance_estimation,88
1.3918135455979097,full_latent_coordinatewise,alternating_variances,8,90088,variance_estimation,88
1.371283885584325,full_latent_pooled,alternating_variances,8,90088,variance_estimation,88
0.0005666783264254675,qalt_pooled,exact_sharing,8,90089,variance_estimation,89
1.6764174711578541,full_latent_coordinatewise,exact_sharing,8,90089,variance_estimation,89
0.0005666783264254675,full_latent_pooled,exact_sharing,8,90089,variance_estimation,89
1.3554246143162332,qalt_pooled,alternating_variances,8,90089,variance_estimation,89
0.8901876282219267,full_latent_coordinatewise,alternating_variances,8,90089,variance_estimation,89
1.3554246143162332,full_latent_pooled,alternating_variances,8,90089,variance_estimation,89
6.019513887524234e-08,qalt_pooled,exact_sharing,8,90090,variance_estimation,90
0.8078609011418916,full_latent_coordinatewise,exact_sharing,8,90090,variance_estimation,90
6.019513887524234e-08,full_latent_pooled,exact_sharing,8,90090,variance_estimation,90
1.442620672268655,qalt_pooled,alternating_variances,8,90090,variance_estimation,90
1.4551561640076631,full_latent_coordinatewise,alternating_variances,8,90090,variance_estimation,90
1.442620672268655,full_latent_pooled,alternating_variances,8,90090,variance_estimation,90
0.009146631821636858,qalt_pooled,exact_sharing,8,90091,variance_estimation,91
0.6969666912848914,full_latent_coordinatewise,exact_sharing,8,90091,variance_estimation,91
0.009146631821636858,full_latent_pooled,exact_sharing,8,90091,variance_estimation,91
1.3517663943919245,qalt_pooled,alternating_variances,8,90091,variance_estimation,91
1.5352489527374182,full_latent_coordinatewise,alternating_variances,8,90091,variance_estimation,91
1.3517663943919245,full_latent_pooled,alternating_variances,8,90091,variance_estimation,91
0.022607894272579476,qalt_pooled,exact_sharing,8,90092,variance_estimation,92
0.7847415419191363,full_latent_coordinatewise,exact_sharing,8,90092,variance_estimation,92
0.022607894272579476,full_latent_pooled,exact_sharing,8,90092,variance_estimation,92
1.341633996063432,qalt_pooled,alternating_variances,8,90092,variance_estimation,92
1.9045899271491675,full_latent_coordinatewise,alternating_variances,8,90092,variance_estimation,92
1.341633996063432,full_latent_pooled,alternating_variances,8,90092,variance_estimation,92
0.0028862301087691777,qalt_pooled,exact_sharing,8,90093,variance_estimation,93
1.2898453462499198,full_latent_coordinatewise,exact_sharing,8,90093,variance_estimation,93
0.0028862301087691777,full_latent_pooled,exact_sharing,8,90093,variance_estimation,93
1.4082657508933736,qalt_pooled,alternating_variances,8,90093,variance_estimation,93
0.7088297064150115,full_latent_coordinatewise,alternating_variances,8,90093,variance_estimation,93
1.4082657508933736,full_latent_pooled,alternating_variances,8,90093,variance_estimation,93
0.028170425928421144,qalt_pooled,exact_sharing,8,90094,variance_estimation,94
0.8366156721700748,full_latent_coordinatewise,exact_sharing,8,90094,variance_estimation,94
0.028170425928421144,full_latent_pooled,exact_sharing,8,90094,variance_estimation,94
1.9484818261420793,qalt_pooled,alternating_variances,8,90094,variance_estimation,94
3.2785811840258496,full_latent_coordinatewise,alternating_variances,8,90094,variance_estimation,94
1.9484818261420793,full_latent_pooled,alternating_variances,8,90094,variance_estimation,94
0.009964053315557955,qalt_pooled,exact_sharing,8,90095,variance_estimation,95
1.1549939995980842,full_latent_coordinatewise,exact_sharing,8,90095,variance_estimation,95
0.009964053315557955,full_latent_pooled,exact_sharing,8,90095,variance_estimation,95
1.34654726431882,qalt_pooled,alternating_variances,8,90095,variance_estimation,95
0.7687935367847724,full_latent_coordinatewise,alternating_variances,8,90095,variance_estimation,95
1.34654726431882,full_latent_pooled,alternating_variances,8,90095,variance_estimation,95
4.556576298041324e-05,qalt_pooled,exact_sharing,8,90096,variance_estimation,96
0.6671640728919942,full_latent_coordinatewise,exact_sharing,8,90096,variance_estimation,96
4.556576298041324e-05,full_latent_pooled,exact_sharing,8,90096,variance_estimation,96
1.4684733512340502,qalt_pooled,alternating_variances,8,90096,variance_estimation,96
1.9508687404583558,full_latent_coordinatewise,alternating_variances,8,90096,variance_estimation,96
1.4684733512340502,full_latent_pooled,alternating_variances,8,90096,variance_estimation,96
2.760368024814922e-06,qalt_pooled,exact_sharing,8,90097,variance_estimation,97
0.6325911663228262,full_latent_coordinatewise,exact_sharing,8,90097,variance_estimation,97
2.760368024814922e-06,full_latent_pooled,exact_sharing,8,90097,variance_estimation,97
1.3541411455862258,qalt_pooled,alternating_variances,8,90097,variance_estimation,97
0.7613304001516534,full_latent_coordinatewise,alternating_variances,8,90097,variance_estimation,97
1.3541411455862258,full_latent_pooled,alternating_variances,8,90097,variance_estimation,97
0.26018934310198727,qalt_pooled,exact_sharing,8,90098,variance_estimation,98
1.8295789909506595,full_latent_coordinatewise,exact_sharing,8,90098,variance_estimation,98
0.26018934310198727,full_latent_pooled,exact_sharing,8,90098,variance_estimation,98
1.4889923713229574,qalt_pooled,alternating_variances,8,90098,variance_estimation,98
2.8449956300809784,full_latent_coordinatewise,alternating_variances,8,90098,variance_estimation,98
1.4889923713229574,full_latent_pooled,alternating_variances,8,90098,variance_estimation,98
0.18935793662298017,qalt_pooled,exact_sharing,8,90099,variance_estimation,99
1.641531918510037,full_latent_coordinatewise,exact_sharing,8,90099,variance_estimation,99
0.18935793662298017,full_latent_pooled,exact_sharing,8,90099,variance_estimation,99
1.3427939933034099,qalt_pooled,alternating_variances,8,90099,variance_estimation,99
4.919967633054023,full_latent_coordinatewise,alternating_variances,8,90099,variance_estimation,99
1.3427939933034099,full_latent_pooled,alternating_variances,8,90099,variance_estimation,99
0.037745572356861545,qalt_pooled,exact_sharing,8,90100,variance_estimation,100
0.6466107662474703,full_latent_coordinatewise,exact_sharing,8,90100,variance_estimation,100
0.037745572356861545,full_latent_pooled,exact_sharing,8,90100,variance_estimation,100
1.366024590487471,qalt_pooled,alternating_variances,8,90100,variance_estimation,100
1.000144250791732,full_latent_coordinatewise,alternating_variances,8,90100,variance_estimation,100
1.366024590487471,full_latent_pooled,alternating_variances,8,90100,variance_estimation,100
0.010321073494288582,qalt_pooled,exact_sharing,8,90101,variance_estimation,101
1.3350937805408416,full_latent_coordinatewise,exact_sharing,8,90101,variance_estimation,101
0.010321073494288582,full_latent_pooled,exact_sharing,8,90101,variance_estimation,101
1.4187076798170106,qalt_pooled,alternating_variances,8,90101,variance_estimation,101
1.776415400664942,full_latent_coordinatewise,alternating_variances,8,90101,variance_estimation,101
1.4187076798170106,full_latent_pooled,alternating_variances,8,90101,variance_estimation,101
0.17284741462155384,qalt_pooled,exact_sharing,8,90102,variance_estimation,102
1.4142012667658563,full_latent_coordinatewise,exact_sharing,8,90102,variance_estimation,102
0.17284741462155384,full_latent_pooled,exact_sharing,8,90102,variance_estimation,102
1.4276737616000772,qalt_pooled,alternating_variances,8,90102,variance_estimation,102
0.8509753148631444,full_latent_coordinatewise,alternating_variances,8,90102,variance_estimation,102
1.4276737616000772,full_latent_pooled,alternating_variances,8,90102,variance_estimation,102
0.00017713819203055842,qalt_pooled,exact_sharing,8,90103,variance_estimation,103
0.832790703880408,full_latent_coordinatewise,exact_sharing,8,90103,variance_estimation,103
0.00017713819203055842,full_latent_pooled,exact_sharing,8,90103,variance_estimation,103
1.4698834177418971,qalt_pooled,alternating_variances,8,90103,variance_estimation,103
1.7413944664073484,full_latent_coordinatewise,alternating_variances,8,90103,variance_estimation,103
1.4698834177418971,full_latent_pooled,alternating_variances,8,90103,variance_estimation,103
0.07380741833355381,qalt_pooled,exact_sharing,8,90104,variance_estimation,104
0.5342983123433469,full_latent_coordinatewise,exact_sharing,8,90104,variance_estimation,104
0.07380741833355381,full_latent_pooled,exact_sharing,8,90104,variance_estimation,104
1.3824644089744003,qalt_pooled,alternating_variances,8,90104,variance_estimation,104
2.528884102808201,full_latent_coordinatewise,alternating_variances,8,90104,variance_estimation,104
1.3824644089744003,full_latent_pooled,alternating_variances,8,90104,variance_estimation,104
0.04572171912131323,qalt_pooled,exact_sharing,8,90105,variance_estimation,105
1.9669276520224743,full_latent_coordinatewise,exact_sharing,8,90105,variance_estimation,105
0.04572171912131323,full_latent_pooled,exact_sharing,8,90105,variance_estimation,105
1.354573632887669,qalt_pooled,alternating_variances,8,90105,variance_estimation,105
0.41934727521306125,full_latent_coordinatewise,alternating_variances,8,90105,variance_estimation,105
1.354573632887669,full_latent_pooled,alternating_variances,8,90105,variance_estimation,105
0.04281017244229571,qalt_pooled,exact_sharing,8,90106,variance_estimation,106
0.8223489799741708,full_latent_coordinatewise,exact_sharing,8,90106,variance_estimation,106
0.04281017244229571,full_latent_pooled,exact_sharing,8,90106,variance_estimation,106
1.3735041234492176,qalt_pooled,alternating_variances,8,90106,variance_estimation,106
0.9968218948560461,full_latent_coordinatewise,alternating_variances,8,90106,variance_estimation,106
1.3735041234492176,full_latent_pooled,alternating_variances,8,90106,variance_estimation,106
0.06957417540920352,qalt_pooled,exact_sharing,8,90107,variance_estimation,107
3.2615771718536823,full_latent_coordinatewise,exact_sharing,8,90107,variance_estimation,107
0.06957417540920352,full_latent_pooled,exact_sharing,8,90107,variance_estimation,107
1.3392761231459225,qalt_pooled,alternating_variances,8,90107,variance_estimation,107
1.6806472817622746,full_latent_coordinatewise,alternating_variances,8,90107,variance_estimation,107
1.3392761231459225,full_latent_pooled,alternating_variances,8,90107,variance_estimation,107
0.09878715769087565,qalt_pooled,exact_sharing,8,90108,variance_estimation,108
0.34437076993486776,full_latent_coordinatewise,exact_sharing,8,90108,variance_estimation,108
0.09878715769087565,full_latent_pooled,exact_sharing,8,90108,variance_estimation,108
1.3772865827461571,qalt_pooled,alternating_variances,8,90108,variance_estimation,108
0.5157309739855005,full_latent_coordinatewise,alternating_variances,8,90108,variance_estimation,108
1.3772865827461571,full_latent_pooled,alternating_variances,8,90108,variance_estimation,108
0.17211908602918335,qalt_pooled,exact_sharing,8,90109,variance_estimation,109
0.4692282590745948,full_latent_coordinatewise,exact_sharing,8,90109,variance_estimation,109
0.17211908602918335,full_latent_pooled,exact_sharing,8,90109,variance_estimation,109
1.5046819716926072,qalt_pooled,alternating_variances,8,90109,variance_estimation,109
2.163823710134945,full_latent_coordinatewise,alternating_variances,8,90109,variance_estimation,109
1.5046819716926072,full_latent_pooled,alternating_variances,8,90109,variance_estimation,109
0.007152604870536192,qalt_pooled,exact_sharing,8,90110,variance_estimation,110
1.8508754252153208,full_latent_coordinatewise,exact_sharing,8,90110,variance_estimation,110
0.007152604870536192,full_latent_pooled,exact_sharing,8,90110,variance_estimation,110
1.33887730890487,qalt_pooled,alternating_variances,8,90110,variance_estimation,110
11.33505621929774,full_latent_coordinatewise,alternating_variances,8,90110,variance_estimation,110
1.33887730890487,full_latent_pooled,alternating_variances,8,90110,variance_estimation,110
0.09399472490147698,qalt_pooled,exact_sharing,8,90111,variance_estimation,111
1.2956669691114011,full_latent_coordinatewise,exact_sharing,8,90111,variance_estimation,111
0.09399472490147698,full_latent_pooled,exact_sharing,8,90111,variance_estimation,111
1.6335507663768325,qalt_pooled,alternating_variances,8,90111,variance_estimation,111
1.8780893642561356,full_latent_coordinatewise,alternating_variances,8,90111,variance_estimation,111
1.6335507663768325,full_latent_pooled,alternating_variances,8,90111,variance_estimation,111
0.10034919421969196,qalt_pooled,exact_sharing,8,90112,variance_estimation,112
1.0652923096704103,full_latent_coordinatewise,exact_sharing,8,90112,variance_estimation,112
0.10034919421969196,full_latent_pooled,exact_sharing,8,90112,variance_estimation,112
1.5506194364322265,qalt_pooled,alternating_variances,8,90112,variance_estimation,112
1.4001740168677665,full_latent_coordinatewise,alternating_variances,8,90112,variance_estimation,112
1.5506194364322265,full_latent_pooled,alternating_variances,8,90112,variance_estimation,112
0.00790151392990611,qalt_pooled,exact_sharing,8,90113,variance_estimation,113
3.102085255879992,full_latent_coordinatewise,exact_sharing,8,90113,variance_estimation,113
0.00790151392990611,full_latent_pooled,exact_sharing,8,90113,variance_estimation,113
1.3449610686489037,qalt_pooled,alternating_variances,8,90113,variance_estimation,113
1.028543788619317,full_latent_coordinatewise,alternating_variances,8,90113,variance_estimation,113
1.3449610686489037,full_latent_pooled,alternating_variances,8,90113,variance_estimation,113
0.04519622054304695,qalt_pooled,exact_sharing,8,90114,variance_estimation,114
0.5323546360723304,full_latent_coordinatewise,exact_sharing,8,90114,variance_estimation,114
0.04519622054304695,full_latent_pooled,exact_sharing,8,90114,variance_estimation,114
1.69131745238406,qalt_pooled,alternating_variances,8,90114,variance_estimation,114
0.7055060054931833,full_latent_coordinatewise,alternating_variances,8,90114,variance_estimation,114
1.69131745238406,full_latent_pooled,alternating_variances,8,90114,variance_estimation,114
0.006195452697255924,qalt_pooled,exact_sharing,8,90115,variance_estimation,115
1.6235619533390981,full_latent_coordinatewise,exact_sharing,8,90115,variance_estimation,115
0.006195452697255924,full_latent_pooled,exact_sharing,8,90115,variance_estimation,115
1.3554334226166775,qalt_pooled,alternating_variances,8,90115,variance_estimation,115
0.8837345570889276,full_latent_coordinatewise,alternating_variances,8,90115,variance_estimation,115
1.3554334226166775,full_latent_pooled,alternating_variances,8,90115,variance_estimation,115
0.005416620261335853,qalt_pooled,exact_sharing,8,90116,variance_estimation,116
0.815930071874315,full_latent_coordinatewise,exact_sharing,8,90116,variance_estimation,116
0.005416620261335853,full_latent_pooled,exact_sharing,8,90116,variance_estimation,116
1.4099837445832883,qalt_pooled,alternating_variances,8,90116,variance_estimation,116
1.3235654145901983,full_latent_coordinatewise,alternating_variances,8,90116,variance_estimation,116
1.4099837445832883,full_latent_pooled,alternating_variances,8,90116,variance_estimation,116
0.0014565814243391456,qalt_pooled,exact_sharing,8,90117,variance_estimation,117
7.573723823166897,full_latent_coordinatewise,exact_sharing,8,90117,variance_estimation,117
0.0014565814243391456,full_latent_pooled,exact_sharing,8,90117,variance_estimation,117
1.3751602620747576,qalt_pooled,alternating_variances,8,90117,variance_estimation,117
1.6346902237307406,full_latent_coordinatewise,alternating_variances,8,90117,variance_estimation,117
1.3751602620747576,full_latent_pooled,alternating_variances,8,90117,variance_estimation,117
0.05626507892882887,qalt_pooled,exact_sharing,8,90118,variance_estimation,118
1.7157407432982377,full_latent_coordinatewise,exact_sharing,8,90118,variance_estimation,118
0.05626507892882887,full_latent_pooled,exact_sharing,8,90118,variance_estimation,118
1.3594975511646574,qalt_pooled,alternating_variances,8,90118,variance_estimation,118
0.25209872849035864,full_latent_coordinatewise,alternating_variances,8,90118,variance_estimation,118
1.3594975511646574,full_latent_pooled,alternating_variances,8,90118,variance_estimation,118
0.14731473008053242,qalt_pooled,exact_sharing,8,90119,variance_estimation,119
2.1624242547787422,full_latent_coordinatewise,exact_sharing,8,90119,variance_estimation,119
0.14731473008053242,full_latent_pooled,exact_sharing,8,90119,variance_estimation,119
1.4383683248488275,qalt_pooled,alternating_variances,8,90119,variance_estimation,119
1.2795918654347354,full_latent_coordinatewise,alternating_variances,8,90119,variance_estimation,119
1.4383683248488275,full_latent_pooled,alternating_variances,8,90119,variance_estimation,119
0.18602609855254382,qalt_pooled,exact_sharing,8,90120,variance_estimation,120
1.19752641087339,full_latent_coordinatewise,exact_sharing,8,90120,variance_estimation,120
0.18602609855254382,full_latent_pooled,exact_sharing,8,90120,variance_estimation,120
1.3988800378694994,qalt_pooled,alternating_variances,8,90120,variance_estimation,120
2.377692457155168,full_latent_coordinatewise,alternating_variances,8,90120,variance_estimation,120
1.3988800378694994,full_latent_pooled,alternating_variances,8,90120,variance_estimation,120
0.04016948559688335,qalt_pooled,exact_sharing,8,90121,variance_estimation,121
1.1880169208333649,full_latent_coordinatewise,exact_sharing,8,90121,variance_estimation,121
0.04016948559688335,full_latent_pooled,exact_sharing,8,90121,variance_estimation,121
1.3396279853033384,qalt_pooled,alternating_variances,8,90121,variance_estimation,121
0.6823321831827286,full_latent_coordinatewise,alternating_variances,8,90121,variance_estimation,121
1.3396279853033384,full_latent_pooled,alternating_variances,8,90121,variance_estimation,121
0.003126427349721572,qalt_pooled,exact_sharing,8,90122,variance_estimation,122
0.5458401145337244,full_latent_coordinatewise,exact_sharing,8,90122,variance_estimation,122
0.003126427349721572,full_latent_pooled,exact_sharing,8,90122,variance_estimation,122
1.3443236864454446,qalt_pooled,alternating_variances,8,90122,variance_estimation,122
0.8618479060870063,full_latent_coordinatewise,alternating_variances,8,90122,variance_estimation,122
1.3443236864454446,full_latent_pooled,alternating_variances,8,90122,variance_estimation,122
0.001568038040321261,qalt_pooled,exact_sharing,8,90123,variance_estimation,123
0.49123006929908847,full_latent_coordinatewise,exact_sharing,8,90123,variance_estimation,123
0.001568038040321261,full_latent_pooled,exact_sharing,8,90123,variance_estimation,123
1.5126068515217117,qalt_pooled,alternating_variances,8,90123,variance_estimation,123
0.7245682936455591,full_latent_coordinatewise,alternating_variances,8,90123,variance_estimation,123
1.5126068515217117,full_latent_pooled,alternating_variances,8,90123,variance_estimation,123
0.016534741877356984,qalt_pooled,exact_sharing,8,90124,variance_estimation,124
0.4533587796448625,full_latent_coordinatewise,exact_sharing,8,90124,variance_estimation,124
0.016534741877356984,full_latent_pooled,exact_sharing,8,90124,variance_estimation,124
1.3593726006069065,qalt_pooled,alternating_variances,8,90124,variance_estimation,124
0.29159902044870645,full_latent_coordinatewise,alternating_variances,8,90124,variance_estimation,124
1.3593726006069065,full_latent_pooled,alternating_variances,8,90124,variance_estimation,124
0.1157721426937045,qalt_pooled,exact_sharing,8,90125,variance_estimation,125
1.2847869071512303,full_latent_coordinatewise,exact_sharing,8,90125,variance_estimation,125
0.1157721426937045,full_latent_pooled,exact_sharing,8,90125,variance_estimation,125
1.3453720107295777,qalt_pooled,alternating_variances,8,90125,variance_estimation,125
1.9335051385700726,full_latent_coordinatewise,alternating_variances,8,90125,variance_estimation,125
1.3453720107295777,full_latent_pooled,alternating_variances,8,90125,variance_estimation,125
0.8603916064177997,qalt_pooled,exact_sharing,8,90126,variance_estimation,126
1.270346275046047,full_latent_coordinatewise,exact_sharing,8,90126,variance_estimation,126
0.8603916064177997,full_latent_pooled,exact_sharing,8,90126,variance_estimation,126
1.3498875039496991,qalt_pooled,alternating_variances,8,90126,variance_estimation,126
1.0206283458081138,full_latent_coordinatewise,alternating_variances,8,90126,variance_estimation,126
1.3498875039496991,full_latent_pooled,alternating_variances,8,90126,variance_estimation,126
0.05111705123771948,qalt_pooled,exact_sharing,8,90127,variance_estimation,127
0.8208208638307428,full_latent_coordinatewise,exact_sharing,8,90127,variance_estimation,127
0.05111705123771948,full_latent_pooled,exact_sharing,8,90127,variance_estimation,127
1.4678738929993504,qalt_pooled,alternating_variances,8,90127,variance_estimation,127
1.23537425122206,full_latent_coordinatewise,alternating_variances,8,90127,variance_estimation,127
1.4678738929993504,full_latent_pooled,alternating_variances,8,90127,variance_estimation,127
0.0220791322334499,qalt_pooled,exact_sharing,8,90128,variance_estimation,128
1.3440753094432978,full_latent_coordinatewise,exact_sharing,8,90128,variance_estimation,128
0.0220791322334499,full_latent_pooled,exact_sharing,8,90128,variance_estimation,128
1.461932577907339,qalt_pooled,alternating_variances,8,90128,variance_estimation,128
0.4772461174431595,full_latent_coordinatewise,alternating_variances,8,90128,variance_estimation,128
1.461932577907339,full_latent_pooled,alternating_variances,8,90128,variance_estimation,128
0.005832246931991442,qalt_pooled,exact_sharing,8,90129,variance_estimation,129
0.39546167853827313,full_latent_coordinatewise,exact_sharing,8,90129,variance_estimation,129
0.005832246931991442,full_latent_pooled,exact_sharing,8,90129,variance_estimation,129
1.4201221425393102,qalt_pooled,alternating_variances,8,90129,variance_estimation,129
0.4832605600613823,full_latent_coordinatewise,alternating_variances,8,90129,variance_estimation,129
1.4201221425393102,full_latent_pooled,alternating_variances,8,90129,variance_estimation,129
0.10631075359279085,qalt_pooled,exact_sharing,8,90130,variance_estimation,130
1.5832853322131621,full_latent_coordinatewise,exact_sharing,8,90130,variance_estimation,130
0.10631075359279085,full_latent_pooled,exact_sharing,8,90130,variance_estimation,130
1.3627339071156777,qalt_pooled,alternating_variances,8,90130,variance_estimation,130
1.4164030379220192,full_latent_coordinatewise,alternating_variances,8,90130,variance_estimation,130
1.3627339071156777,full_latent_pooled,alternating_variances,8,90130,variance_estimation,130
0.13594010093385572,qalt_pooled,exact_sharing,8,90131,variance_estimation,131
0.6238655408758598,full_latent_coordinatewise,exact_sharing,8,90131,variance_estimation,131
0.13594010093385572,full_latent_pooled,exact_sharing,8,90131,variance_estimation,131
1.3395803074463974,qalt_pooled,alternating_variances,8,90131,variance_estimation,131
0.46607865689724415,full_latent_coordinatewise,alternating_variances,8,90131,variance_estimation,131
1.3395803074463974,full_latent_pooled,alternating_variances,8,90131,variance_estimation,131
0.011973694667026052,qalt_pooled,exact_sharing,8,90132,variance_estimation,132
0.928952842997024,full_latent_coordinatewise,exact_sharing,8,90132,variance_estimation,132
0.011973694667026052,full_latent_pooled,exact_sharing,8,90132,variance_estimation,132
1.4480198629097114,qalt_pooled,alternating_variances,8,90132,variance_estimation,132
0.5888396141079455,full_latent_coordinatewise,alternating_variances,8,90132,variance_estimation,132
1.4480198629097114,full_latent_pooled,alternating_variances,8,90132,variance_estimation,132
0.0013286423495557365,qalt_pooled,exact_sharing,8,90133,variance_estimation,133
0.6632244508018708,full_latent_coordinatewise,exact_sharing,8,90133,variance_estimation,133
0.0013286423495557365,full_latent_pooled,exact_sharing,8,90133,variance_estimation,133
1.4507899474874801,qalt_pooled,alternating_variances,8,90133,variance_estimation,133
0.30407043461373195,full_latent_coordinatewise,alternating_variances,8,90133,variance_estimation,133
1.4507899474874801,full_latent_pooled,alternating_variances,8,90133,variance_estimation,133
0.043509613634345384,qalt_pooled,exact_sharing,8,90134,variance_estimation,134
1.13563987879685,full_latent_coordinatewise,exact_sharing,8,90134,variance_estimation,134
0.043509613634345384,full_latent_pooled,exact_sharing,8,90134,variance_estimation,134
1.3947837347149314,qalt_pooled,alternating_variances,8,90134,variance_estimation,134
1.0267094850897267,full_latent_coordinatewise,alternating_variances,8,90134,variance_estimation,134
1.3947837347149314,full_latent_pooled,alternating_variances,8,90134,variance_estimation,134
0.030010717269291637,qalt_pooled,exact_sharing,8,90135,variance_estimation,135
1.217450680999229,full_latent_coordinatewise,exact_sharing,8,90135,variance_estimation,135
0.030010717269291637,full_latent_pooled,exact_sharing,8,90135,variance_estimation,135
1.5650746999849199,qalt_pooled,alternating_variances,8,90135,variance_estimation,135
0.7459607090248935,full_latent_coordinatewise,alternating_variances,8,90135,variance_estimation,135
1.5650746999849199,full_latent_pooled,alternating_variances,8,90135,variance_estimation,135
0.038015646046324514,qalt_pooled,exact_sharing,8,90136,variance_estimation,136
1.7431470709685983,full_latent_coordinatewise,exact_sharing,8,90136,variance_estimation,136
0.038015646046324514,full_latent_pooled,exact_sharing,8,90136,variance_estimation,136
1.3655394428928602,qalt_pooled,alternating_variances,8,90136,variance_estimation,136
2.0917772867192608,full_latent_coordinatewise,alternating_variances,8,90136,variance_estimation,136
1.3655394428928602,full_latent_pooled,alternating_variances,8,90136,variance_estimation,136
0.1079402974106583,qalt_pooled,exact_sharing,8,90137,variance_estimation,137
0.7556017252081061,full_latent_coordinatewise,exact_sharing,8,90137,variance_estimation,137
0.1079402974106583,full_latent_pooled,exact_sharing,8,90137,variance_estimation,137
1.6697514442815995,qalt_pooled,alternating_variances,8,90137,variance_estimation,137
1.0039638930021664,full_latent_coordinatewise,alternating_variances,8,90137,variance_estimation,137
1.6697514442815995,full_latent_pooled,alternating_variances,8,90137,variance_estimation,137
0.03977385737371436,qalt_pooled,exact_sharing,8,90138,variance_estimation,138
0.5200903252592967,full_latent_coordinatewise,exact_sharing,8,90138,variance_estimation,138
0.03977385737371436,full_latent_pooled,exact_sharing,8,90138,variance_estimation,138
1.3400985253370634,qalt_pooled,alternating_variances,8,90138,variance_estimation,138
1.5063462384267499,full_latent_coordinatewise,alternating_variances,8,90138,variance_estimation,138
1.3400985253370634,full_latent_pooled,alternating_variances,8,90138,variance_estimation,138
0.008579761089852714,qalt_pooled,exact_sharing,8,90139,variance_estimation,139
0.5837438658354178,full_latent_coordinatewise,exact_sharing,8,90139,variance_estimation,139
0.008579761089852714,full_latent_pooled,exact_sharing,8,90139,variance_estimation,139
1.570039448434188,qalt_pooled,alternating_variances,8,90139,variance_estimation,139
1.1509147969354148,full_latent_coordinatewise,alternating_variances,8,90139,variance_estimation,139
1.570039448434188,full_latent_pooled,alternating_variances,8,90139,variance_estimation,139
0.05108158477927088,qalt_pooled,exact_sharing,8,90140,variance_estimation,140
3.1202902653110214,full_latent_coordinatewise,exact_sharing,8,90140,variance_estimation,140
0.05108158477927088,full_latent_pooled,exact_sharing,8,90140,variance_estimation,140
1.3776980853573155,qalt_pooled,alternating_variances,8,90140,variance_estimation,140
0.587728476917524,full_latent_coordinatewise,alternating_variances,8,90140,variance_estimation,140
1.3776980853573155,full_latent_pooled,alternating_variances,8,90140,variance_estimation,140
0.014015792539259525,qalt_pooled,exact_sharing,8,90141,variance_estimation,141
2.086648196058992,full_latent_coordinatewise,exact_sharing,8,90141,variance_estimation,141
0.014015792539259525,full_latent_pooled,exact_sharing,8,90141,variance_estimation,141
1.406505821552368,qalt_pooled,alternating_variances,8,90141,variance_estimation,141
0.9143668911809328,full_latent_coordinatewise,alternating_variances,8,90141,variance_estimation,141
1.406505821552368,full_latent_pooled,alternating_variances,8,90141,variance_estimation,141
0.09456354593625893,qalt_pooled,exact_sharing,8,90142,variance_estimation,142
3.4474135992481694,full_latent_coordinatewise,exact_sharing,8,90142,variance_estimation,142
0.09456354593625893,full_latent_pooled,exact_sharing,8,90142,variance_estimation,142
1.3737952555118502,qalt_pooled,alternating_variances,8,90142,variance_estimation,142
2.217508428499003,full_latent_coordinatewise,alternating_variances,8,90142,variance_estimation,142
1.3737952555118502,full_latent_pooled,alternating_variances,8,90142,variance_estimation,142
0.2023181814496534,qalt_pooled,exact_sharing,8,90143,variance_estimation,143
1.9965520319872665,full_latent_coordinatewise,exact_sharing,8,90143,variance_estimation,143
0.2023181814496534,full_latent_pooled,exact_sharing,8,90143,variance_estimation,143
1.4210874500090693,qalt_pooled,alternating_variances,8,90143,variance_estimation,143
1.5090366104509767,full_latent_coordinatewise,alternating_variances,8,90143,variance_estimation,143
1.4210874500090693,full_latent_pooled,alternating_variances,8,90143,variance_estimation,143
0.005332467734226784,qalt_pooled,exact_sharing,8,90144,variance_estimation,144
1.3949919241452355,full_latent_coordinatewise,exact_sharing,8,90144,variance_estimation,144
0.005332467734226784,full_latent_pooled,exact_sharing,8,90144,variance_estimation,144
1.3544458290824277,qalt_pooled,alternating_variances,8,90144,variance_estimation,144
1.8744316622033952,full_latent_coordinatewise,alternating_variances,8,90144,variance_estimation,144
1.3544458290824277,full_latent_pooled,alternating_variances,8,90144,variance_estimation,144
0.24866169068644717,qalt_pooled,exact_sharing,8,90145,variance_estimation,145
1.9079641680799255,full_latent_coordinatewise,exact_sharing,8,90145,variance_estimation,145
0.24866169068644717,full_latent_pooled,exact_sharing,8,90145,variance_estimation,145
1.399581006230345,qalt_pooled,alternating_variances,8,90145,variance_estimation,145
0.46287923145300364,full_latent_coordinatewise,alternating_variances,8,90145,variance_estimation,145
1.399581006230345,full_latent_pooled,alternating_variances,8,90145,variance_estimation,145
0.0458914820892139,qalt_pooled,exact_sharing,8,90146,variance_estimation,146
1.357769234727109,full_latent_coordinatewise,exact_sharing,8,90146,variance_estimation,146
0.0458914820892139,full_latent_pooled,exact_sharing,8,90146,variance_estimation,146
1.8335135960083815,qalt_pooled,alternating_variances,8,90146,variance_estimation,146
3.1281918760511593,full_latent_coordinatewise,alternating_variances,8,90146,variance_estimation,146
1.8335135960083815,full_latent_pooled,alternating_variances,8,90146,variance_estimation,146
0.08126666168068503,qalt_pooled,exact_sharing,8,90147,variance_estimation,147
0.5946322407661353,full_latent_coordinatewise,exact_sharing,8,90147,variance_estimation,147
0.08126666168068503,full_latent_pooled,exact_sharing,8,90147,variance_estimation,147
1.6482970069485332,qalt_pooled,alternating_variances,8,90147,variance_estimation,147
1.9880785058747041,full_latent_coordinatewise,alternating_variances,8,90147,variance_estimation,147
1.6482970069485332,full_latent_pooled,alternating_variances,8,90147,variance_estimation,147
0.01657809671836899,qalt_pooled,exact_sharing,8,90148,variance_estimation,148
3.2200038191831544,full_latent_coordinatewise,exact_sharing,8,90148,variance_estimation,148
0.01657809671836899,full_latent_pooled,exact_sharing,8,90148,variance_estimation,148
1.3411235861616613,qalt_pooled,alternating_variances,8,90148,variance_estimation,148
0.7025095072577614,full_latent_coordinatewise,alternating_variances,8,90148,variance_estimation,148
1.3411235861616613,full_latent_pooled,alternating_variances,8,90148,variance_estimation,148
0.01985591900050504,qalt_pooled,exact_sharing,8,90149,variance_estimation,149
0.7444082586415472,full_latent_coordinatewise,exact_sharing,8,90149,variance_estimation,149
0.01985591900050504,full_latent_pooled,exact_sharing,8,90149,variance_estimation,149
1.429103968094646,qalt_pooled,alternating_variances,8,90149,variance_estimation,149
2.9024008697804726,full_latent_coordinatewise,alternating_variances,8,90149,variance_estimation,149
1.429103968094646,full_latent_pooled,alternating_variances,8,90149,variance_estimation,149
0.07290600428799193,qalt_pooled,exact_sharing,8,90150,variance_estimation,150
0.48590264239998654,full_latent_coordinatewise,exact_sharing,8,90150,variance_estimation,150
0.07290600428799193,full_latent_pooled,exact_sharing,8,90150,variance_estimation,150
1.3534390695397567,qalt_pooled,alternating_variances,8,90150,variance_estimation,150
0.9254702537087159,full_latent_coordinatewise,alternating_variances,8,90150,variance_estimation,150
1.3534390695397567,full_latent_pooled,alternating_variances,8,90150,variance_estimation,150
0.09100264114551809,qalt_pooled,exact_sharing,8,90151,variance_estimation,151
1.8560835570406988,full_latent_coordinatewise,exact_sharing,8,90151,variance_estimation,151
0.09100264114551809,full_latent_pooled,exact_sharing,8,90151,variance_estimation,151
1.5100377717194278,qalt_pooled,alternating_variances,8,90151,variance_estimation,151
1.2440431089812134,full_latent_coordinatewise,alternating_variances,8,90151,variance_estimation,151
1.5100377717194278,full_latent_pooled,alternating_variances,8,90151,variance_estimation,151
0.06930687046976414,qalt_pooled,exact_sharing,8,90152,variance_estimation,152
2.508619507918638,full_latent_coordinatewise,exact_sharing,8,90152,variance_estimation,152
0.06930687046976414,full_latent_pooled,exact_sharing,8,90152,variance_estimation,152
1.4066702046488642,qalt_pooled,alternating_variances,8,90152,variance_estimation,152
0.6417163094972543,full_latent_coordinatewise,alternating_variances,8,90152,variance_estimation,152
1.4066702046488642,full_latent_pooled,alternating_variances,8,90152,variance_estimation,152
0.04764940714596014,qalt_pooled,exact_sharing,8,90153,variance_estimation,153
0.7937759868585699,full_latent_coordinatewise,exact_sharing,8,90153,variance_estimation,153
0.04764940714596014,full_latent_pooled,exact_sharing,8,90153,variance_estimation,153
1.4157599297348407,qalt_pooled,alternating_variances,8,90153,variance_estimation,153
0.7539597127782265,full_latent_coordinatewise,alternating_variances,8,90153,variance_estimation,153
1.4157599297348407,full_latent_pooled,alternating_variances,8,90153,variance_estimation,153
5.3715366411891466e-05,qalt_pooled,exact_sharing,8,90154,variance_estimation,154
1.1493326463152351,full_latent_coordinatewise,exact_sharing,8,90154,variance_estimation,154
5.3715366411891466e-05,full_latent_pooled,exact_sharing,8,90154,variance_estimation,154
1.8295981442769462,qalt_pooled,alternating_variances,8,90154,variance_estimation,154
1.7738717511474782,full_latent_coordinatewise,alternating_variances,8,90154,variance_estimation,154
1.8295981442769462,full_latent_pooled,alternating_variances,8,90154,variance_estimation,154
0.003656851436485878,qalt_pooled,exact_sharing,8,90155,variance_estimation,155
1.8773096007515329,full_latent_coordinatewise,exact_sharing,8,90155,variance_estimation,155
0.003656851436485878,full_latent_pooled,exact_sharing,8,90155,variance_estimation,155
1.507097393301643,qalt_pooled,alternating_variances,8,90155,variance_estimation,155
0.8340507087367556,full_latent_coordinatewise,alternating_variances,8,90155,variance_estimation,155
1.507097393301643,full_latent_pooled,alternating_variances,8,90155,variance_estimation,155
0.19367596292647504,qalt_pooled,exact_sharing,8,90156,variance_estimation,156
1.0710762902287787,full_latent_coordinatewise,exact_sharing,8,90156,variance_estimation,156
0.19367596292647504,full_latent_pooled,exact_sharing,8,90156,variance_estimation,156
1.4179140256868143,qalt_pooled,alternating_variances,8,90156,variance_estimation,156
0.5795607237938913,full_latent_coordinatewise,alternating_variances,8,90156,variance_estimation,156
1.4179140256868143,full_latent_pooled,alternating_variances,8,90156,variance_estimation,156
0.004019132539921796,qalt_pooled,exact_sharing,8,90157,variance_estimation,157
1.0007892657768225,full_latent_coordinatewise,exact_sharing,8,90157,variance_estimation,157
0.004019132539921796,full_latent_pooled,exact_sharing,8,90157,variance_estimation,157
1.5051914813245109,qalt_pooled,alternating_variances,8,90157,variance_estimation,157
0.5934526008267956,full_latent_coordinatewise,alternating_variances,8,90157,variance_estimation,157
1.5051914813245109,full_latent_pooled,alternating_variances,8,90157,variance_estimation,157
0.03377099596890901,qalt_pooled,exact_sharing,8,90158,variance_estimation,158
1.3868161394625877,full_latent_coordinatewise,exact_sharing,8,90158,variance_estimation,158
0.03377099596890901,full_latent_pooled,exact_sharing,8,90158,variance_estimation,158
1.4119116550852846,qalt_pooled,alternating_variances,8,90158,variance_estimation,158
1.7253880891448425,full_latent_coordinatewise,alternating_variances,8,90158,variance_estimation,158
1.4119116550852846,full_latent_pooled,alternating_variances,8,90158,variance_estimation,158
0.03355145417776509,qalt_pooled,exact_sharing,8,90159,variance_estimation,159
0.6422270416090562,full_latent_coordinatewise,exact_sharing,8,90159,variance_estimation,159
0.03355145417776509,full_latent_pooled,exact_sharing,8,90159,variance_estimation,159
1.5693642281713402,qalt_pooled,alternating_variances,8,90159,variance_estimation,159
2.429937796015088,full_latent_coordinatewise,alternating_variances,8,90159,variance_estimation,159
1.5693642281713402,full_latent_pooled,alternating_variances,8,90159,variance_estimation,159
0.4434928332270831,qalt_pooled,exact_sharing,8,90160,variance_estimation,160
1.680610417835171,full_latent_coordinatewise,exact_sharing,8,90160,variance_estimation,160
0.4434928332270831,full_latent_pooled,exact_sharing,8,90160,variance_estimation,160
1.4850616254086568,qalt_pooled,alternating_variances,8,90160,variance_estimation,160
1.8042734900112034,full_latent_coordinatewise,alternating_variances,8,90160,variance_estimation,160
1.4850616254086568,full_latent_pooled,alternating_variances,8,90160,variance_estimation,160
0.015996224692269884,qalt_pooled,exact_sharing,8,90161,variance_estimation,161
2.504876218188189,full_latent_coordinatewise,exact_sharing,8,90161,variance_estimation,161
0.015996224692269884,full_latent_pooled,exact_sharing,8,90161,variance_estimation,161
1.6137361469142242,qalt_pooled,alternating_variances,8,90161,variance_estimation,161
2.3044389652948496,full_latent_coordinatewise,alternating_variances,8,90161,variance_estimation,161
1.6137361469142242,full_latent_pooled,alternating_variances,8,90161,variance_estimation,161
0.05470005087228902,qalt_pooled,exact_sharing,8,90162,variance_estimation,162
0.42184705379523857,full_latent_coordinatewise,exact_sharing,8,90162,variance_estimation,162
0.05470005087228902,full_latent_pooled,exact_sharing,8,90162,variance_estimation,162
1.3717309870142413,qalt_pooled,alternating_variances,8,90162,variance_estimation,162
0.7799826364886413,full_latent_coordinatewise,alternating_variances,8,90162,variance_estimation,162
1.3717309870142413,full_latent_pooled,alternating_variances,8,90162,variance_estimation,162
0.024532556335301686,qalt_pooled,exact_sharing,8,90163,variance_estimation,163
1.447779077159319,full_latent_coordinatewise,exact_sharing,8,90163,variance_estimation,163
0.024532556335301686,full_latent_pooled,exact_sharing,8,90163,variance_estimation,163
1.4971776784090727,qalt_pooled,alternating_variances,8,90163,variance_estimation,163
0.696773009822594,full_latent_coordinatewise,alternating_variances,8,90163,variance_estimation,163
1.4971776784090727,full_latent_pooled,alternating_variances,8,90163,variance_estimation,163
0.01998270635040994,qalt_pooled,exact_sharing,8,90164,variance_estimation,164
0.825096846962519,full_latent_coordinatewise,exact_sharing,8,90164,variance_estimation,164
0.01998270635040994,full_latent_pooled,exact_sharing,8,90164,variance_estimation,164
1.3651487176045418,qalt_pooled,alternating_variances,8,90164,variance_estimation,164
1.7615172538063997,full_latent_coordinatewise,alternating_variances,8,90164,variance_estimation,164
1.3651487176045418,full_latent_pooled,alternating_variances,8,90164,variance_estimation,164
0.00018046996385205107,qalt_pooled,exact_sharing,8,90165,variance_estimation,165
1.5121628201382724,full_latent_coordinatewise,exact_sharing,8,90165,variance_estimation,165
0.00018046996385205107,full_latent_pooled,exact_sharing,8,90165,variance_estimation,165
1.5978428070170605,qalt_pooled,alternating_variances,8,90165,variance_estimation,165
2.7780896225851333,full_latent_coordinatewise,alternating_variances,8,90165,variance_estimation,165
1.5978428070170605,full_latent_pooled,alternating_variances,8,90165,variance_estimation,165
0.004607098790805134,qalt_pooled,exact_sharing,8,90166,variance_estimation,166
1.415278400983703,full_latent_coordinatewise,exact_sharing,8,90166,variance_estimation,166
0.004607098790805134,full_latent_pooled,exact_sharing,8,90166,variance_estimation,166
1.3512296955924463,qalt_pooled,alternating_variances,8,90166,variance_estimation,166
0.3450529241249308,full_latent_coordinatewise,alternating_variances,8,90166,variance_estimation,166
1.3512296955924463,full_latent_pooled,alternating_variances,8,90166,variance_estimation,166
4.680181045982161e-05,qalt_pooled,exact_sharing,8,90167,variance_estimation,167
1.6464314616988955,full_latent_coordinatewise,exact_sharing,8,90167,variance_estimation,167
4.680181045982161e-05,full_latent_pooled,exact_sharing,8,90167,variance_estimation,167
1.3574126825979844,qalt_pooled,alternating_variances,8,90167,variance_estimation,167
0.6728147261845256,full_latent_coordinatewise,alternating_variances,8,90167,variance_estimation,167
1.3574126825979844,full_latent_pooled,alternating_variances,8,90167,variance_estimation,167
0.057330670723141075,qalt_pooled,exact_sharing,8,90168,variance_estimation,168
0.5005077079847267,full_latent_coordinatewise,exact_sharing,8,90168,variance_estimation,168
0.057330670723141075,full_latent_pooled,exact_sharing,8,90168,variance_estimation,168
1.4675382744622048,qalt_pooled,alternating_variances,8,90168,variance_estimation,168
0.6867104010304909,full_latent_coordinatewise,alternating_variances,8,90168,variance_estimation,168
1.4675382744622048,full_latent_pooled,alternating_variances,8,90168,variance_estimation,168
0.40441354792057793,qalt_pooled,exact_sharing,8,90169,variance_estimation,169
2.2727735079250784,full_latent_coordinatewise,exact_sharing,8,90169,variance_estimation,169
0.40441354792057793,full_latent_pooled,exact_sharing,8,90169,variance_estimation,169
1.341447059717726,qalt_pooled,alternating_variances,8,90169,variance_estimation,169
1.2046781523443628,full_latent_coordinatewise,alternating_variances,8,90169,variance_estimation,169
1.341447059717726,full_latent_pooled,alternating_variances,8,90169,variance_estimation,169
0.10709305626145155,qalt_pooled,exact_sharing,8,90170,variance_estimation,170
3.4723134152696034,full_latent_coordinatewise,exact_sharing,8,90170,variance_estimation,170
0.10709305626145155,full_latent_pooled,exact_sharing,8,90170,variance_estimation,170
1.3434165070977702,qalt_pooled,alternating_variances,8,90170,variance_estimation,170
1.3977469011333175,full_latent_coordinatewise,alternating_variances,8,90170,variance_estimation,170
1.3434165070977702,full_latent_pooled,alternating_variances,8,90170,variance_estimation,170
0.0026690291069124544,qalt_pooled,exact_sharing,8,90171,variance_estimation,171
0.7173738029850141,full_latent_coordinatewise,exact_sharing,8,90171,variance_estimation,171
0.0026690291069124544,full_latent_pooled,exact_sharing,8,90171,variance_estimation,171
1.3405553099005818,qalt_pooled,alternating_variances,8,90171,variance_estimation,171
0.3337569746635062,full_latent_coordinatewise,alternating_variances,8,90171,variance_estimation,171
1.3405553099005818,full_latent_pooled,alternating_variances,8,90171,variance_estimation,171
0.005718528501672648,qalt_pooled,exact_sharing,8,90172,variance_estimation,172
0.7041227775914032,full_latent_coordinatewise,exact_sharing,8,90172,variance_estimation,172
0.005718528501672648,full_latent_pooled,exact_sharing,8,90172,variance_estimation,172
1.3743174120328725,qalt_pooled,alternating_variances,8,90172,variance_estimation,172
0.4115107395653339,full_latent_coordinatewise,alternating_variances,8,90172,variance_estimation,172
1.3743174120328725,full_latent_pooled,alternating_variances,8,90172,variance_estimation,172
0.06432862636872522,qalt_pooled,exact_sharing,8,90173,variance_estimation,173
1.0900370337561887,full_latent_coordinatewise,exact_sharing,8,90173,variance_estimation,173
0.06432862636872522,full_latent_pooled,exact_sharing,8,90173,variance_estimation,173
1.425889926054631,qalt_pooled,alternating_variances,8,90173,variance_estimation,173
0.40097827711989736,full_latent_coordinatewise,alternating_variances,8,90173,variance_estimation,173
1.425889926054631,full_latent_pooled,alternating_variances,8,90173,variance_estimation,173
0.1387603014677109,qalt_pooled,exact_sharing,8,90174,variance_estimation,174
0.9058588191785779,full_latent_coordinatewise,exact_sharing,8,90174,variance_estimation,174
0.1387603014677109,full_latent_pooled,exact_sharing,8,90174,variance_estimation,174
1.3614041817676583,qalt_pooled,alternating_variances,8,90174,variance_estimation,174
1.4049904645005487,full_latent_coordinatewise,alternating_variances,8,90174,variance_estimation,174
1.3614041817676583,full_latent_pooled,alternating_variances,8,90174,variance_estimation,174
0.004199687491735896,qalt_pooled,exact_sharing,8,90175,variance_estimation,175
0.8424298654774773,full_latent_coordinatewise,exact_sharing,8,90175,variance_estimation,175
0.004199687491735896,full_latent_pooled,exact_sharing,8,90175,variance_estimation,175
1.3420692742508327,qalt_pooled,alternating_variances,8,90175,variance_estimation,175
1.227497818869992,full_latent_coordinatewise,alternating_variances,8,90175,variance_estimation,175
1.3420692742508327,full_latent_pooled,alternating_variances,8,90175,variance_estimation,175
0.004225176327282643,qalt_pooled,exact_sharing,8,90176,variance_estimation,176
0.3591265441884957,full_latent_coordinatewise,exact_sharing,8,90176,variance_estimation,176
0.004225176327282643,full_latent_pooled,exact_sharing,8,90176,variance_estimation,176
1.4796174422262973,qalt_pooled,alternating_variances,8,90176,variance_estimation,176
2.330038139268736,full_latent_coordinatewise,alternating_variances,8,90176,variance_estimation,176
1.4796174422262973,full_latent_pooled,alternating_variances,8,90176,variance_estimation,176
0.025356859224148376,qalt_pooled,exact_sharing,8,90177,variance_estimation,177
1.3274467256487634,full_latent_coordinatewise,exact_sharing,8,90177,variance_estimation,177
0.025356859224148376,full_latent_pooled,exact_sharing,8,90177,variance_estimation,177
1.3984406674099374,qalt_pooled,alternating_variances,8,90177,variance_estimation,177
1.0040406886875144,full_latent_coordinatewise,alternating_variances,8,90177,variance_estimation,177
1.3984406674099374,full_latent_pooled,alternating_variances,8,90177,variance_estimation,177
0.0006104977936110291,qalt_pooled,exact_sharing,8,90178,variance_estimation,178
0.6299404850940657,full_latent_coordinatewise,exact_sharing,8,90178,variance_estimation,178
0.0006104977936110291,full_latent_pooled,exact_sharing,8,90178,variance_estimation,178
1.4446494711684688,qalt_pooled,alternating_variances,8,90178,variance_estimation,178
0.6578117670563391,full_latent_coordinatewise,alternating_variances,8,90178,variance_estimation,178
1.4446494711684688,full_latent_pooled,alternating_variances,8,90178,variance_estimation,178
0.29494854058365805,qalt_pooled,exact_sharing,8,90179,variance_estimation,179
2.16908115407662,full_latent_coordinatewise,exact_sharing,8,90179,variance_estimation,179
0.29494854058365805,full_latent_pooled,exact_sharing,8,90179,variance_estimation,179
1.3390546026289047,qalt_pooled,alternating_variances,8,90179,variance_estimation,179
1.1047272611855026,full_latent_coordinatewise,alternating_variances,8,90179,variance_estimation,179
1.3390546026289047,full_latent_pooled,alternating_variances,8,90179,variance_estimation,179
0.010108117425349242,qalt_pooled,exact_sharing,8,90180,variance_estimation,180
1.094129985187368,full_latent_coordinatewise,exact_sharing,8,90180,variance_estimation,180
0.010108117425349242,full_latent_pooled,exact_sharing,8,90180,variance_estimation,180
1.353323458944652,qalt_pooled,alternating_variances,8,90180,variance_estimation,180
2.3062894278128256,full_latent_coordinatewise,alternating_variances,8,90180,variance_estimation,180
1.353323458944652,full_latent_pooled,alternating_variances,8,90180,variance_estimation,180
0.026675709750271948,qalt_pooled,exact_sharing,8,90181,variance_estimation,181
1.0061704907375724,full_latent_coordinatewise,exact_sharing,8,90181,variance_estimation,181
0.026675709750271948,full_latent_pooled,exact_sharing,8,90181,variance_estimation,181
1.353388256000636,qalt_pooled,alternating_variances,8,90181,variance_estimation,181
1.1638617042513748,full_latent_coordinatewise,alternating_variances,8,90181,variance_estimation,181
1.353388256000636,full_latent_pooled,alternating_variances,8,90181,variance_estimation,181
0.04979493500314991,qalt_pooled,exact_sharing,8,90182,variance_estimation,182
1.299990928556668,full_latent_coordinatewise,exact_sharing,8,90182,variance_estimation,182
0.04979493500314991,full_latent_pooled,exact_sharing,8,90182,variance_estimation,182
1.339162473197167,qalt_pooled,alternating_variances,8,90182,variance_estimation,182
0.8033655807508845,full_latent_coordinatewise,alternating_variances,8,90182,variance_estimation,182
1.339162473197167,full_latent_pooled,alternating_variances,8,90182,variance_estimation,182
0.032058413040588735,qalt_pooled,exact_sharing,8,90183,variance_estimation,183
0.8574170544735534,full_latent_coordinatewise,exact_sharing,8,90183,variance_estimation,183
0.032058413040588735,full_latent_pooled,exact_sharing,8,90183,variance_estimation,183
1.602197052233084,qalt_pooled,alternating_variances,8,90183,variance_estimation,183
0.8395905183669383,full_latent_coordinatewise,alternating_variances,8,90183,variance_estimation,183
1.602197052233084,full_latent_pooled,alternating_variances,8,90183,variance_estimation,183
0.004236305928708314,qalt_pooled,exact_sharing,8,90184,variance_estimation,184
0.7913984637214015,full_latent_coordinatewise,exact_sharing,8,90184,variance_estimation,184
0.004236305928708314,full_latent_pooled,exact_sharing,8,90184,variance_estimation,184
1.3398526271143254,qalt_pooled,alternating_variances,8,90184,variance_estimation,184
0.6763861512000114,full_latent_coordinatewise,alternating_variances,8,90184,variance_estimation,184
1.3398526271143254,full_latent_pooled,alternating_variances,8,90184,variance_estimation,184
0.10965276675969077,qalt_pooled,exact_sharing,8,90185,variance_estimation,185
1.7238466865302047,full_latent_coordinatewise,exact_sharing,8,90185,variance_estimation,185
0.10965276675969077,full_latent_pooled,exact_sharing,8,90185,variance_estimation,185
1.3496004377026545,qalt_pooled,alternating_variances,8,90185,variance_estimation,185
0.78930429269248,full_latent_coordinatewise,alternating_variances,8,90185,variance_estimation,185
1.3496004377026545,full_latent_pooled,alternating_variances,8,90185,variance_estimation,185
0.04061782504356004,qalt_pooled,exact_sharing,8,90186,variance_estimation,186
0.6550606748760203,full_latent_coordinatewise,exact_sharing,8,90186,variance_estimation,186
0.04061782504356004,full_latent_pooled,exact_sharing,8,90186,variance_estimation,186
1.3388791495365933,qalt_pooled,alternating_variances,8,90186,variance_estimation,186
1.7417057199748045,full_latent_coordinatewise,alternating_variances,8,90186,variance_estimation,186
1.3388791495365933,full_latent_pooled,alternating_variances,8,90186,variance_estimation,186
1.9960053572569414e-05,qalt_pooled,exact_sharing,8,90187,variance_estimation,187
1.1302388123681424,full_latent_coordinatewise,exact_sharing,8,90187,variance_estimation,187
1.9960053572569414e-05,full_latent_pooled,exact_sharing,8,90187,variance_estimation,187
1.606266135799843,qalt_pooled,alternating_variances,8,90187,variance_estimation,187
0.7837333201890836,full_latent_coordinatewise,alternating_variances,8,90187,variance_estimation,187
1.606266135799843,full_latent_pooled,alternating_variances,8,90187,variance_estimation,187
0.23376108762490144,qalt_pooled,exact_sharing,8,90188,variance_estimation,188
0.6348001171981019,full_latent_coordinatewise,exact_sharing,8,90188,variance_estimation,188
0.23376108762490144,full_latent_pooled,exact_sharing,8,90188,variance_estimation,188
1.6188731542384605,qalt_pooled,alternating_variances,8,90188,variance_estimation,188
0.7652542928709658,full_latent_coordinatewise,alternating_variances,8,90188,variance_estimation,188
1.6188731542384605,full_latent_pooled,alternating_variances,8,90188,variance_estimation,188
0.03175626678447277,qalt_pooled,exact_sharing,8,90189,variance_estimation,189
3.162278183602805,full_latent_coordinatewise,exact_sharing,8,90189,variance_estimation,189
0.03175626678447277,full_latent_pooled,exact_sharing,8,90189,variance_estimation,189
1.5492736896419004,qalt_pooled,alternating_variances,8,90189,variance_estimation,189
0.9368176728341644,full_latent_coordinatewise,alternating_variances,8,90189,variance_estimation,189
1.5492736896419004,full_latent_pooled,alternating_variances,8,90189,variance_estimation,189
0.08213976828571329,qalt_pooled,exact_sharing,8,90190,variance_estimation,190
0.5844452832011494,full_latent_coordinatewise,exact_sharing,8,90190,variance_estimation,190
0.08213976828571329,full_latent_pooled,exact_sharing,8,90190,variance_estimation,190
1.3407919766907466,qalt_pooled,alternating_variances,8,90190,variance_estimation,190
1.1891157529896075,full_latent_coordinatewise,alternating_variances,8,90190,variance_estimation,190
1.3407919766907466,full_latent_pooled,alternating_variances,8,90190,variance_estimation,190
0.00036999663732997096,qalt_pooled,exact_sharing,8,90191,variance_estimation,191
1.1909215659093926,full_latent_coordinatewise,exact_sharing,8,90191,variance_estimation,191
0.00036999663732997096,full_latent_pooled,exact_sharing,8,90191,variance_estimation,191
1.3415620275700404,qalt_pooled,alternating_variances,8,90191,variance_estimation,191
1.432149854912233,full_latent_coordinatewise,alternating_variances,8,90191,variance_estimation,191
1.3415620275700404,full_latent_pooled,alternating_variances,8,90191,variance_estimation,191
0.1587091941886734,qalt_pooled,exact_sharing,8,90192,variance_estimation,192
0.7631075945561915,full_latent_coordinatewise,exact_sharing,8,90192,variance_estimation,192
0.1587091941886734,full_latent_pooled,exact_sharing,8,90192,variance_estimation,192
1.4199021164848395,qalt_pooled,alternating_variances,8,90192,variance_estimation,192
0.6302689106717447,full_latent_coordinatewise,alternating_variances,8,90192,variance_estimation,192
1.4199021164848395,full_latent_pooled,alternating_variances,8,90192,variance_estimation,192
0.02471772615479928,qalt_pooled,exact_sharing,8,90193,variance_estimation,193
0.4033485591810083,full_latent_coordinatewise,exact_sharing,8,90193,variance_estimation,193
0.02471772615479928,full_latent_pooled,exact_sharing,8,90193,variance_estimation,193
1.3585115947357436,qalt_pooled,alternating_variances,8,90193,variance_estimation,193
0.8305544969519171,full_latent_coordinatewise,alternating_variances,8,90193,variance_estimation,193
1.3585115947357436,full_latent_pooled,alternating_variances,8,90193,variance_estimation,193
0.026536710651047873,qalt_pooled,exact_sharing,8,90194,variance_estimation,194
0.46264236840908946,full_latent_coordinatewise,exact_sharing,8,90194,variance_estimation,194
0.026536710651047873,full_latent_pooled,exact_sharing,8,90194,variance_estimation,194
1.3680092214268598,qalt_pooled,alternating_variances,8,90194,variance_estimation,194
0.786369914909224,full_latent_coordinatewise,alternating_variances,8,90194,variance_estimation,194
1.3680092214268598,full_latent_pooled,alternating_variances,8,90194,variance_estimation,194
0.24291458333732396,qalt_pooled,exact_sharing,8,90195,variance_estimation,195
0.6103213957030474,full_latent_coordinatewise,exact_sharing,8,90195,variance_estimation,195
0.24291458333732396,full_latent_pooled,exact_sharing,8,90195,variance_estimation,195
1.3398389303126679,qalt_pooled,alternating_variances,8,90195,variance_estimation,195
0.7771869184385476,full_latent_coordinatewise,alternating_variances,8,90195,variance_estimation,195
1.3398389303126679,full_latent_pooled,alternating_variances,8,90195,variance_estimation,195
0.005421124732668828,qalt_pooled,exact_sharing,8,90196,variance_estimation,196
0.7355432377325496,full_latent_coordinatewise,exact_sharing,8,90196,variance_estimation,196
0.005421124732668828,full_latent_pooled,exact_sharing,8,90196,variance_estimation,196
1.3448495535824911,qalt_pooled,alternating_variances,8,90196,variance_estimation,196
0.9880857017269216,full_latent_coordinatewise,alternating_variances,8,90196,variance_estimation,196
1.3448495535824911,full_latent_pooled,alternating_variances,8,90196,variance_estimation,196
0.03468665432658788,qalt_pooled,exact_sharing,8,90197,variance_estimation,197
0.9680193378797105,full_latent_coordinatewise,exact_sharing,8,90197,variance_estimation,197
0.03468665432658788,full_latent_pooled,exact_sharing,8,90197,variance_estimation,197
1.6532796457069996,qalt_pooled,alternating_variances,8,90197,variance_estimation,197
0.9950239984352516,full_latent_coordinatewise,alternating_variances,8,90197,variance_estimation,197
1.6532796457069996,full_latent_pooled,alternating_variances,8,90197,variance_estimation,197
0.07127539533279514,qalt_pooled,exact_sharing,8,90198,variance_estimation,198
0.37391048670330473,full_latent_coordinatewise,exact_sharing,8,90198,variance_estimation,198
0.07127539533279514,full_latent_pooled,exact_sharing,8,90198,variance_estimation,198
1.4966490792167446,qalt_pooled,alternating_variances,8,90198,variance_estimation,198
2.0907846915647914,full_latent_coordinatewise,alternating_variances,8,90198,variance_estimation,198
1.4966490792167446,full_latent_pooled,alternating_variances,8,90198,variance_estimation,198
0.1994506028766071,qalt_pooled,exact_sharing,8,90199,variance_estimation,199
0.7902809902174198,full_latent_coordinatewise,exact_sharing,8,90199,variance_estimation,199
0.1994506028766071,full_latent_pooled,exact_sharing,8,90199,variance_estimation,199
1.3417955667612262,qalt_pooled,alternating_variances,8,90199,variance_estimation,199
2.5783407660561597,full_latent_coordinatewise,alternating_variances,8,90199,variance_estimation,199
1.3417955667612262,full_latent_pooled,alternating_variances,8,90199,variance_estimation,199
0.05351827409634641,qalt_pooled,exact_sharing,16,170000,variance_estimation,0
0.5303592522072469,full_latent_coordinatewise,exact_sharing,16,170000,variance_estimation,0
0.05351827409634641,full_latent_pooled,exact_sharing,16,170000,variance_estimation,0
1.4463358945478628,qalt_pooled,alternating_variances,16,170000,variance_estimation,0
0.5473401533842339,full_latent_coordinatewise,alternating_variances,16,170000,variance_estimation,0
1.4463358945478628,full_latent_pooled,alternating_variances,16,170000,variance_estimation,0
0.024954943224384823,qalt_pooled,exact_sharing,16,170001,variance_estimation,1
0.8120606375129462,full_latent_coordinatewise,exact_sharing,16,170001,variance_estimation,1
0.024954943224384823,full_latent_pooled,exact_sharing,16,170001,variance_estimation,1
1.3413344266280052,qalt_pooled,alternating_variances,16,170001,variance_estimation,1
0.4654622636584118,full_latent_coordinatewise,alternating_variances,16,170001,variance_estimation,1
1.3413344266280052,full_latent_pooled,alternating_variances,16,170001,variance_estimation,1
0.0099631791179208,qalt_pooled,exact_sharing,16,170002,variance_estimation,2
0.15761051101843215,full_latent_coordinatewise,exact_sharing,16,170002,variance_estimation,2
0.0099631791179208,full_latent_pooled,exact_sharing,16,170002,variance_estimation,2
1.3794500873180402,qalt_pooled,alternating_variances,16,170002,variance_estimation,2
0.22142168055972872,full_latent_coordinatewise,alternating_variances,16,170002,variance_estimation,2
1.3794500873180402,full_latent_pooled,alternating_variances,16,170002,variance_estimation,2
0.00011472337467713194,qalt_pooled,exact_sharing,16,170003,variance_estimation,3
0.36761461002156015,full_latent_coordinatewise,exact_sharing,16,170003,variance_estimation,3
0.00011472337467713194,full_latent_pooled,exact_sharing,16,170003,variance_estimation,3
1.3744381492724076,qalt_pooled,alternating_variances,16,170003,variance_estimation,3
0.5314925114417826,full_latent_coordinatewise,alternating_variances,16,170003,variance_estimation,3
1.3744381492724076,full_latent_pooled,alternating_variances,16,170003,variance_estimation,3
0.004964381784611754,qalt_pooled,exact_sharing,16,170004,variance_estimation,4
0.33410978697605936,full_latent_coordinatewise,exact_sharing,16,170004,variance_estimation,4
0.004964381784611754,full_latent_pooled,exact_sharing,16,170004,variance_estimation,4
1.4389127532930985,qalt_pooled,alternating_variances,16,170004,variance_estimation,4
0.6281165657708937,full_latent_coordinatewise,alternating_variances,16,170004,variance_estimation,4
1.4389127532930985,full_latent_pooled,alternating_variances,16,170004,variance_estimation,4
0.002477407224522943,qalt_pooled,exact_sharing,16,170005,variance_estimation,5
1.1786564684523082,full_latent_coordinatewise,exact_sharing,16,170005,variance_estimation,5
0.002477407224522943,full_latent_pooled,exact_sharing,16,170005,variance_estimation,5
1.4262969833938735,qalt_pooled,alternating_variances,16,170005,variance_estimation,5
0.5589038373408488,full_latent_coordinatewise,alternating_variances,16,170005,variance_estimation,5
1.4262969833938735,full_latent_pooled,alternating_variances,16,170005,variance_estimation,5
0.006635084299804972,qalt_pooled,exact_sharing,16,170006,variance_estimation,6
0.35878329334845305,full_latent_coordinatewise,exact_sharing,16,170006,variance_estimation,6
0.006635084299804972,full_latent_pooled,exact_sharing,16,170006,variance_estimation,6
1.339736037535522,qalt_pooled,alternating_variances,16,170006,variance_estimation,6
0.476708533218939,full_latent_coordinatewise,alternating_variances,16,170006,variance_estimation,6
1.339736037535522,full_latent_pooled,alternating_variances,16,170006,variance_estimation,6
0.0075977486921168375,qalt_pooled,exact_sharing,16,170007,variance_estimation,7
0.5800172593535706,full_latent_coordinatewise,exact_sharing,16,170007,variance_estimation,7
0.0075977486921168375,full_latent_pooled,exact_sharing,16,170007,variance_estimation,7
1.4680336638469402,qalt_pooled,alternating_variances,16,170007,variance_estimation,7
0.42416433086603944,full_latent_coordinatewise,alternating_variances,16,170007,variance_estimation,7
1.4680336638469402,full_latent_pooled,alternating_variances,16,170007,variance_estimation,7
0.07301337290717758,qalt_pooled,exact_sharing,16,170008,variance_estimation,8
0.44470285181622093,full_latent_coordinatewise,exact_sharing,16,170008,variance_estimation,8
0.07301337290717758,full_latent_pooled,exact_sharing,16,170008,variance_estimation,8
1.3879479164494453,qalt_pooled,alternating_variances,16,170008,variance_estimation,8
0.21174071878150263,full_latent_coordinatewise,alternating_variances,16,170008,variance_estimation,8
1.3879479164494453,full_latent_pooled,alternating_variances,16,170008,variance_estimation,8
0.05629830476237868,qalt_pooled,exact_sharing,16,170009,variance_estimation,9
0.36394316456939263,full_latent_coordinatewise,exact_sharing,16,170009,variance_estimation,9
0.05629830476237868,full_latent_pooled,exact_sharing,16,170009,variance_estimation,9
1.3388900018479606,qalt_pooled,alternating_variances,16,170009,variance_estimation,9
0.2985512030618545,full_latent_coordinatewise,alternating_variances,16,170009,variance_estimation,9
1.3388900018479606,full_latent_pooled,alternating_variances,16,170009,variance_estimation,9
0.0073445947875399875,qalt_pooled,exact_sharing,16,170010,variance_estimation,10
0.5650637773596353,full_latent_coordinatewise,exact_sharing,16,170010,variance_estimation,10
0.0073445947875399875,full_latent_pooled,exact_sharing,16,170010,variance_estimation,10
1.3503969993353904,qalt_pooled,alternating_variances,16,170010,variance_estimation,10
0.4640288896352669,full_latent_coordinatewise,alternating_variances,16,170010,variance_estimation,10
1.3503969993353904,full_latent_pooled,alternating_variances,16,170010,variance_estimation,10
0.004387763745566944,qalt_pooled,exact_sharing,16,170011,variance_estimation,11
0.5295082206047916,full_latent_coordinatewise,exact_sharing,16,170011,variance_estimation,11
0.004387763745566944,full_latent_pooled,exact_sharing,16,170011,variance_estimation,11
1.3742177151690438,qalt_pooled,alternating_variances,16,170011,variance_estimation,11
0.3262593989538898,full_latent_coordinatewise,alternating_variances,16,170011,variance_estimation,11
1.3742177151690438,full_latent_pooled,alternating_variances,16,170011,variance_estimation,11
0.18429701605209103,qalt_pooled,exact_sharing,16,170012,variance_estimation,12
0.6164112857223876,full_latent_coordinatewise,exact_sharing,16,170012,variance_estimation,12
0.18429701605209103,full_latent_pooled,exact_sharing,16,170012,variance_estimation,12
1.3737777212965683,qalt_pooled,alternating_variances,16,170012,variance_estimation,12
0.4025035948064481,full_latent_coordinatewise,alternating_variances,16,170012,variance_estimation,12
1.3737777212965683,full_latent_pooled,alternating_variances,16,170012,variance_estimation,12
0.004937749567538091,qalt_pooled,exact_sharing,16,170013,variance_estimation,13
0.18009042782678833,full_latent_coordinatewise,exact_sharing,16,170013,variance_estimation,13
0.004937749567538091,full_latent_pooled,exact_sharing,16,170013,variance_estimation,13
1.4070520641057793,qalt_pooled,alternating_variances,16,170013,variance_estimation,13
0.5687826584955541,full_latent_coordinatewise,alternating_variances,16,170013,variance_estimation,13
1.4070520641057793,full_latent_pooled,alternating_variances,16,170013,variance_estimation,13
0.014521875254578653,qalt_pooled,exact_sharing,16,170014,variance_estimation,14
0.4388744695611742,full_latent_coordinatewise,exact_sharing,16,170014,variance_estimation,14
0.014521875254578653,full_latent_pooled,exact_sharing,16,170014,variance_estimation,14
1.3425912607594115,qalt_pooled,alternating_variances,16,170014,variance_estimation,14
0.625911503751998,full_latent_coordinatewise,alternating_variances,16,170014,variance_estimation,14
1.3425912607594115,full_latent_pooled,alternating_variances,16,170014,variance_estimation,14
0.018410415381125117,qalt_pooled,exact_sharing,16,170015,variance_estimation,15
0.3806806332349775,full_latent_coordinatewise,exact_sharing,16,170015,variance_estimation,15
0.018410415381125117,full_latent_pooled,exact_sharing,16,170015,variance_estimation,15
1.5928712425586538,qalt_pooled,alternating_variances,16,170015,variance_estimation,15
0.439613248839991,full_latent_coordinatewise,alternating_variances,16,170015,variance_estimation,15
1.5928712425586538,full_latent_pooled,alternating_variances,16,170015,variance_estimation,15
0.0031594465918805548,qalt_pooled,exact_sharing,16,170016,variance_estimation,16
0.25471675569632807,full_latent_coordinatewise,exact_sharing,16,170016,variance_estimation,16
0.0031594465918805548,full_latent_pooled,exact_sharing,16,170016,variance_estimation,16
1.3697590637665364,qalt_pooled,alternating_variances,16,170016,variance_estimation,16
0.5295412579556605,full_latent_coordinatewise,alternating_variances,16,170016,variance_estimation,16
1.3697590637665364,full_latent_pooled,alternating_variances,16,170016,variance_estimation,16
0.0023509639306516852,qalt_pooled,exact_sharing,16,170017,variance_estimation,17
0.30359346241011365,full_latent_coordinatewise,exact_sharing,16,170017,variance_estimation,17
0.0023509639306516852,full_latent_pooled,exact_sharing,16,170017,variance_estimation,17
1.4057654093912235,qalt_pooled,alternating_variances,16,170017,variance_estimation,17
0.8860031339964484,full_latent_coordinatewise,alternating_variances,16,170017,variance_estimation,17
1.4057654093912235,full_latent_pooled,alternating_variances,16,170017,variance_estimation,17
0.023116564959238917,qalt_pooled,exact_sharing,16,170018,variance_estimation,18
1.0553648837595735,full_latent_coordinatewise,exact_sharing,16,170018,variance_estimation,18
0.023116564959238917,full_latent_pooled,exact_sharing,16,170018,variance_estimation,18
1.3396350202615948,qalt_pooled,alternating_variances,16,170018,variance_estimation,18
0.502236342802469,full_latent_coordinatewise,alternating_variances,16,170018,variance_estimation,18
1.3396350202615948,full_latent_pooled,alternating_variances,16,170018,variance_estimation,18
0.007785380673073938,qalt_pooled,exact_sharing,16,170019,variance_estimation,19
0.1495489609806564,full_latent_coordinatewise,exact_sharing,16,170019,variance_estimation,19
0.007785380673073938,full_latent_pooled,exact_sharing,16,170019,variance_estimation,19
1.3500514528099568,qalt_pooled,alternating_variances,16,170019,variance_estimation,19
0.16886874953719103,full_latent_coordinatewise,alternating_variances,16,170019,variance_estimation,19
1.3500514528099568,full_latent_pooled,alternating_variances,16,170019,variance_estimation,19
0.0004820832158553105,qalt_pooled,exact_sharing,16,170020,variance_estimation,20
0.5020344874701075,full_latent_coordinatewise,exact_sharing,16,170020,variance_estimation,20
0.0004820832158553105,full_latent_pooled,exact_sharing,16,170020,variance_estimation,20
1.4017713334689539,qalt_pooled,alternating_variances,16,170020,variance_estimation,20
0.7915885409626048,full_latent_coordinatewise,alternating_variances,16,170020,variance_estimation,20
1.4017713334689539,full_latent_pooled,alternating_variances,16,170020,variance_estimation,20
0.009859585180153008,qalt_pooled,exact_sharing,16,170021,variance_estimation,21
0.325826459078272,full_latent_coordinatewise,exact_sharing,16,170021,variance_estimation,21
0.009859585180153008,full_latent_pooled,exact_sharing,16,170021,variance_estimation,21
1.349266741601392,qalt_pooled,alternating_variances,16,170021,variance_estimation,21
0.4870825800626367,full_latent_coordinatewise,alternating_variances,16,170021,variance_estimation,21
1.349266741601392,full_latent_pooled,alternating_variances,16,170021,variance_estimation,21
0.00452826957665621,qalt_pooled,exact_sharing,16,170022,variance_estimation,22
0.81884260725927,full_latent_coordinatewise,exact_sharing,16,170022,variance_estimation,22
0.00452826957665621,full_latent_pooled,exact_sharing,16,170022,variance_estimation,22
1.3774540573602243,qalt_pooled,alternating_variances,16,170022,variance_estimation,22
0.20054799635410323,full_latent_coordinatewise,alternating_variances,16,170022,variance_estimation,22
1.3774540573602243,full_latent_pooled,alternating_variances,16,170022,variance_estimation,22
0.013071267915209933,qalt_pooled,exact_sharing,16,170023,variance_estimation,23
0.7256094024915288,full_latent_coordinatewise,exact_sharing,16,170023,variance_estimation,23
0.013071267915209933,full_latent_pooled,exact_sharing,16,170023,variance_estimation,23
1.3646965888970637,qalt_pooled,alternating_variances,16,170023,variance_estimation,23
0.2795581168165453,full_latent_coordinatewise,alternating_variances,16,170023,variance_estimation,23
1.3646965888970637,full_latent_pooled,alternating_variances,16,170023,variance_estimation,23
0.0005245446814559386,qalt_pooled,exact_sharing,16,170024,variance_estimation,24
0.3559518024187413,full_latent_coordinatewise,exact_sharing,16,170024,variance_estimation,24
0.0005245446814559386,full_latent_pooled,exact_sharing,16,170024,variance_estimation,24
1.3393627467966311,qalt_pooled,alternating_variances,16,170024,variance_estimation,24
0.46785647587254653,full_latent_coordinatewise,alternating_variances,16,170024,variance_estimation,24
1.3393627467966311,full_latent_pooled,alternating_variances,16,170024,variance_estimation,24
0.0037676275941878334,qalt_pooled,exact_sharing,16,170025,variance_estimation,25
0.2680819327543739,full_latent_coordinatewise,exact_sharing,16,170025,variance_estimation,25
0.0037676275941878334,full_latent_pooled,exact_sharing,16,170025,variance_estimation,25
1.3756503723027902,qalt_pooled,alternating_variances,16,170025,variance_estimation,25
1.0388964305567068,full_latent_coordinatewise,alternating_variances,16,170025,variance_estimation,25
1.3756503723027902,full_latent_pooled,alternating_variances,16,170025,variance_estimation,25
0.024333158214859818,qalt_pooled,exact_sharing,16,170026,variance_estimation,26
1.0020462254189524,full_latent_coordinatewise,exact_sharing,16,170026,variance_estimation,26
0.024333158214859818,full_latent_pooled,exact_sharing,16,170026,variance_estimation,26
1.4039632510421274,qalt_pooled,alternating_variances,16,170026,variance_estimation,26
0.6637970602020564,full_latent_coordinatewise,alternating_variances,16,170026,variance_estimation,26
1.4039632510421274,full_latent_pooled,alternating_variances,16,170026,variance_estimation,26
0.0020690545322165493,qalt_pooled,exact_sharing,16,170027,variance_estimation,27
0.775555773056408,full_latent_coordinatewise,exact_sharing,16,170027,variance_estimation,27
0.0020690545322165493,full_latent_pooled,exact_sharing,16,170027,variance_estimation,27
1.3677525239078618,qalt_pooled,alternating_variances,16,170027,variance_estimation,27
0.5844829988722112,full_latent_coordinatewise,alternating_variances,16,170027,variance_estimation,27
1.3677525239078618,full_latent_pooled,alternating_variances,16,170027,variance_estimation,27
0.0035538454228654925,qalt_pooled,exact_sharing,16,170028,variance_estimation,28
0.14921116139536078,full_latent_coordinatewise,exact_sharing,16,170028,variance_estimation,28
0.0035538454228654925,full_latent_pooled,exact_sharing,16,170028,variance_estimation,28
1.397728073246834,qalt_pooled,alternating_variances,16,170028,variance_estimation,28
0.4284396251974303,full_latent_coordinatewise,alternating_variances,16,170028,variance_estimation,28
1.397728073246834,full_latent_pooled,alternating_variances,16,170028,variance_estimation,28
0.046501540560554,qalt_pooled,exact_sharing,16,170029,variance_estimation,29
0.6788193237754779,full_latent_coordinatewise,exact_sharing,16,170029,variance_estimation,29
0.046501540560554,full_latent_pooled,exact_sharing,16,170029,variance_estimation,29
1.3486381598948842,qalt_pooled,alternating_variances,16,170029,variance_estimation,29
0.4074962263911446,full_latent_coordinatewise,alternating_variances,16,170029,variance_estimation,29
1.3486381598948842,full_latent_pooled,alternating_variances,16,170029,variance_estimation,29
0.0031133426358913863,qalt_pooled,exact_sharing,16,170030,variance_estimation,30
0.27893238328538406,full_latent_coordinatewise,exact_sharing,16,170030,variance_estimation,30
0.0031133426358913863,full_latent_pooled,exact_sharing,16,170030,variance_estimation,30
1.347710917438244,qalt_pooled,alternating_variances,16,170030,variance_estimation,30
0.354677035816756,full_latent_coordinatewise,alternating_variances,16,170030,variance_estimation,30
1.347710917438244,full_latent_pooled,alternating_variances,16,170030,variance_estimation,30
0.03925486834290107,qalt_pooled,exact_sharing,16,170031,variance_estimation,31
0.3576181857416394,full_latent_coordinatewise,exact_sharing,16,170031,variance_estimation,31
0.03925486834290107,full_latent_pooled,exact_sharing,16,170031,variance_estimation,31
1.3460424135450384,qalt_pooled,alternating_variances,16,170031,variance_estimation,31
0.3382706345820878,full_latent_coordinatewise,alternating_variances,16,170031,variance_estimation,31
1.3460424135450384,full_latent_pooled,alternating_variances,16,170031,variance_estimation,31
0.2646122703609658,qalt_pooled,exact_sharing,16,170032,variance_estimation,32
1.2357234274324975,full_latent_coordinatewise,exact_sharing,16,170032,variance_estimation,32
0.2646122703609658,full_latent_pooled,exact_sharing,16,170032,variance_estimation,32
1.340693209571957,qalt_pooled,alternating_variances,16,170032,variance_estimation,32
0.4954048703116929,full_latent_coordinatewise,alternating_variances,16,170032,variance_estimation,32
1.340693209571957,full_latent_pooled,alternating_variances,16,170032,variance_estimation,32
0.011184292472260438,qalt_pooled,exact_sharing,16,170033,variance_estimation,33
0.1899817321496688,full_latent_coordinatewise,exact_sharing,16,170033,variance_estimation,33
0.011184292472260438,full_latent_pooled,exact_sharing,16,170033,variance_estimation,33
1.377612844377547,qalt_pooled,alternating_variances,16,170033,variance_estimation,33
0.3012845386055953,full_latent_coordinatewise,alternating_variances,16,170033,variance_estimation,33
1.377612844377547,full_latent_pooled,alternating_variances,16,170033,variance_estimation,33
0.004065226351306475,qalt_pooled,exact_sharing,16,170034,variance_estimation,34
0.7046225889419444,full_latent_coordinatewise,exact_sharing,16,170034,variance_estimation,34
0.004065226351306475,full_latent_pooled,exact_sharing,16,170034,variance_estimation,34
1.3478359319543964,qalt_pooled,alternating_variances,16,170034,variance_estimation,34
0.4292036859184999,full_latent_coordinatewise,alternating_variances,16,170034,variance_estimation,34
1.3478359319543964,full_latent_pooled,alternating_variances,16,170034,variance_estimation,34
0.13090368621715476,qalt_pooled,exact_sharing,16,170035,variance_estimation,35
0.9747173768689006,full_latent_coordinatewise,exact_sharing,16,170035,variance_estimation,35
0.13090368621715476,full_latent_pooled,exact_sharing,16,170035,variance_estimation,35
1.3487588216080724,qalt_pooled,alternating_variances,16,170035,variance_estimation,35
0.5230498005527288,full_latent_coordinatewise,alternating_variances,16,170035,variance_estimation,35
1.3487588216080724,full_latent_pooled,alternating_variances,16,170035,variance_estimation,35
0.053363952648512014,qalt_pooled,exact_sharing,16,170036,variance_estimation,36
0.47047406680774095,full_latent_coordinatewise,exact_sharing,16,170036,variance_estimation,36
0.053363952648512014,full_latent_pooled,exact_sharing,16,170036,variance_estimation,36
1.4504559080191213,qalt_pooled,alternating_variances,16,170036,variance_estimation,36
0.31304144941336715,full_latent_coordinatewise,alternating_variances,16,170036,variance_estimation,36
1.4504559080191213,full_latent_pooled,alternating_variances,16,170036,variance_estimation,36
0.03175766385998488,qalt_pooled,exact_sharing,16,170037,variance_estimation,37
0.4833197271352774,full_latent_coordinatewise,exact_sharing,16,170037,variance_estimation,37
0.03175766385998488,full_latent_pooled,exact_sharing,16,170037,variance_estimation,37
1.3842298408091989,qalt_pooled,alternating_variances,16,170037,variance_estimation,37
0.1794290302801556,full_latent_coordinatewise,alternating_variances,16,170037,variance_estimation,37
1.3842298408091989,full_latent_pooled,alternating_variances,16,170037,variance_estimation,37
0.1013987526690926,qalt_pooled,exact_sharing,16,170038,variance_estimation,38
1.4474185186917115,full_latent_coordinatewise,exact_sharing,16,170038,variance_estimation,38
0.1013987526690926,full_latent_pooled,exact_sharing,16,170038,variance_estimation,38
1.3755964253154147,qalt_pooled,alternating_variances,16,170038,variance_estimation,38
0.22342886270518864,full_latent_coordinatewise,alternating_variances,16,170038,variance_estimation,38
1.3755964253154147,full_latent_pooled,alternating_variances,16,170038,variance_estimation,38
0.0030181458789760446,qalt_pooled,exact_sharing,16,170039,variance_estimation,39
0.2291001735072179,full_latent_coordinatewise,exact_sharing,16,170039,variance_estimation,39
0.0030181458789760446,full_latent_pooled,exact_sharing,16,170039,variance_estimation,39
1.3659281306229207,qalt_pooled,alternating_variances,16,170039,variance_estimation,39
0.6973195115635875,full_latent_coordinatewise,alternating_variances,16,170039,variance_estimation,39
1.3659281306229207,full_latent_pooled,alternating_variances,16,170039,variance_estimation,39
0.04529917921495891,qalt_pooled,exact_sharing,16,170040,variance_estimation,40
0.1973322073942605,full_latent_coordinatewise,exact_sharing,16,170040,variance_estimation,40
0.04529917921495891,full_latent_pooled,exact_sharing,16,170040,variance_estimation,40
1.4129367957442138,qalt_pooled,alternating_variances,16,170040,variance_estimation,40
0.7546217803339782,full_latent_coordinatewise,alternating_variances,16,170040,variance_estimation,40
1.4129367957442138,full_latent_pooled,alternating_variances,16,170040,variance_estimation,40
0.0025904646323702887,qalt_pooled,exact_sharing,16,170041,variance_estimation,41
0.9199994611497231,full_latent_coordinatewise,exact_sharing,16,170041,variance_estimation,41
0.0025904646323702887,full_latent_pooled,exact_sharing,16,170041,variance_estimation,41
1.338892331955638,qalt_pooled,alternating_variances,16,170041,variance_estimation,41
0.3151061540032037,full_latent_coordinatewise,alternating_variances,16,170041,variance_estimation,41
1.338892331955638,full_latent_pooled,alternating_variances,16,170041,variance_estimation,41
0.05208535269107317,qalt_pooled,exact_sharing,16,170042,variance_estimation,42
0.5541813854700766,full_latent_coordinatewise,exact_sharing,16,170042,variance_estimation,42
0.05208535269107317,full_latent_pooled,exact_sharing,16,170042,variance_estimation,42
1.3402664885030786,qalt_pooled,alternating_variances,16,170042,variance_estimation,42
0.21233902328863136,full_latent_coordinatewise,alternating_variances,16,170042,variance_estimation,42
1.3402664885030786,full_latent_pooled,alternating_variances,16,170042,variance_estimation,42
0.015849209825693017,qalt_pooled,exact_sharing,16,170043,variance_estimation,43
0.5980007516827883,full_latent_coordinatewise,exact_sharing,16,170043,variance_estimation,43
0.015849209825693017,full_latent_pooled,exact_sharing,16,170043,variance_estimation,43
1.582449623039122,qalt_pooled,alternating_variances,16,170043,variance_estimation,43
0.6593313119302033,full_latent_coordinatewise,alternating_variances,16,170043,variance_estimation,43
1.582449623039122,full_latent_pooled,alternating_variances,16,170043,variance_estimation,43
0.05615567556467704,qalt_pooled,exact_sharing,16,170044,variance_estimation,44
0.4223683412328323,full_latent_coordinatewise,exact_sharing,16,170044,variance_estimation,44
0.05615567556467704,full_latent_pooled,exact_sharing,16,170044,variance_estimation,44
1.3496384493698483,qalt_pooled,alternating_variances,16,170044,variance_estimation,44
1.3207153151012265,full_latent_coordinatewise,alternating_variances,16,170044,variance_estimation,44
1.3496384493698483,full_latent_pooled,alternating_variances,16,170044,variance_estimation,44
0.01553345782699514,qalt_pooled,exact_sharing,16,170045,variance_estimation,45
1.0715140331967266,full_latent_coordinatewise,exact_sharing,16,170045,variance_estimation,45
0.01553345782699514,full_latent_pooled,exact_sharing,16,170045,variance_estimation,45
1.3407092846652418,qalt_pooled,alternating_variances,16,170045,variance_estimation,45
0.4978812561464886,full_latent_coordinatewise,alternating_variances,16,170045,variance_estimation,45
1.3407092846652418,full_latent_pooled,alternating_variances,16,170045,variance_estimation,45
0.005302026921897698,qalt_pooled,exact_sharing,16,170046,variance_estimation,46
0.15815329429316397,full_latent_coordinatewise,exact_sharing,16,170046,variance_estimation,46
0.005302026921897698,full_latent_pooled,exact_sharing,16,170046,variance_estimation,46
1.4021327774352326,qalt_pooled,alternating_variances,16,170046,variance_estimation,46
0.5080381125579456,full_latent_coordinatewise,alternating_variances,16,170046,variance_estimation,46
1.4021327774352326,full_latent_pooled,alternating_variances,16,170046,variance_estimation,46
0.03472127440473463,qalt_pooled,exact_sharing,16,170047,variance_estimation,47
1.3516968103226545,full_latent_coordinatewise,exact_sharing,16,170047,variance_estimation,47
0.03472127440473463,full_latent_pooled,exact_sharing,16,170047,variance_estimation,47
1.370156156706519,qalt_pooled,alternating_variances,16,170047,variance_estimation,47
0.8206257402876729,full_latent_coordinatewise,alternating_variances,16,170047,variance_estimation,47
1.370156156706519,full_latent_pooled,alternating_variances,16,170047,variance_estimation,47
0.003126859334880508,qalt_pooled,exact_sharing,16,170048,variance_estimation,48
0.3256173115211185,full_latent_coordinatewise,exact_sharing,16,170048,variance_estimation,48
0.003126859334880508,full_latent_pooled,exact_sharing,16,170048,variance_estimation,48
1.4095727613864228,qalt_pooled,alternating_variances,16,170048,variance_estimation,48
0.6274663882677793,full_latent_coordinatewise,alternating_variances,16,170048,variance_estimation,48
1.4095727613864228,full_latent_pooled,alternating_variances,16,170048,variance_estimation,48
0.020342118924144836,qalt_pooled,exact_sharing,16,170049,variance_estimation,49
0.3250770040094372,full_latent_coordinatewise,exact_sharing,16,170049,variance_estimation,49
0.020342118924144836,full_latent_pooled,exact_sharing,16,170049,variance_estimation,49
1.3711996040938212,qalt_pooled,alternating_variances,16,170049,variance_estimation,49
0.3678757982674311,full_latent_coordinatewise,alternating_variances,16,170049,variance_estimation,49
1.3711996040938212,full_latent_pooled,alternating_variances,16,170049,variance_estimation,49
0.002246638676563037,qalt_pooled,exact_sharing,16,170050,variance_estimation,50
0.4360643568528066,full_latent_coordinatewise,exact_sharing,16,170050,variance_estimation,50
0.002246638676563037,full_latent_pooled,exact_sharing,16,170050,variance_estimation,50
1.4292740369355308,qalt_pooled,alternating_variances,16,170050,variance_estimation,50
0.4186182154901491,full_latent_coordinatewise,alternating_variances,16,170050,variance_estimation,50
1.4292740369355308,full_latent_pooled,alternating_variances,16,170050,variance_estimation,50
0.00013518223736166436,qalt_pooled,exact_sharing,16,170051,variance_estimation,51
0.45380970443342933,full_latent_coordinatewise,exact_sharing,16,170051,variance_estimation,51
0.00013518223736166436,full_latent_pooled,exact_sharing,16,170051,variance_estimation,51
1.3401095682407789,qalt_pooled,alternating_variances,16,170051,variance_estimation,51
0.545001746238823,full_latent_coordinatewise,alternating_variances,16,170051,variance_estimation,51
1.3401095682407789,full_latent_pooled,alternating_variances,16,170051,variance_estimation,51
0.03627768513056215,qalt_pooled,exact_sharing,16,170052,variance_estimation,52
0.5219029382915246,full_latent_coordinatewise,exact_sharing,16,170052,variance_estimation,52
0.03627768513056215,full_latent_pooled,exact_sharing,16,170052,variance_estimation,52
1.3587086609376933,qalt_pooled,alternating_variances,16,170052,variance_estimation,52
0.14519076493335237,full_latent_coordinatewise,alternating_variances,16,170052,variance_estimation,52
1.3587086609376933,full_latent_pooled,alternating_variances,16,170052,variance_estimation,52
0.08063574466339979,qalt_pooled,exact_sharing,16,170053,variance_estimation,53
0.8371188683884381,full_latent_coordinatewise,exact_sharing,16,170053,variance_estimation,53
0.08063574466339979,full_latent_pooled,exact_sharing,16,170053,variance_estimation,53
1.3815080877272483,qalt_pooled,alternating_variances,16,170053,variance_estimation,53
0.3516861996286707,full_latent_coordinatewise,alternating_variances,16,170053,variance_estimation,53
1.3815080877272483,full_latent_pooled,alternating_variances,16,170053,variance_estimation,53
0.09870857706287073,qalt_pooled,exact_sharing,16,170054,variance_estimation,54
0.7920495624378008,full_latent_coordinatewise,exact_sharing,16,170054,variance_estimation,54
0.09870857706287073,full_latent_pooled,exact_sharing,16,170054,variance_estimation,54
1.3481967530472256,qalt_pooled,alternating_variances,16,170054,variance_estimation,54
0.10634444762108455,full_latent_coordinatewise,alternating_variances,16,170054,variance_estimation,54
1.3481967530472256,full_latent_pooled,alternating_variances,16,170054,variance_estimation,54
0.10077001807342995,qalt_pooled,exact_sharing,16,170055,variance_estimation,55
0.2506740340700975,full_latent_coordinatewise,exact_sharing,16,170055,variance_estimation,55
0.10077001807342995,full_latent_pooled,exact_sharing,16,170055,variance_estimation,55
1.5054271549845333,qalt_pooled,alternating_variances,16,170055,variance_estimation,55
0.341700186089146,full_latent_coordinatewise,alternating_variances,16,170055,variance_estimation,55
1.5054271549845333,full_latent_pooled,alternating_variances,16,170055,variance_estimation,55
0.01670690397222424,qalt_pooled,exact_sharing,16,170056,variance_estimation,56
0.26273562317497157,full_latent_coordinatewise,exact_sharing,16,170056,variance_estimation,56
0.01670690397222424,full_latent_pooled,exact_sharing,16,170056,variance_estimation,56
1.3821354368827654,qalt_pooled,alternating_variances,16,170056,variance_estimation,56
0.409469015667625,full_latent_coordinatewise,alternating_variances,16,170056,variance_estimation,56
1.3821354368827654,full_latent_pooled,alternating_variances,16,170056,variance_estimation,56
0.012003220823856048,qalt_pooled,exact_sharing,16,170057,variance_estimation,57
0.5221949188218187,full_latent_coordinatewise,exact_sharing,16,170057,variance_estimation,57
0.012003220823856048,full_latent_pooled,exact_sharing,16,170057,variance_estimation,57
1.3435028491198735,qalt_pooled,alternating_variances,16,170057,variance_estimation,57
0.33194194483591344,full_latent_coordinatewise,alternating_variances,16,170057,variance_estimation,57
1.3435028491198735,full_latent_pooled,alternating_variances,16,170057,variance_estimation,57
1.7487871554245932e-06,qalt_pooled,exact_sharing,16,170058,variance_estimation,58
0.2891513601389313,full_latent_coordinatewise,exact_sharing,16,170058,variance_estimation,58
1.7487871554245932e-06,full_latent_pooled,exact_sharing,16,170058,variance_estimation,58
1.3966218242027941,qalt_pooled,alternating_variances,16,170058,variance_estimation,58
0.6170892166607089,full_latent_coordinatewise,alternating_variances,16,170058,variance_estimation,58
1.3966218242027941,full_latent_pooled,alternating_variances,16,170058,variance_estimation,58
0.05243925981259945,qalt_pooled,exact_sharing,16,170059,variance_estimation,59
0.500176006715846,full_latent_coordinatewise,exact_sharing,16,170059,variance_estimation,59
0.05243925981259945,full_latent_pooled,exact_sharing,16,170059,variance_estimation,59
1.3388616876466932,qalt_pooled,alternating_variances,16,170059,variance_estimation,59
0.26611374296855805,full_latent_coordinatewise,alternating_variances,16,170059,variance_estimation,59
1.3388616876466932,full_latent_pooled,alternating_variances,16,170059,variance_estimation,59
0.07171164701180244,qalt_pooled,exact_sharing,16,170060,variance_estimation,60
0.36125089640180164,full_latent_coordinatewise,exact_sharing,16,170060,variance_estimation,60
0.07171164701180244,full_latent_pooled,exact_sharing,16,170060,variance_estimation,60
1.7514352758377156,qalt_pooled,alternating_variances,16,170060,variance_estimation,60
0.8688433190576662,full_latent_coordinatewise,alternating_variances,16,170060,variance_estimation,60
1.7514352758377156,full_latent_pooled,alternating_variances,16,170060,variance_estimation,60
0.048021241820800864,qalt_pooled,exact_sharing,16,170061,variance_estimation,61
0.33366499400627736,full_latent_coordinatewise,exact_sharing,16,170061,variance_estimation,61
0.048021241820800864,full_latent_pooled,exact_sharing,16,170061,variance_estimation,61
1.348909427604763,qalt_pooled,alternating_variances,16,170061,variance_estimation,61
0.17236558283749875,full_latent_coordinatewise,alternating_variances,16,170061,variance_estimation,61
1.348909427604763,full_latent_pooled,alternating_variances,16,170061,variance_estimation,61
0.07887632485321844,qalt_pooled,exact_sharing,16,170062,variance_estimation,62
0.5098784942118569,full_latent_coordinatewise,exact_sharing,16,170062,variance_estimation,62
0.07887632485321844,full_latent_pooled,exact_sharing,16,170062,variance_estimation,62
1.3437973543365644,qalt_pooled,alternating_variances,16,170062,variance_estimation,62
0.28617334357437096,full_latent_coordinatewise,alternating_variances,16,170062,variance_estimation,62
1.3437973543365644,full_latent_pooled,alternating_variances,16,170062,variance_estimation,62
0.0030165781814150278,qalt_pooled,exact_sharing,16,170063,variance_estimation,63
0.11267275330090903,full_latent_coordinatewise,exact_sharing,16,170063,variance_estimation,63
0.0030165781814150278,full_latent_pooled,exact_sharing,16,170063,variance_estimation,63
1.4674673012482518,qalt_pooled,alternating_variances,16,170063,variance_estimation,63
0.7655666132144208,full_latent_coordinatewise,alternating_variances,16,170063,variance_estimation,63
1.4674673012482518,full_latent_pooled,alternating_variances,16,170063,variance_estimation,63
0.0035713661897336657,qalt_pooled,exact_sharing,16,170064,variance_estimation,64
0.5131686122557354,full_latent_coordinatewise,exact_sharing,16,170064,variance_estimation,64
0.0035713661897336657,full_latent_pooled,exact_sharing,16,170064,variance_estimation,64
1.3396553685043813,qalt_pooled,alternating_variances,16,170064,variance_estimation,64
0.13372470936369812,full_latent_coordinatewise,alternating_variances,16,170064,variance_estimation,64
1.3396553685043813,full_latent_pooled,alternating_variances,16,170064,variance_estimation,64
0.03496094710684208,qalt_pooled,exact_sharing,16,170065,variance_estimation,65
0.6743718657861371,full_latent_coordinatewise,exact_sharing,16,170065,variance_estimation,65
0.03496094710684208,full_latent_pooled,exact_sharing,16,170065,variance_estimation,65
1.385487868839381,qalt_pooled,alternating_variances,16,170065,variance_estimation,65
0.2749755520483044,full_latent_coordinatewise,alternating_variances,16,170065,variance_estimation,65
1.385487868839381,full_latent_pooled,alternating_variances,16,170065,variance_estimation,65
0.036287866162931476,qalt_pooled,exact_sharing,16,170066,variance_estimation,66
0.7600088841210726,full_latent_coordinatewise,exact_sharing,16,170066,variance_estimation,66
0.036287866162931476,full_latent_pooled,exact_sharing,16,170066,variance_estimation,66
1.3395814566756443,qalt_pooled,alternating_variances,16,170066,variance_estimation,66
0.48345603978058915,full_latent_coordinatewise,alternating_variances,16,170066,variance_estimation,66
1.3395814566756443,full_latent_pooled,alternating_variances,16,170066,variance_estimation,66
0.012818097694859892,qalt_pooled,exact_sharing,16,170067,variance_estimation,67
0.3474707208365799,full_latent_coordinatewise,exact_sharing,16,170067,variance_estimation,67
0.012818097694859892,full_latent_pooled,exact_sharing,16,170067,variance_estimation,67
1.3836537569198983,qalt_pooled,alternating_variances,16,170067,variance_estimation,67
0.19641890180751115,full_latent_coordinatewise,alternating_variances,16,170067,variance_estimation,67
1.3836537569198983,full_latent_pooled,alternating_variances,16,170067,variance_estimation,67
0.0009045042520810301,qalt_pooled,exact_sharing,16,170068,variance_estimation,68
0.508105073100552,full_latent_coordinatewise,exact_sharing,16,170068,variance_estimation,68
0.0009045042520810301,full_latent_pooled,exact_sharing,16,170068,variance_estimation,68
1.3878020576701384,qalt_pooled,alternating_variances,16,170068,variance_estimation,68
0.2942721462657741,full_latent_coordinatewise,alternating_variances,16,170068,variance_estimation,68
1.3878020576701384,full_latent_pooled,alternating_variances,16,170068,variance_estimation,68
0.015464574644665274,qalt_pooled,exact_sharing,16,170069,variance_estimation,69
0.605055527106581,full_latent_coordinatewise,exact_sharing,16,170069,variance_estimation,69
0.015464574644665274,full_latent_pooled,exact_sharing,16,170069,variance_estimation,69
1.3414368584387732,qalt_pooled,alternating_variances,16,170069,variance_estimation,69
0.3529808819014485,full_latent_coordinatewise,alternating_variances,16,170069,variance_estimation,69
1.3414368584387732,full_latent_pooled,alternating_variances,16,170069,variance_estimation,69
0.009670163759805492,qalt_pooled,exact_sharing,16,170070,variance_estimation,70
0.6237695701193509,full_latent_coordinatewise,exact_sharing,16,170070,variance_estimation,70
0.009670163759805492,full_latent_pooled,exact_sharing,16,170070,variance_estimation,70
1.3418014906420828,qalt_pooled,alternating_variances,16,170070,variance_estimation,70
0.27314361397266035,full_latent_coordinatewise,alternating_variances,16,170070,variance_estimation,70
1.3418014906420828,full_latent_pooled,alternating_variances,16,170070,variance_estimation,70
0.02978841871337609,qalt_pooled,exact_sharing,16,170071,variance_estimation,71
0.26645762357614944,full_latent_coordinatewise,exact_sharing,16,170071,variance_estimation,71
0.02978841871337609,full_latent_pooled,exact_sharing,16,170071,variance_estimation,71
1.3913548271812013,qalt_pooled,alternating_variances,16,170071,variance_estimation,71
0.5181320258022173,full_latent_coordinatewise,alternating_variances,16,170071,variance_estimation,71
1.3913548271812013,full_latent_pooled,alternating_variances,16,170071,variance_estimation,71
0.07143392350278999,qalt_pooled,exact_sharing,16,170072,variance_estimation,72
0.4452986891614869,full_latent_coordinatewise,exact_sharing,16,170072,variance_estimation,72
0.07143392350278999,full_latent_pooled,exact_sharing,16,170072,variance_estimation,72
1.4158044228624744,qalt_pooled,alternating_variances,16,170072,variance_estimation,72
0.2595004284377089,full_latent_coordinatewise,alternating_variances,16,170072,variance_estimation,72
1.4158044228624744,full_latent_pooled,alternating_variances,16,170072,variance_estimation,72
0.023729241708028453,qalt_pooled,exact_sharing,16,170073,variance_estimation,73
0.354188956083189,full_latent_coordinatewise,exact_sharing,16,170073,variance_estimation,73
0.023729241708028453,full_latent_pooled,exact_sharing,16,170073,variance_estimation,73
1.3400956407579696,qalt_pooled,alternating_variances,16,170073,variance_estimation,73
0.6291554963595353,full_latent_coordinatewise,alternating_variances,16,170073,variance_estimation,73
1.3400956407579696,full_latent_pooled,alternating_variances,16,170073,variance_estimation,73
0.002053665255124411,qalt_pooled,exact_sharing,16,170074,variance_estimation,74
0.3414947997610878,full_latent_coordinatewise,exact_sharing,16,170074,variance_estimation,74
0.002053665255124411,full_latent_pooled,exact_sharing,16,170074,variance_estimation,74
1.3441826048851075,qalt_pooled,alternating_variances,16,170074,variance_estimation,74
0.9726131420245454,full_latent_coordinatewise,alternating_variances,16,170074,variance_estimation,74
1.3441826048851075,full_latent_pooled,alternating_variances,16,170074,variance_estimation,74
0.007631609974210557,qalt_pooled,exact_sharing,16,170075,variance_estimation,75
0.3913568179228276,full_latent_coordinatewise,exact_sharing,16,170075,variance_estimation,75
0.007631609974210557,full_latent_pooled,exact_sharing,16,170075,variance_estimation,75
1.6418095480892467,qalt_pooled,alternating_variances,16,170075,variance_estimation,75
1.061720019716049,full_latent_coordinatewise,alternating_variances,16,170075,variance_estimation,75
1.6418095480892467,full_latent_pooled,alternating_variances,16,170075,variance_estimation,75
0.07455331770703438,qalt_pooled,exact_sharing,16,170076,variance_estimation,76
0.3347698345899491,full_latent_coordinatewise,exact_sharing,16,170076,variance_estimation,76
0.07455331770703438,full_latent_pooled,exact_sharing,16,170076,variance_estimation,76
1.3489227684105094,qalt_pooled,alternating_variances,16,170076,variance_estimation,76
0.26229253025339283,full_latent_coordinatewise,alternating_variances,16,170076,variance_estimation,76
1.3489227684105094,full_latent_pooled,alternating_variances,16,170076,variance_estimation,76
0.008880187296762987,qalt_pooled,exact_sharing,16,170077,variance_estimation,77
0.3412983841358332,full_latent_coordinatewise,exact_sharing,16,170077,variance_estimation,77
0.008880187296762987,full_latent_pooled,exact_sharing,16,170077,variance_estimation,77
1.3574795006817657,qalt_pooled,alternating_variances,16,170077,variance_estimation,77
0.5844070863349357,full_latent_coordinatewise,alternating_variances,16,170077,variance_estimation,77
1.3574795006817657,full_latent_pooled,alternating_variances,16,170077,variance_estimation,77
0.0066744479348164465,qalt_pooled,exact_sharing,16,170078,variance_estimation,78
0.6473438232290764,full_latent_coordinatewise,exact_sharing,16,170078,variance_estimation,78
0.0066744479348164465,full_latent_pooled,exact_sharing,16,170078,variance_estimation,78
1.3600835767919393,qalt_pooled,alternating_variances,16,170078,variance_estimation,78
0.4532604377231531,full_latent_coordinatewise,alternating_variances,16,170078,variance_estimation,78
1.3600835767919393,full_latent_pooled,alternating_variances,16,170078,variance_estimation,78
0.061416948934454985,qalt_pooled,exact_sharing,16,170079,variance_estimation,79
0.3749829888455677,full_latent_coordinatewise,exact_sharing,16,170079,variance_estimation,79
0.061416948934454985,full_latent_pooled,exact_sharing,16,170079,variance_estimation,79
1.3421964224980951,qalt_pooled,alternating_variances,16,170079,variance_estimation,79
0.73174959594625,full_latent_coordinatewise,alternating_variances,16,170079,variance_estimation,79
1.3421964224980951,full_latent_pooled,alternating_variances,16,170079,variance_estimation,79
0.03316056114500396,qalt_pooled,exact_sharing,16,170080,variance_estimation,80
0.43811120932114583,full_latent_coordinatewise,exact_sharing,16,170080,variance_estimation,80
0.03316056114500396,full_latent_pooled,exact_sharing,16,170080,variance_estimation,80
1.3818008252916258,qalt_pooled,alternating_variances,16,170080,variance_estimation,80
1.7487953395890834,full_latent_coordinatewise,alternating_variances,16,170080,variance_estimation,80
1.3818008252916258,full_latent_pooled,alternating_variances,16,170080,variance_estimation,80
0.02147315259952237,qalt_pooled,exact_sharing,16,170081,variance_estimation,81
0.7960162899008315,full_latent_coordinatewise,exact_sharing,16,170081,variance_estimation,81
0.02147315259952237,full_latent_pooled,exact_sharing,16,170081,variance_estimation,81
1.3462194912990864,qalt_pooled,alternating_variances,16,170081,variance_estimation,81
0.12871263233618757,full_latent_coordinatewise,alternating_variances,16,170081,variance_estimation,81
1.3462194912990864,full_latent_pooled,alternating_variances,16,170081,variance_estimation,81
0.02407810456400447,qalt_pooled,exact_sharing,16,170082,variance_estimation,82
0.27773944755932733,full_latent_coordinatewise,exact_sharing,16,170082,variance_estimation,82
0.02407810456400447,full_latent_pooled,exact_sharing,16,170082,variance_estimation,82
1.3478099865969795,qalt_pooled,alternating_variances,16,170082,variance_estimation,82
0.19771479038017437,full_latent_coordinatewise,alternating_variances,16,170082,variance_estimation,82
1.3478099865969795,full_latent_pooled,alternating_variances,16,170082,variance_estimation,82
0.04014089411304894,qalt_pooled,exact_sharing,16,170083,variance_estimation,83
0.4541332243788326,full_latent_coordinatewise,exact_sharing,16,170083,variance_estimation,83
0.04014089411304894,full_latent_pooled,exact_sharing,16,170083,variance_estimation,83
1.4329932415012703,qalt_pooled,alternating_variances,16,170083,variance_estimation,83
0.24083419429517852,full_latent_coordinatewise,alternating_variances,16,170083,variance_estimation,83
1.4329932415012703,full_latent_pooled,alternating_variances,16,170083,variance_estimation,83
0.008777228332477363,qalt_pooled,exact_sharing,16,170084,variance_estimation,84
0.3930129358588623,full_latent_coordinatewise,exact_sharing,16,170084,variance_estimation,84
0.008777228332477363,full_latent_pooled,exact_sharing,16,170084,variance_estimation,84
1.349353144463342,qalt_pooled,alternating_variances,16,170084,variance_estimation,84
0.15562873853407444,full_latent_coordinatewise,alternating_variances,16,170084,variance_estimation,84
1.349353144463342,full_latent_pooled,alternating_variances,16,170084,variance_estimation,84
0.0001762278905854866,qalt_pooled,exact_sharing,16,170085,variance_estimation,85
0.20195437080492612,full_latent_coordinatewise,exact_sharing,16,170085,variance_estimation,85
0.0001762278905854866,full_latent_pooled,exact_sharing,16,170085,variance_estimation,85
1.3516410388670181,qalt_pooled,alternating_variances,16,170085,variance_estimation,85
0.14288359590229932,full_latent_coordinatewise,alternating_variances,16,170085,variance_estimation,85
1.3516410388670181,full_latent_pooled,alternating_variances,16,170085,variance_estimation,85
0.05336597255945935,qalt_pooled,exact_sharing,16,170086,variance_estimation,86
0.6905762239028111,full_latent_coordinatewise,exact_sharing,16,170086,variance_estimation,86
0.05336597255945935,full_latent_pooled,exact_sharing,16,170086,variance_estimation,86
1.425695834116944,qalt_pooled,alternating_variances,16,170086,variance_estimation,86
0.44189529909504416,full_latent_coordinatewise,alternating_variances,16,170086,variance_estimation,86
1.425695834116944,full_latent_pooled,alternating_variances,16,170086,variance_estimation,86
0.029108215206157972,qalt_pooled,exact_sharing,16,170087,variance_estimation,87
0.30128203537733833,full_latent_coordinatewise,exact_sharing,16,170087,variance_estimation,87
0.029108215206157972,full_latent_pooled,exact_sharing,16,170087,variance_estimation,87
1.3823465368311996,qalt_pooled,alternating_variances,16,170087,variance_estimation,87
0.7290982828567748,full_latent_coordinatewise,alternating_variances,16,170087,variance_estimation,87
1.3823465368311996,full_latent_pooled,alternating_variances,16,170087,variance_estimation,87
0.022866316243724844,qalt_pooled,exact_sharing,16,170088,variance_estimation,88
1.0186750349846707,full_latent_coordinatewise,exact_sharing,16,170088,variance_estimation,88
0.022866316243724844,full_latent_pooled,exact_sharing,16,170088,variance_estimation,88
1.3851161507379728,qalt_pooled,alternating_variances,16,170088,variance_estimation,88
0.23649608519064425,full_latent_coordinatewise,alternating_variances,16,170088,variance_estimation,88
1.3851161507379728,full_latent_pooled,alternating_variances,16,170088,variance_estimation,88
0.0575165503149172,qalt_pooled,exact_sharing,16,170089,variance_estimation,89
0.8777559276355325,full_latent_coordinatewise,exact_sharing,16,170089,variance_estimation,89
0.0575165503149172,full_latent_pooled,exact_sharing,16,170089,variance_estimation,89
1.805308117931086,qalt_pooled,alternating_variances,16,170089,variance_estimation,89
0.6000768016308735,full_latent_coordinatewise,alternating_variances,16,170089,variance_estimation,89
1.805308117931086,full_latent_pooled,alternating_variances,16,170089,variance_estimation,89
0.03198958855752698,qalt_pooled,exact_sharing,16,170090,variance_estimation,90
0.2533628196511526,full_latent_coordinatewise,exact_sharing,16,170090,variance_estimation,90
0.03198958855752698,full_latent_pooled,exact_sharing,16,170090,variance_estimation,90
1.3388744515652053,qalt_pooled,alternating_variances,16,170090,variance_estimation,90
0.2966389922189876,full_latent_coordinatewise,alternating_variances,16,170090,variance_estimation,90
1.3388744515652053,full_latent_pooled,alternating_variances,16,170090,variance_estimation,90
0.07539283686601889,qalt_pooled,exact_sharing,16,170091,variance_estimation,91
0.20592559466948349,full_latent_coordinatewise,exact_sharing,16,170091,variance_estimation,91
0.07539283686601889,full_latent_pooled,exact_sharing,16,170091,variance_estimation,91
1.3487421948006135,qalt_pooled,alternating_variances,16,170091,variance_estimation,91
0.969622431899885,full_latent_coordinatewise,alternating_variances,16,170091,variance_estimation,91
1.3487421948006135,full_latent_pooled,alternating_variances,16,170091,variance_estimation,91
0.029837876713718764,qalt_pooled,exact_sharing,16,170092,variance_estimation,92
0.16480036569098214,full_latent_coordinatewise,exact_sharing,16,170092,variance_estimation,92
0.029837876713718764,full_latent_pooled,exact_sharing,16,170092,variance_estimation,92
1.3495522299559388,qalt_pooled,alternating_variances,16,170092,variance_estimation,92
0.29923252555539587,full_latent_coordinatewise,alternating_variances,16,170092,variance_estimation,92
1.3495522299559388,full_latent_pooled,alternating_variances,16,170092,variance_estimation,92
0.009164468177367158,qalt_pooled,exact_sharing,16,170093,variance_estimation,93
0.33441094379301095,full_latent_coordinatewise,exact_sharing,16,170093,variance_estimation,93
0.009164468177367158,full_latent_pooled,exact_sharing,16,170093,variance_estimation,93
1.41158289806291,qalt_pooled,alternating_variances,16,170093,variance_estimation,93
0.26966397888756694,full_latent_coordinatewise,alternating_variances,16,170093,variance_estimation,93
1.41158289806291,full_latent_pooled,alternating_variances,16,170093,variance_estimation,93
0.02825729974327898,qalt_pooled,exact_sharing,16,170094,variance_estimation,94
0.4473705836897359,full_latent_coordinatewise,exact_sharing,16,170094,variance_estimation,94
0.02825729974327898,full_latent_pooled,exact_sharing,16,170094,variance_estimation,94
1.3397405233581008,qalt_pooled,alternating_variances,16,170094,variance_estimation,94
0.18920694549751438,full_latent_coordinatewise,alternating_variances,16,170094,variance_estimation,94
1.3397405233581008,full_latent_pooled,alternating_variances,16,170094,variance_estimation,94
0.05427179270456711,qalt_pooled,exact_sharing,16,170095,variance_estimation,95
0.309211977808531,full_latent_coordinatewise,exact_sharing,16,170095,variance_estimation,95
0.05427179270456711,full_latent_pooled,exact_sharing,16,170095,variance_estimation,95
1.4119911043753925,qalt_pooled,alternating_variances,16,170095,variance_estimation,95
0.49175957747037885,full_latent_coordinatewise,alternating_variances,16,170095,variance_estimation,95
1.4119911043753925,full_latent_pooled,alternating_variances,16,170095,variance_estimation,95
0.016349705775568296,qalt_pooled,exact_sharing,16,170096,variance_estimation,96
0.19331983492952473,full_latent_coordinatewise,exact_sharing,16,170096,variance_estimation,96
0.016349705775568296,full_latent_pooled,exact_sharing,16,170096,variance_estimation,96
1.347346577436905,qalt_pooled,alternating_variances,16,170096,variance_estimation,96
0.4152495856331256,full_latent_coordinatewise,alternating_variances,16,170096,variance_estimation,96
1.347346577436905,full_latent_pooled,alternating_variances,16,170096,variance_estimation,96
0.04227121864859243,qalt_pooled,exact_sharing,16,170097,variance_estimation,97
0.736269831365632,full_latent_coordinatewise,exact_sharing,16,170097,variance_estimation,97
0.04227121864859243,full_latent_pooled,exact_sharing,16,170097,variance_estimation,97
1.3643429834944794,qalt_pooled,alternating_variances,16,170097,variance_estimation,97
0.5073088046196329,full_latent_coordinatewise,alternating_variances,16,170097,variance_estimation,97
1.3643429834944794,full_latent_pooled,alternating_variances,16,170097,variance_estimation,97
0.020206445852007593,qalt_pooled,exact_sharing,16,170098,variance_estimation,98
0.4044864865844139,full_latent_coordinatewise,exact_sharing,16,170098,variance_estimation,98
0.020206445852007593,full_latent_pooled,exact_sharing,16,170098,variance_estimation,98
1.348222732256104,qalt_pooled,alternating_variances,16,170098,variance_estimation,98
0.6288245100944088,full_latent_coordinatewise,alternating_variances,16,170098,variance_estimation,98
1.348222732256104,full_latent_pooled,alternating_variances,16,170098,variance_estimation,98
0.006646254523261633,qalt_pooled,exact_sharing,16,170099,variance_estimation,99
0.6770990390686003,full_latent_coordinatewise,exact_sharing,16,170099,variance_estimation,99
0.006646254523261633,full_latent_pooled,exact_sharing,16,170099,variance_estimation,99
1.3389998783080268,qalt_pooled,alternating_variances,16,170099,variance_estimation,99
0.21762619125527494,full_latent_coordinatewise,alternating_variances,16,170099,variance_estimation,99
1.3389998783080268,full_latent_pooled,alternating_variances,16,170099,variance_estimation,99
0.0008051741017909286,qalt_pooled,exact_sharing,16,170100,variance_estimation,100
0.7691651086614562,full_latent_coordinatewise,exact_sharing,16,170100,variance_estimation,100
0.0008051741017909286,full_latent_pooled,exact_sharing,16,170100,variance_estimation,100
1.4090983123777832,qalt_pooled,alternating_variances,16,170100,variance_estimation,100
0.8827097488302678,full_latent_coordinatewise,alternating_variances,16,170100,variance_estimation,100
1.4090983123777832,full_latent_pooled,alternating_variances,16,170100,variance_estimation,100
0.014984517786334167,qalt_pooled,exact_sharing,16,170101,variance_estimation,101
0.4607541511173609,full_latent_coordinatewise,exact_sharing,16,170101,variance_estimation,101
0.014984517786334167,full_latent_pooled,exact_sharing,16,170101,variance_estimation,101
1.3628658377583671,qalt_pooled,alternating_variances,16,170101,variance_estimation,101
0.2997040669458239,full_latent_coordinatewise,alternating_variances,16,170101,variance_estimation,101
1.3628658377583671,full_latent_pooled,alternating_variances,16,170101,variance_estimation,101
0.006365779519121567,qalt_pooled,exact_sharing,16,170102,variance_estimation,102
0.649862850589454,full_latent_coordinatewise,exact_sharing,16,170102,variance_estimation,102
0.006365779519121567,full_latent_pooled,exact_sharing,16,170102,variance_estimation,102
1.3430263722068099,qalt_pooled,alternating_variances,16,170102,variance_estimation,102
0.162164629484446,full_latent_coordinatewise,alternating_variances,16,170102,variance_estimation,102
1.3430263722068099,full_latent_pooled,alternating_variances,16,170102,variance_estimation,102
0.002561746926109741,qalt_pooled,exact_sharing,16,170103,variance_estimation,103
0.2365319850946914,full_latent_coordinatewise,exact_sharing,16,170103,variance_estimation,103
0.002561746926109741,full_latent_pooled,exact_sharing,16,170103,variance_estimation,103
1.3454079932078926,qalt_pooled,alternating_variances,16,170103,variance_estimation,103
0.6515550383391876,full_latent_coordinatewise,alternating_variances,16,170103,variance_estimation,103
1.3454079932078926,full_latent_pooled,alternating_variances,16,170103,variance_estimation,103
0.01027047557982877,qalt_pooled,exact_sharing,16,170104,variance_estimation,104
0.4857089244598011,full_latent_coordinatewise,exact_sharing,16,170104,variance_estimation,104
0.01027047557982877,full_latent_pooled,exact_sharing,16,170104,variance_estimation,104
1.5272000920554087,qalt_pooled,alternating_variances,16,170104,variance_estimation,104
0.44533411387957034,full_latent_coordinatewise,alternating_variances,16,170104,variance_estimation,104
1.5272000920554087,full_latent_pooled,alternating_variances,16,170104,variance_estimation,104
0.012977960732605903,qalt_pooled,exact_sharing,16,170105,variance_estimation,105
0.6596895486459322,full_latent_coordinatewise,exact_sharing,16,170105,variance_estimation,105
0.012977960732605903,full_latent_pooled,exact_sharing,16,170105,variance_estimation,105
1.4560171389787577,qalt_pooled,alternating_variances,16,170105,variance_estimation,105
0.36886925289544575,full_latent_coordinatewise,alternating_variances,16,170105,variance_estimation,105
1.4560171389787577,full_latent_pooled,alternating_variances,16,170105,variance_estimation,105
0.02625537010460227,qalt_pooled,exact_sharing,16,170106,variance_estimation,106
0.34168457944480496,full_latent_coordinatewise,exact_sharing,16,170106,variance_estimation,106
0.02625537010460227,full_latent_pooled,exact_sharing,16,170106,variance_estimation,106
1.410324761594531,qalt_pooled,alternating_variances,16,170106,variance_estimation,106
0.26953338229568347,full_latent_coordinatewise,alternating_variances,16,170106,variance_estimation,106
1.410324761594531,full_latent_pooled,alternating_variances,16,170106,variance_estimation,106
0.0007113894827411767,qalt_pooled,exact_sharing,16,170107,variance_estimation,107
0.6881663186256318,full_latent_coordinatewise,exact_sharing,16,170107,variance_estimation,107
0.0007113894827411767,full_latent_pooled,exact_sharing,16,170107,variance_estimation,107
1.3390763921514905,qalt_pooled,alternating_variances,16,170107,variance_estimation,107
0.1581290054785206,full_latent_coordinatewise,alternating_variances,16,170107,variance_estimation,107
1.3390763921514905,full_latent_pooled,alternating_variances,16,170107,variance_estimation,107
0.0738835382391837,qalt_pooled,exact_sharing,16,170108,variance_estimation,108
0.30976256773516636,full_latent_coordinatewise,exact_sharing,16,170108,variance_estimation,108
0.0738835382391837,full_latent_pooled,exact_sharing,16,170108,variance_estimation,108
1.3641930784419913,qalt_pooled,alternating_variances,16,170108,variance_estimation,108
0.41194441494995626,full_latent_coordinatewise,alternating_variances,16,170108,variance_estimation,108
1.3641930784419913,full_latent_pooled,alternating_variances,16,170108,variance_estimation,108
0.013674964025077785,qalt_pooled,exact_sharing,16,170109,variance_estimation,109
0.4280939022244116,full_latent_coordinatewise,exact_sharing,16,170109,variance_estimation,109
0.013674964025077785,full_latent_pooled,exact_sharing,16,170109,variance_estimation,109
1.3771281600677296,qalt_pooled,alternating_variances,16,170109,variance_estimation,109
0.46779248682835806,full_latent_coordinatewise,alternating_variances,16,170109,variance_estimation,109
1.3771281600677296,full_latent_pooled,alternating_variances,16,170109,variance_estimation,109
0.10564486605226542,qalt_pooled,exact_sharing,16,170110,variance_estimation,110
0.5371023939493402,full_latent_coordinatewise,exact_sharing,16,170110,variance_estimation,110
0.10564486605226542,full_latent_pooled,exact_sharing,16,170110,variance_estimation,110
1.586632631282985,qalt_pooled,alternating_variances,16,170110,variance_estimation,110
0.5719413227505162,full_latent_coordinatewise,alternating_variances,16,170110,variance_estimation,110
1.586632631282985,full_latent_pooled,alternating_variances,16,170110,variance_estimation,110
0.2655793307754998,qalt_pooled,exact_sharing,16,170111,variance_estimation,111
0.5240878004890557,full_latent_coordinatewise,exact_sharing,16,170111,variance_estimation,111
0.2655793307754998,full_latent_pooled,exact_sharing,16,170111,variance_estimation,111
1.4002468841688145,qalt_pooled,alternating_variances,16,170111,variance_estimation,111
0.20705970698026488,full_latent_coordinatewise,alternating_variances,16,170111,variance_estimation,111
1.4002468841688145,full_latent_pooled,alternating_variances,16,170111,variance_estimation,111
0.017516220534277066,qalt_pooled,exact_sharing,16,170112,variance_estimation,112
0.6957714030155628,full_latent_coordinatewise,exact_sharing,16,170112,variance_estimation,112
0.017516220534277066,full_latent_pooled,exact_sharing,16,170112,variance_estimation,112
1.4364857893934686,qalt_pooled,alternating_variances,16,170112,variance_estimation,112
0.3745382720353066,full_latent_coordinatewise,alternating_variances,16,170112,variance_estimation,112
1.4364857893934686,full_latent_pooled,alternating_variances,16,170112,variance_estimation,112
0.08321010789377598,qalt_pooled,exact_sharing,16,170113,variance_estimation,113
0.5035365931857773,full_latent_coordinatewise,exact_sharing,16,170113,variance_estimation,113
0.08321010789377598,full_latent_pooled,exact_sharing,16,170113,variance_estimation,113
1.4196204108434958,qalt_pooled,alternating_variances,16,170113,variance_estimation,113
0.8180692954985069,full_latent_coordinatewise,alternating_variances,16,170113,variance_estimation,113
1.4196204108434958,full_latent_pooled,alternating_variances,16,170113,variance_estimation,113
0.01021905754679786,qalt_pooled,exact_sharing,16,170114,variance_estimation,114
0.356919599880813,full_latent_coordinatewise,exact_sharing,16,170114,variance_estimation,114
0.01021905754679786,full_latent_pooled,exact_sharing,16,170114,variance_estimation,114
1.3949232119311405,qalt_pooled,alternating_variances,16,170114,variance_estimation,114
0.3673249206300756,full_latent_coordinatewise,alternating_variances,16,170114,variance_estimation,114
1.3949232119311405,full_latent_pooled,alternating_variances,16,170114,variance_estimation,114
0.0024260915114209594,qalt_pooled,exact_sharing,16,170115,variance_estimation,115
0.4789910111237359,full_latent_coordinatewise,exact_sharing,16,170115,variance_estimation,115
0.0024260915114209594,full_latent_pooled,exact_sharing,16,170115,variance_estimation,115
1.4136344974205117,qalt_pooled,alternating_variances,16,170115,variance_estimation,115
0.9967590932903936,full_latent_coordinatewise,alternating_variances,16,170115,variance_estimation,115
1.4136344974205117,full_latent_pooled,alternating_variances,16,170115,variance_estimation,115
0.05603112963146606,qalt_pooled,exact_sharing,16,170116,variance_estimation,116
0.28294387890429495,full_latent_coordinatewise,exact_sharing,16,170116,variance_estimation,116
0.05603112963146606,full_latent_pooled,exact_sharing,16,170116,variance_estimation,116
1.379493789131512,qalt_pooled,alternating_variances,16,170116,variance_estimation,116
0.2768537711648523,full_latent_coordinatewise,alternating_variances,16,170116,variance_estimation,116
1.379493789131512,full_latent_pooled,alternating_variances,16,170116,variance_estimation,116
0.01634504202852649,qalt_pooled,exact_sharing,16,170117,variance_estimation,117
0.2586922992540073,full_latent_coordinatewise,exact_sharing,16,170117,variance_estimation,117
0.01634504202852649,full_latent_pooled,exact_sharing,16,170117,variance_estimation,117
1.351992199959105,qalt_pooled,alternating_variances,16,170117,variance_estimation,117
0.1656129606455677,full_latent_coordinatewise,alternating_variances,16,170117,variance_estimation,117
1.351992199959105,full_latent_pooled,alternating_variances,16,170117,variance_estimation,117
0.04341063144625232,qalt_pooled,exact_sharing,16,170118,variance_estimation,118
0.1366308083380916,full_latent_coordinatewise,exact_sharing,16,170118,variance_estimation,118
0.04341063144625232,full_latent_pooled,exact_sharing,16,170118,variance_estimation,118
1.3405881616580377,qalt_pooled,alternating_variances,16,170118,variance_estimation,118
0.8251450161643337,full_latent_coordinatewise,alternating_variances,16,170118,variance_estimation,118
1.3405881616580377,full_latent_pooled,alternating_variances,16,170118,variance_estimation,118
0.01970469273515396,qalt_pooled,exact_sharing,16,170119,variance_estimation,119
0.43233971969086155,full_latent_coordinatewise,exact_sharing,16,170119,variance_estimation,119
0.01970469273515396,full_latent_pooled,exact_sharing,16,170119,variance_estimation,119
1.371742066388046,qalt_pooled,alternating_variances,16,170119,variance_estimation,119
0.26915711903187933,full_latent_coordinatewise,alternating_variances,16,170119,variance_estimation,119
1.371742066388046,full_latent_pooled,alternating_variances,16,170119,variance_estimation,119
0.09348237566649042,qalt_pooled,exact_sharing,16,170120,variance_estimation,120
0.5202543219340267,full_latent_coordinatewise,exact_sharing,16,170120,variance_estimation,120
0.09348237566649042,full_latent_pooled,exact_sharing,16,170120,variance_estimation,120
1.4868312244252981,qalt_pooled,alternating_variances,16,170120,variance_estimation,120
1.5347581346339914,full_latent_coordinatewise,alternating_variances,16,170120,variance_estimation,120
1.4868312244252981,full_latent_pooled,alternating_variances,16,170120,variance_estimation,120
0.010844341221342688,qalt_pooled,exact_sharing,16,170121,variance_estimation,121
0.7944624767762264,full_latent_coordinatewise,exact_sharing,16,170121,variance_estimation,121
0.010844341221342688,full_latent_pooled,exact_sharing,16,170121,variance_estimation,121
1.3484086616812268,qalt_pooled,alternating_variances,16,170121,variance_estimation,121
0.30654108065394114,full_latent_coordinatewise,alternating_variances,16,170121,variance_estimation,121
1.3484086616812268,full_latent_pooled,alternating_variances,16,170121,variance_estimation,121
0.011340494433185702,qalt_pooled,exact_sharing,16,170122,variance_estimation,122
0.2559546027871832,full_latent_coordinatewise,exact_sharing,16,170122,variance_estimation,122
0.011340494433185702,full_latent_pooled,exact_sharing,16,170122,variance_estimation,122
1.3392137454491768,qalt_pooled,alternating_variances,16,170122,variance_estimation,122
0.32622584185774384,full_latent_coordinatewise,alternating_variances,16,170122,variance_estimation,122
1.3392137454491768,full_latent_pooled,alternating_variances,16,170122,variance_estimation,122
0.0007704955482127629,qalt_pooled,exact_sharing,16,170123,variance_estimation,123
0.39107365803718114,full_latent_coordinatewise,exact_sharing,16,170123,variance_estimation,123
0.0007704955482127629,full_latent_pooled,exact_sharing,16,170123,variance_estimation,123
1.4700316121373644,qalt_pooled,alternating_variances,16,170123,variance_estimation,123
0.333250438001569,full_latent_coordinatewise,alternating_variances,16,170123,variance_estimation,123
1.4700316121373644,full_latent_pooled,alternating_variances,16,170123,variance_estimation,123
0.043182986851234784,qalt_pooled,exact_sharing,16,170124,variance_estimation,124
0.14190623013096754,full_latent_coordinatewise,exact_sharing,16,170124,variance_estimation,124
0.043182986851234784,full_latent_pooled,exact_sharing,16,170124,variance_estimation,124
1.3815043740418365,qalt_pooled,alternating_variances,16,170124,variance_estimation,124
0.6606053684660067,full_latent_coordinatewise,alternating_variances,16,170124,variance_estimation,124
1.3815043740418365,full_latent_pooled,alternating_variances,16,170124,variance_estimation,124
0.0001809268519593621,qalt_pooled,exact_sharing,16,170125,variance_estimation,125
0.3080946881700839,full_latent_coordinatewise,exact_sharing,16,170125,variance_estimation,125
0.0001809268519593621,full_latent_pooled,exact_sharing,16,170125,variance_estimation,125
1.3999080771997063,qalt_pooled,alternating_variances,16,170125,variance_estimation,125
0.541520615854954,full_latent_coordinatewise,alternating_variances,16,170125,variance_estimation,125
1.3999080771997063,full_latent_pooled,alternating_variances,16,170125,variance_estimation,125
2.6873004401812423e-05,qalt_pooled,exact_sharing,16,170126,variance_estimation,126
0.4754224857259771,full_latent_coordinatewise,exact_sharing,16,170126,variance_estimation,126
2.6873004401812423e-05,full_latent_pooled,exact_sharing,16,170126,variance_estimation,126
1.6407829324533998,qalt_pooled,alternating_variances,16,170126,variance_estimation,126
0.6204723172516142,full_latent_coordinatewise,alternating_variances,16,170126,variance_estimation,126
1.6407829324533998,full_latent_pooled,alternating_variances,16,170126,variance_estimation,126
0.012717117669284711,qalt_pooled,exact_sharing,16,170127,variance_estimation,127
1.0996526692492343,full_latent_coordinatewise,exact_sharing,16,170127,variance_estimation,127
0.012717117669284711,full_latent_pooled,exact_sharing,16,170127,variance_estimation,127
1.4732556538833228,qalt_pooled,alternating_variances,16,170127,variance_estimation,127
0.6830029548383614,full_latent_coordinatewise,alternating_variances,16,170127,variance_estimation,127
1.4732556538833228,full_latent_pooled,alternating_variances,16,170127,variance_estimation,127
0.0002453977183603205,qalt_pooled,exact_sharing,16,170128,variance_estimation,128
0.47228678020074194,full_latent_coordinatewise,exact_sharing,16,170128,variance_estimation,128
0.0002453977183603205,full_latent_pooled,exact_sharing,16,170128,variance_estimation,128
1.425032047231523,qalt_pooled,alternating_variances,16,170128,variance_estimation,128
0.49190795622206757,full_latent_coordinatewise,alternating_variances,16,170128,variance_estimation,128
1.425032047231523,full_latent_pooled,alternating_variances,16,170128,variance_estimation,128
0.0004236198431616378,qalt_pooled,exact_sharing,16,170129,variance_estimation,129
0.14960233996505373,full_latent_coordinatewise,exact_sharing,16,170129,variance_estimation,129
0.0004236198431616378,full_latent_pooled,exact_sharing,16,170129,variance_estimation,129
1.3893875739874675,qalt_pooled,alternating_variances,16,170129,variance_estimation,129
0.24154854492226369,full_latent_coordinatewise,alternating_variances,16,170129,variance_estimation,129
1.3893875739874675,full_latent_pooled,alternating_variances,16,170129,variance_estimation,129
0.06952717221548815,qalt_pooled,exact_sharing,16,170130,variance_estimation,130
0.40743208840859413,full_latent_coordinatewise,exact_sharing,16,170130,variance_estimation,130
0.06952717221548815,full_latent_pooled,exact_sharing,16,170130,variance_estimation,130
1.4257387771814265,qalt_pooled,alternating_variances,16,170130,variance_estimation,130
1.2164747669667442,full_latent_coordinatewise,alternating_variances,16,170130,variance_estimation,130
1.4257387771814265,full_latent_pooled,alternating_variances,16,170130,variance_estimation,130
0.002907067419347556,qalt_pooled,exact_sharing,16,170131,variance_estimation,131
0.20416883425520813,full_latent_coordinatewise,exact_sharing,16,170131,variance_estimation,131
0.002907067419347556,full_latent_pooled,exact_sharing,16,170131,variance_estimation,131
1.3705980255600743,qalt_pooled,alternating_variances,16,170131,variance_estimation,131
0.23069727235501303,full_latent_coordinatewise,alternating_variances,16,170131,variance_estimation,131
1.3705980255600743,full_latent_pooled,alternating_variances,16,170131,variance_estimation,131
0.0058444888451682775,qalt_pooled,exact_sharing,16,170132,variance_estimation,132
0.5013157538414239,full_latent_coordinatewise,exact_sharing,16,170132,variance_estimation,132
0.0058444888451682775,full_latent_pooled,exact_sharing,16,170132,variance_estimation,132
1.338974872185762,qalt_pooled,alternating_variances,16,170132,variance_estimation,132
0.7953808410745721,full_latent_coordinatewise,alternating_variances,16,170132,variance_estimation,132
1.338974872185762,full_latent_pooled,alternating_variances,16,170132,variance_estimation,132
0.01589419786452076,qalt_pooled,exact_sharing,16,170133,variance_estimation,133
0.5963161145785008,full_latent_coordinatewise,exact_sharing,16,170133,variance_estimation,133
0.01589419786452076,full_latent_pooled,exact_sharing,16,170133,variance_estimation,133
1.339788738062424,qalt_pooled,alternating_variances,16,170133,variance_estimation,133
0.42521518822539917,full_latent_coordinatewise,alternating_variances,16,170133,variance_estimation,133
1.339788738062424,full_latent_pooled,alternating_variances,16,170133,variance_estimation,133
0.012325312586834641,qalt_pooled,exact_sharing,16,170134,variance_estimation,134
0.19120359893624733,full_latent_coordinatewise,exact_sharing,16,170134,variance_estimation,134
0.012325312586834641,full_latent_pooled,exact_sharing,16,170134,variance_estimation,134
1.3439553147369807,qalt_pooled,alternating_variances,16,170134,variance_estimation,134
0.4747456426638125,full_latent_coordinatewise,alternating_variances,16,170134,variance_estimation,134
1.3439553147369807,full_latent_pooled,alternating_variances,16,170134,variance_estimation,134
0.0013205483529522208,qalt_pooled,exact_sharing,16,170135,variance_estimation,135
0.4050089435401508,full_latent_coordinatewise,exact_sharing,16,170135,variance_estimation,135
0.0013205483529522208,full_latent_pooled,exact_sharing,16,170135,variance_estimation,135
1.3636426333406608,qalt_pooled,alternating_variances,16,170135,variance_estimation,135
0.4538507908387572,full_latent_coordinatewise,alternating_variances,16,170135,variance_estimation,135
1.3636426333406608,full_latent_pooled,alternating_variances,16,170135,variance_estimation,135
0.012682982364375261,qalt_pooled,exact_sharing,16,170136,variance_estimation,136
0.9323317307367868,full_latent_coordinatewise,exact_sharing,16,170136,variance_estimation,136
0.012682982364375261,full_latent_pooled,exact_sharing,16,170136,variance_estimation,136
1.4033622543872322,qalt_pooled,alternating_variances,16,170136,variance_estimation,136
0.6397651346903461,full_latent_coordinatewise,alternating_variances,16,170136,variance_estimation,136
1.4033622543872322,full_latent_pooled,alternating_variances,16,170136,variance_estimation,136
0.004708828902824355,qalt_pooled,exact_sharing,16,170137,variance_estimation,137
0.22330674528614874,full_latent_coordinatewise,exact_sharing,16,170137,variance_estimation,137
0.004708828902824355,full_latent_pooled,exact_sharing,16,170137,variance_estimation,137
1.3620647021891072,qalt_pooled,alternating_variances,16,170137,variance_estimation,137
0.24046617041106297,full_latent_coordinatewise,alternating_variances,16,170137,variance_estimation,137
1.3620647021891072,full_latent_pooled,alternating_variances,16,170137,variance_estimation,137
0.0013213878164212503,qalt_pooled,exact_sharing,16,170138,variance_estimation,138
0.24994278025051794,full_latent_coordinatewise,exact_sharing,16,170138,variance_estimation,138
0.0013213878164212503,full_latent_pooled,exact_sharing,16,170138,variance_estimation,138
1.391693745956503,qalt_pooled,alternating_variances,16,170138,variance_estimation,138
0.6668608707157025,full_latent_coordinatewise,alternating_variances,16,170138,variance_estimation,138
1.391693745956503,full_latent_pooled,alternating_variances,16,170138,variance_estimation,138
0.0003040916209253938,qalt_pooled,exact_sharing,16,170139,variance_estimation,139
0.21887949983775867,full_latent_coordinatewise,exact_sharing,16,170139,variance_estimation,139
0.0003040916209253938,full_latent_pooled,exact_sharing,16,170139,variance_estimation,139
1.3391757085681073,qalt_pooled,alternating_variances,16,170139,variance_estimation,139
0.1611980704805512,full_latent_coordinatewise,alternating_variances,16,170139,variance_estimation,139
1.3391757085681073,full_latent_pooled,alternating_variances,16,170139,variance_estimation,139
0.023502735356465326,qalt_pooled,exact_sharing,16,170140,variance_estimation,140
0.3598936697471317,full_latent_coordinatewise,exact_sharing,16,170140,variance_estimation,140
0.023502735356465326,full_latent_pooled,exact_sharing,16,170140,variance_estimation,140
1.387945501698451,qalt_pooled,alternating_variances,16,170140,variance_estimation,140
0.34692533726940356,full_latent_coordinatewise,alternating_variances,16,170140,variance_estimation,140
1.387945501698451,full_latent_pooled,alternating_variances,16,170140,variance_estimation,140
0.009947371543341493,qalt_pooled,exact_sharing,16,170141,variance_estimation,141
0.20494642221950904,full_latent_coordinatewise,exact_sharing,16,170141,variance_estimation,141
0.009947371543341493,full_latent_pooled,exact_sharing,16,170141,variance_estimation,141
1.3574710422379106,qalt_pooled,alternating_variances,16,170141,variance_estimation,141
0.2435552575959136,full_latent_coordinatewise,alternating_variances,16,170141,variance_estimation,141
1.3574710422379106,full_latent_pooled,alternating_variances,16,170141,variance_estimation,141
0.04114478391409751,qalt_pooled,exact_sharing,16,170142,variance_estimation,142
0.23946975419949434,full_latent_coordinatewise,exact_sharing,16,170142,variance_estimation,142
0.04114478391409751,full_latent_pooled,exact_sharing,16,170142,variance_estimation,142
1.3412204278705437,qalt_pooled,alternating_variances,16,170142,variance_estimation,142
0.2109567548254153,full_latent_coordinatewise,alternating_variances,16,170142,variance_estimation,142
1.3412204278705437,full_latent_pooled,alternating_variances,16,170142,variance_estimation,142
0.007932299690882216,qalt_pooled,exact_sharing,16,170143,variance_estimation,143
0.25939702150651256,full_latent_coordinatewise,exact_sharing,16,170143,variance_estimation,143
0.007932299690882216,full_latent_pooled,exact_sharing,16,170143,variance_estimation,143
1.3529802399290807,qalt_pooled,alternating_variances,16,170143,variance_estimation,143
0.9948581890197432,full_latent_coordinatewise,alternating_variances,16,170143,variance_estimation,143
1.3529802399290807,full_latent_pooled,alternating_variances,16,170143,variance_estimation,143
0.018465513380336557,qalt_pooled,exact_sharing,16,170144,variance_estimation,144
0.28005639585669817,full_latent_coordinatewise,exact_sharing,16,170144,variance_estimation,144
0.018465513380336557,full_latent_pooled,exact_sharing,16,170144,variance_estimation,144
1.3399807959263508,qalt_pooled,alternating_variances,16,170144,variance_estimation,144
0.38047497393801644,full_latent_coordinatewise,alternating_variances,16,170144,variance_estimation,144
1.3399807959263508,full_latent_pooled,alternating_variances,16,170144,variance_estimation,144
0.034217653178932966,qalt_pooled,exact_sharing,16,170145,variance_estimation,145
1.1856499464677854,full_latent_coordinatewise,exact_sharing,16,170145,variance_estimation,145
0.034217653178932966,full_latent_pooled,exact_sharing,16,170145,variance_estimation,145
1.3958919731611183,qalt_pooled,alternating_variances,16,170145,variance_estimation,145
0.8393542331891735,full_latent_coordinatewise,alternating_variances,16,170145,variance_estimation,145
1.3958919731611183,full_latent_pooled,alternating_variances,16,170145,variance_estimation,145
0.000662516601298159,qalt_pooled,exact_sharing,16,170146,variance_estimation,146
0.22692760297127107,full_latent_coordinatewise,exact_sharing,16,170146,variance_estimation,146
0.000662516601298159,full_latent_pooled,exact_sharing,16,170146,variance_estimation,146
1.440440319785972,qalt_pooled,alternating_variances,16,170146,variance_estimation,146
0.5431390211612591,full_latent_coordinatewise,alternating_variances,16,170146,variance_estimation,146
1.440440319785972,full_latent_pooled,alternating_variances,16,170146,variance_estimation,146
0.09893650179344826,qalt_pooled,exact_sharing,16,170147,variance_estimation,147
1.4327865518156007,full_latent_coordinatewise,exact_sharing,16,170147,variance_estimation,147
0.09893650179344826,full_latent_pooled,exact_sharing,16,170147,variance_estimation,147
1.3845579590374657,qalt_pooled,alternating_variances,16,170147,variance_estimation,147
0.2494557555620898,full_latent_coordinatewise,alternating_variances,16,170147,variance_estimation,147
1.3845579590374657,full_latent_pooled,alternating_variances,16,170147,variance_estimation,147
0.00010878020571366935,qalt_pooled,exact_sharing,16,170148,variance_estimation,148
0.2241052228715165,full_latent_coordinatewise,exact_sharing,16,170148,variance_estimation,148
0.00010878020571366935,full_latent_pooled,exact_sharing,16,170148,variance_estimation,148
1.3649916950217618,qalt_pooled,alternating_variances,16,170148,variance_estimation,148
0.6348409558087384,full_latent_coordinatewise,alternating_variances,16,170148,variance_estimation,148
1.3649916950217618,full_latent_pooled,alternating_variances,16,170148,variance_estimation,148
0.14725345138248241,qalt_pooled,exact_sharing,16,170149,variance_estimation,149
0.5425166186921493,full_latent_coordinatewise,exact_sharing,16,170149,variance_estimation,149
0.14725345138248241,full_latent_pooled,exact_sharing,16,170149,variance_estimation,149
1.3389297619025684,qalt_pooled,alternating_variances,16,170149,variance_estimation,149
0.7887376528291781,full_latent_coordinatewise,alternating_variances,16,170149,variance_estimation,149
1.3389297619025684,full_latent_pooled,alternating_variances,16,170149,variance_estimation,149
5.948034647564569e-05,qalt_pooled,exact_sharing,16,170150,variance_estimation,150
0.24157550909733205,full_latent_coordinatewise,exact_sharing,16,170150,variance_estimation,150
5.948034647564569e-05,full_latent_pooled,exact_sharing,16,170150,variance_estimation,150
1.341438708953715,qalt_pooled,alternating_variances,16,170150,variance_estimation,150
0.5958837933198441,full_latent_coordinatewise,alternating_variances,16,170150,variance_estimation,150
1.341438708953715,full_latent_pooled,alternating_variances,16,170150,variance_estimation,150
0.004297515281690298,qalt_pooled,exact_sharing,16,170151,variance_estimation,151
0.42513701401195036,full_latent_coordinatewise,exact_sharing,16,170151,variance_estimation,151
0.004297515281690298,full_latent_pooled,exact_sharing,16,170151,variance_estimation,151
1.3882501046774882,qalt_pooled,alternating_variances,16,170151,variance_estimation,151
0.3961291158652031,full_latent_coordinatewise,alternating_variances,16,170151,variance_estimation,151
1.3882501046774882,full_latent_pooled,alternating_variances,16,170151,variance_estimation,151
0.015662860503389997,qalt_pooled,exact_sharing,16,170152,variance_estimation,152
0.25158418765404583,full_latent_coordinatewise,exact_sharing,16,170152,variance_estimation,152
0.015662860503389997,full_latent_pooled,exact_sharing,16,170152,variance_estimation,152
1.3471830906095066,qalt_pooled,alternating_variances,16,170152,variance_estimation,152
0.20231815660711056,full_latent_coordinatewise,alternating_variances,16,170152,variance_estimation,152
1.3471830906095066,full_latent_pooled,alternating_variances,16,170152,variance_estimation,152
0.003803914809570097,qalt_pooled,exact_sharing,16,170153,variance_estimation,153
0.45239331738598215,full_latent_coordinatewise,exact_sharing,16,170153,variance_estimation,153
0.003803914809570097,full_latent_pooled,exact_sharing,16,170153,variance_estimation,153
1.3397529090591158,qalt_pooled,alternating_variances,16,170153,variance_estimation,153
0.664039901046967,full_latent_coordinatewise,alternating_variances,16,170153,variance_estimation,153
1.3397529090591158,full_latent_pooled,alternating_variances,16,170153,variance_estimation,153
0.021212987622309776,qalt_pooled,exact_sharing,16,170154,variance_estimation,154
0.4374461498080489,full_latent_coordinatewise,exact_sharing,16,170154,variance_estimation,154
0.021212987622309776,full_latent_pooled,exact_sharing,16,170154,variance_estimation,154
1.3639040647959775,qalt_pooled,alternating_variances,16,170154,variance_estimation,154
0.3865410555786739,full_latent_coordinatewise,alternating_variances,16,170154,variance_estimation,154
1.3639040647959775,full_latent_pooled,alternating_variances,16,170154,variance_estimation,154
0.0006257563243202285,qalt_pooled,exact_sharing,16,170155,variance_estimation,155
0.1859246711849452,full_latent_coordinatewise,exact_sharing,16,170155,variance_estimation,155
0.0006257563243202285,full_latent_pooled,exact_sharing,16,170155,variance_estimation,155
1.351595703097334,qalt_pooled,alternating_variances,16,170155,variance_estimation,155
0.2773408315518307,full_latent_coordinatewise,alternating_variances,16,170155,variance_estimation,155
1.351595703097334,full_latent_pooled,alternating_variances,16,170155,variance_estimation,155
0.03884525530419464,qalt_pooled,exact_sharing,16,170156,variance_estimation,156
0.17267343244164945,full_latent_coordinatewise,exact_sharing,16,170156,variance_estimation,156
0.03884525530419464,full_latent_pooled,exact_sharing,16,170156,variance_estimation,156
1.33887699324244,qalt_pooled,alternating_variances,16,170156,variance_estimation,156
0.3251946442263206,full_latent_coordinatewise,alternating_variances,16,170156,variance_estimation,156
1.33887699324244,full_latent_pooled,alternating_variances,16,170156,variance_estimation,156
0.00041477848896353045,qalt_pooled,exact_sharing,16,170157,variance_estimation,157
0.3184216197337386,full_latent_coordinatewise,exact_sharing,16,170157,variance_estimation,157
0.00041477848896353045,full_latent_pooled,exact_sharing,16,170157,variance_estimation,157
1.3518285148216687,qalt_pooled,alternating_variances,16,170157,variance_estimation,157
0.280479705123978,full_latent_coordinatewise,alternating_variances,16,170157,variance_estimation,157
1.3518285148216687,full_latent_pooled,alternating_variances,16,170157,variance_estimation,157
0.05475606458819693,qalt_pooled,exact_sharing,16,170158,variance_estimation,158
0.6049794191934154,full_latent_coordinatewise,exact_sharing,16,170158,variance_estimation,158
0.05475606458819693,full_latent_pooled,exact_sharing,16,170158,variance_estimation,158
1.4306664824793671,qalt_pooled,alternating_variances,16,170158,variance_estimation,158
0.17743508131337643,full_latent_coordinatewise,alternating_variances,16,170158,variance_estimation,158
1.4306664824793671,full_latent_pooled,alternating_variances,16,170158,variance_estimation,158
0.09758020540056084,qalt_pooled,exact_sharing,16,170159,variance_estimation,159
0.2280279179746719,full_latent_coordinatewise,exact_sharing,16,170159,variance_estimation,159
0.09758020540056084,full_latent_pooled,exact_sharing,16,170159,variance_estimation,159
1.3439783252375785,qalt_pooled,alternating_variances,16,170159,variance_estimation,159
0.5692869910123237,full_latent_coordinatewise,alternating_variances,16,170159,variance_estimation,159
1.3439783252375785,full_latent_pooled,alternating_variances,16,170159,variance_estimation,159
0.006610854570651914,qalt_pooled,exact_sharing,16,170160,variance_estimation,160
0.17311836506833478,full_latent_coordinatewise,exact_sharing,16,170160,variance_estimation,160
0.006610854570651914,full_latent_pooled,exact_sharing,16,170160,variance_estimation,160
1.3388730354300533,qalt_pooled,alternating_variances,16,170160,variance_estimation,160
0.13234631819579268,full_latent_coordinatewise,alternating_variances,16,170160,variance_estimation,160
1.3388730354300533,full_latent_pooled,alternating_variances,16,170160,variance_estimation,160
0.00025952249242724296,qalt_pooled,exact_sharing,16,170161,variance_estimation,161
0.5827219925535707,full_latent_coordinatewise,exact_sharing,16,170161,variance_estimation,161
0.00025952249242724296,full_latent_pooled,exact_sharing,16,170161,variance_estimation,161
1.6596790246008042,qalt_pooled,alternating_variances,16,170161,variance_estimation,161
1.0886462834390211,full_latent_coordinatewise,alternating_variances,16,170161,variance_estimation,161
1.6596790246008042,full_latent_pooled,alternating_variances,16,170161,variance_estimation,161
4.624118799269501e-05,qalt_pooled,exact_sharing,16,170162,variance_estimation,162
0.27543792312193494,full_latent_coordinatewise,exact_sharing,16,170162,variance_estimation,162
4.624118799269501e-05,full_latent_pooled,exact_sharing,16,170162,variance_estimation,162
1.3742084775734775,qalt_pooled,alternating_variances,16,170162,variance_estimation,162
0.7215426522672824,full_latent_coordinatewise,alternating_variances,16,170162,variance_estimation,162
1.3742084775734775,full_latent_pooled,alternating_variances,16,170162,variance_estimation,162
0.0011509792282061865,qalt_pooled,exact_sharing,16,170163,variance_estimation,163
0.3852140270985344,full_latent_coordinatewise,exact_sharing,16,170163,variance_estimation,163
0.0011509792282061865,full_latent_pooled,exact_sharing,16,170163,variance_estimation,163
1.3453111590311022,qalt_pooled,alternating_variances,16,170163,variance_estimation,163
0.3767317704753618,full_latent_coordinatewise,alternating_variances,16,170163,variance_estimation,163
1.3453111590311022,full_latent_pooled,alternating_variances,16,170163,variance_estimation,163
0.0015665858019071749,qalt_pooled,exact_sharing,16,170164,variance_estimation,164
0.28578486444648465,full_latent_coordinatewise,exact_sharing,16,170164,variance_estimation,164
0.0015665858019071749,full_latent_pooled,exact_sharing,16,170164,variance_estimation,164
1.3519551390547473,qalt_pooled,alternating_variances,16,170164,variance_estimation,164
0.25756816618292616,full_latent_coordinatewise,alternating_variances,16,170164,variance_estimation,164
1.3519551390547473,full_latent_pooled,alternating_variances,16,170164,variance_estimation,164
0.03296312823184874,qalt_pooled,exact_sharing,16,170165,variance_estimation,165
0.41262576532786316,full_latent_coordinatewise,exact_sharing,16,170165,variance_estimation,165
0.03296312823184874,full_latent_pooled,exact_sharing,16,170165,variance_estimation,165
1.3416542863602312,qalt_pooled,alternating_variances,16,170165,variance_estimation,165
0.4276967980324647,full_latent_coordinatewise,alternating_variances,16,170165,variance_estimation,165
1.3416542863602312,full_latent_pooled,alternating_variances,16,170165,variance_estimation,165
0.00776802450107042,qalt_pooled,exact_sharing,16,170166,variance_estimation,166
0.35956726555756835,full_latent_coordinatewise,exact_sharing,16,170166,variance_estimation,166
0.00776802450107042,full_latent_pooled,exact_sharing,16,170166,variance_estimation,166
1.3672159979814338,qalt_pooled,alternating_variances,16,170166,variance_estimation,166
1.132517366326134,full_latent_coordinatewise,alternating_variances,16,170166,variance_estimation,166
1.3672159979814338,full_latent_pooled,alternating_variances,16,170166,variance_estimation,166
0.005422713164663556,qalt_pooled,exact_sharing,16,170167,variance_estimation,167
0.09948974990551056,full_latent_coordinatewise,exact_sharing,16,170167,variance_estimation,167
0.005422713164663556,full_latent_pooled,exact_sharing,16,170167,variance_estimation,167
1.3478683811666188,qalt_pooled,alternating_variances,16,170167,variance_estimation,167
0.6050304605722898,full_latent_coordinatewise,alternating_variances,16,170167,variance_estimation,167
1.3478683811666188,full_latent_pooled,alternating_variances,16,170167,variance_estimation,167
0.04564556031434544,qalt_pooled,exact_sharing,16,170168,variance_estimation,168
0.8329564365834695,full_latent_coordinatewise,exact_sharing,16,170168,variance_estimation,168
0.04564556031434544,full_latent_pooled,exact_sharing,16,170168,variance_estimation,168
1.390436635733446,qalt_pooled,alternating_variances,16,170168,variance_estimation,168
0.9090929034842203,full_latent_coordinatewise,alternating_variances,16,170168,variance_estimation,168
1.390436635733446,full_latent_pooled,alternating_variances,16,170168,variance_estimation,168
0.026432021096678138,qalt_pooled,exact_sharing,16,170169,variance_estimation,169
0.7947263076001908,full_latent_coordinatewise,exact_sharing,16,170169,variance_estimation,169
0.026432021096678138,full_latent_pooled,exact_sharing,16,170169,variance_estimation,169
1.3390552008649177,qalt_pooled,alternating_variances,16,170169,variance_estimation,169
0.28057818443777655,full_latent_coordinatewise,alternating_variances,16,170169,variance_estimation,169
1.3390552008649177,full_latent_pooled,alternating_variances,16,170169,variance_estimation,169
0.018943858896640492,qalt_pooled,exact_sharing,16,170170,variance_estimation,170
0.11939263987560107,full_latent_coordinatewise,exact_sharing,16,170170,variance_estimation,170
0.018943858896640492,full_latent_pooled,exact_sharing,16,170170,variance_estimation,170
1.39722130755615,qalt_pooled,alternating_variances,16,170170,variance_estimation,170
0.5869693076285607,full_latent_coordinatewise,alternating_variances,16,170170,variance_estimation,170
1.39722130755615,full_latent_pooled,alternating_variances,16,170170,variance_estimation,170
0.0005087193035526807,qalt_pooled,exact_sharing,16,170171,variance_estimation,171
0.5901984341697157,full_latent_coordinatewise,exact_sharing,16,170171,variance_estimation,171
0.0005087193035526807,full_latent_pooled,exact_sharing,16,170171,variance_estimation,171
1.3482067194022407,qalt_pooled,alternating_variances,16,170171,variance_estimation,171
0.28686578488050857,full_latent_coordinatewise,alternating_variances,16,170171,variance_estimation,171
1.3482067194022407,full_latent_pooled,alternating_variances,16,170171,variance_estimation,171
0.08202229145737994,qalt_pooled,exact_sharing,16,170172,variance_estimation,172
0.35551758293066704,full_latent_coordinatewise,exact_sharing,16,170172,variance_estimation,172
0.08202229145737994,full_latent_pooled,exact_sharing,16,170172,variance_estimation,172
1.513163916246516,qalt_pooled,alternating_variances,16,170172,variance_estimation,172
0.6723554833082787,full_latent_coordinatewise,alternating_variances,16,170172,variance_estimation,172
1.513163916246516,full_latent_pooled,alternating_variances,16,170172,variance_estimation,172
0.04863536426002685,qalt_pooled,exact_sharing,16,170173,variance_estimation,173
0.4004821265138936,full_latent_coordinatewise,exact_sharing,16,170173,variance_estimation,173
0.04863536426002685,full_latent_pooled,exact_sharing,16,170173,variance_estimation,173
1.3388835095178828,qalt_pooled,alternating_variances,16,170173,variance_estimation,173
0.5770358505668155,full_latent_coordinatewise,alternating_variances,16,170173,variance_estimation,173
1.3388835095178828,full_latent_pooled,alternating_variances,16,170173,variance_estimation,173
0.003640169048122241,qalt_pooled,exact_sharing,16,170174,variance_estimation,174
0.5912742799154488,full_latent_coordinatewise,exact_sharing,16,170174,variance_estimation,174
0.003640169048122241,full_latent_pooled,exact_sharing,16,170174,variance_estimation,174
1.3434268120386015,qalt_pooled,alternating_variances,16,170174,variance_estimation,174
0.49050387212122676,full_latent_coordinatewise,alternating_variances,16,170174,variance_estimation,174
1.3434268120386015,full_latent_pooled,alternating_variances,16,170174,variance_estimation,174
0.0013599666106139732,qalt_pooled,exact_sharing,16,170175,variance_estimation,175
0.28388081975044566,full_latent_coordinatewise,exact_sharing,16,170175,variance_estimation,175
0.0013599666106139732,full_latent_pooled,exact_sharing,16,170175,variance_estimation,175
1.3410490726693167,qalt_pooled,alternating_variances,16,170175,variance_estimation,175
0.8437095297235653,full_latent_coordinatewise,alternating_variances,16,170175,variance_estimation,175
1.3410490726693167,full_latent_pooled,alternating_variances,16,170175,variance_estimation,175
0.0008346990631359838,qalt_pooled,exact_sharing,16,170176,variance_estimation,176
0.2660074609825665,full_latent_coordinatewise,exact_sharing,16,170176,variance_estimation,176
0.0008346990631359838,full_latent_pooled,exact_sharing,16,170176,variance_estimation,176
1.5306275202739714,qalt_pooled,alternating_variances,16,170176,variance_estimation,176
0.3944208443006517,full_latent_coordinatewise,alternating_variances,16,170176,variance_estimation,176
1.5306275202739714,full_latent_pooled,alternating_variances,16,170176,variance_estimation,176
0.012811297077417627,qalt_pooled,exact_sharing,16,170177,variance_estimation,177
0.1933619023717629,full_latent_coordinatewise,exact_sharing,16,170177,variance_estimation,177
0.012811297077417627,full_latent_pooled,exact_sharing,16,170177,variance_estimation,177
1.3425742998446721,qalt_pooled,alternating_variances,16,170177,variance_estimation,177
0.36667645204322097,full_latent_coordinatewise,alternating_variances,16,170177,variance_estimation,177
1.3425742998446721,full_latent_pooled,alternating_variances,16,170177,variance_estimation,177
0.06127657194717717,qalt_pooled,exact_sharing,16,170178,variance_estimation,178
0.506463382428096,full_latent_coordinatewise,exact_sharing,16,170178,variance_estimation,178
0.06127657194717717,full_latent_pooled,exact_sharing,16,170178,variance_estimation,178
1.3915649434882345,qalt_pooled,alternating_variances,16,170178,variance_estimation,178
0.21367124185641478,full_latent_coordinatewise,alternating_variances,16,170178,variance_estimation,178
1.3915649434882345,full_latent_pooled,alternating_variances,16,170178,variance_estimation,178
0.3561789814383418,qalt_pooled,exact_sharing,16,170179,variance_estimation,179
1.419967745948426,full_latent_coordinatewise,exact_sharing,16,170179,variance_estimation,179
0.3561789814383418,full_latent_pooled,exact_sharing,16,170179,variance_estimation,179
1.3397557203011166,qalt_pooled,alternating_variances,16,170179,variance_estimation,179
0.6005500257661165,full_latent_coordinatewise,alternating_variances,16,170179,variance_estimation,179
1.3397557203011166,full_latent_pooled,alternating_variances,16,170179,variance_estimation,179
0.05539654955989709,qalt_pooled,exact_sharing,16,170180,variance_estimation,180
0.2898316254393052,full_latent_coordinatewise,exact_sharing,16,170180,variance_estimation,180
0.05539654955989709,full_latent_pooled,exact_sharing,16,170180,variance_estimation,180
1.3919100481062059,qalt_pooled,alternating_variances,16,170180,variance_estimation,180
0.40016282413234217,full_latent_coordinatewise,alternating_variances,16,170180,variance_estimation,180
1.3919100481062059,full_latent_pooled,alternating_variances,16,170180,variance_estimation,180
0.012839459041436657,qalt_pooled,exact_sharing,16,170181,variance_estimation,181
0.4814192943574257,full_latent_coordinatewise,exact_sharing,16,170181,variance_estimation,181
0.012839459041436657,full_latent_pooled,exact_sharing,16,170181,variance_estimation,181
1.3537245287712758,qalt_pooled,alternating_variances,16,170181,variance_estimation,181
0.45833921531314453,full_latent_coordinatewise,alternating_variances,16,170181,variance_estimation,181
1.3537245287712758,full_latent_pooled,alternating_variances,16,170181,variance_estimation,181
0.026561556139565595,qalt_pooled,exact_sharing,16,170182,variance_estimation,182
0.5165893592083801,full_latent_coordinatewise,exact_sharing,16,170182,variance_estimation,182
0.026561556139565595,full_latent_pooled,exact_sharing,16,170182,variance_estimation,182
1.3815644773165539,qalt_pooled,alternating_variances,16,170182,variance_estimation,182
0.3747492122213664,full_latent_coordinatewise,alternating_variances,16,170182,variance_estimation,182
1.3815644773165539,full_latent_pooled,alternating_variances,16,170182,variance_estimation,182
0.009054061449054573,qalt_pooled,exact_sharing,16,170183,variance_estimation,183
0.3488075337465238,full_latent_coordinatewise,exact_sharing,16,170183,variance_estimation,183
0.009054061449054573,full_latent_pooled,exact_sharing,16,170183,variance_estimation,183
1.338907997410557,qalt_pooled,alternating_variances,16,170183,variance_estimation,183
0.21703139908830138,full_latent_coordinatewise,alternating_variances,16,170183,variance_estimation,183
1.338907997410557,full_latent_pooled,alternating_variances,16,170183,variance_estimation,183
0.02987154837194042,qalt_pooled,exact_sharing,16,170184,variance_estimation,184
0.23008162969557105,full_latent_coordinatewise,exact_sharing,16,170184,variance_estimation,184
0.02987154837194042,full_latent_pooled,exact_sharing,16,170184,variance_estimation,184
1.4765005314215334,qalt_pooled,alternating_variances,16,170184,variance_estimation,184
0.6128066899267037,full_latent_coordinatewise,alternating_variances,16,170184,variance_estimation,184
1.4765005314215334,full_latent_pooled,alternating_variances,16,170184,variance_estimation,184
0.009987803431172629,qalt_pooled,exact_sharing,16,170185,variance_estimation,185
0.2644363932916522,full_latent_coordinatewise,exact_sharing,16,170185,variance_estimation,185
0.009987803431172629,full_latent_pooled,exact_sharing,16,170185,variance_estimation,185
1.3570231539167794,qalt_pooled,alternating_variances,16,170185,variance_estimation,185
0.2393722029608831,full_latent_coordinatewise,alternating_variances,16,170185,variance_estimation,185
1.3570231539167794,full_latent_pooled,alternating_variances,16,170185,variance_estimation,185
0.027591428143249885,qalt_pooled,exact_sharing,16,170186,variance_estimation,186
0.4859369560604235,full_latent_coordinatewise,exact_sharing,16,170186,variance_estimation,186
0.027591428143249885,full_latent_pooled,exact_sharing,16,170186,variance_estimation,186
1.3397990005614926,qalt_pooled,alternating_variances,16,170186,variance_estimation,186
0.3575110369213671,full_latent_coordinatewise,alternating_variances,16,170186,variance_estimation,186
1.3397990005614926,full_latent_pooled,alternating_variances,16,170186,variance_estimation,186
0.003758960352199636,qalt_pooled,exact_sharing,16,170187,variance_estimation,187
0.9029568731301547,full_latent_coordinatewise,exact_sharing,16,170187,variance_estimation,187
0.003758960352199636,full_latent_pooled,exact_sharing,16,170187,variance_estimation,187
1.3393725777824668,qalt_pooled,alternating_variances,16,170187,variance_estimation,187
0.4595809680625284,full_latent_coordinatewise,alternating_variances,16,170187,variance_estimation,187
1.3393725777824668,full_latent_pooled,alternating_variances,16,170187,variance_estimation,187
0.0017671633225286656,qalt_pooled,exact_sharing,16,170188,variance_estimation,188
0.37996316071287617,full_latent_coordinatewise,exact_sharing,16,170188,variance_estimation,188
0.0017671633225286656,full_latent_pooled,exact_sharing,16,170188,variance_estimation,188
1.3418651284506256,qalt_pooled,alternating_variances,16,170188,variance_estimation,188
0.23999622700446838,full_latent_coordinatewise,alternating_variances,16,170188,variance_estimation,188
1.3418651284506256,full_latent_pooled,alternating_variances,16,170188,variance_estimation,188
0.0023701569894855334,qalt_pooled,exact_sharing,16,170189,variance_estimation,189
0.21036732108132533,full_latent_coordinatewise,exact_sharing,16,170189,variance_estimation,189
0.0023701569894855334,full_latent_pooled,exact_sharing,16,170189,variance_estimation,189
1.4416084695165443,qalt_pooled,alternating_variances,16,170189,variance_estimation,189
0.2326453535576001,full_latent_coordinatewise,alternating_variances,16,170189,variance_estimation,189
1.4416084695165443,full_latent_pooled,alternating_variances,16,170189,variance_estimation,189
0.13448411802213966,qalt_pooled,exact_sharing,16,170190,variance_estimation,190
0.9438304392991147,full_latent_coordinatewise,exact_sharing,16,170190,variance_estimation,190
0.13448411802213966,full_latent_pooled,exact_sharing,16,170190,variance_estimation,190
1.355479922991953,qalt_pooled,alternating_variances,16,170190,variance_estimation,190
0.9982081529187923,full_latent_coordinatewise,alternating_variances,16,170190,variance_estimation,190
1.355479922991953,full_latent_pooled,alternating_variances,16,170190,variance_estimation,190
0.08755542263949995,qalt_pooled,exact_sharing,16,170191,variance_estimation,191
0.43474598287448774,full_latent_coordinatewise,exact_sharing,16,170191,variance_estimation,191
0.08755542263949995,full_latent_pooled,exact_sharing,16,170191,variance_estimation,191
1.3486860540244312,qalt_pooled,alternating_variances,16,170191,variance_estimation,191
0.39273139563922266,full_latent_coordinatewise,alternating_variances,16,170191,variance_estimation,191
1.3486860540244312,full_latent_pooled,alternating_variances,16,170191,variance_estimation,191
0.026200173181062686,qalt_pooled,exact_sharing,16,170192,variance_estimation,192
0.2668789189901722,full_latent_coordinatewise,exact_sharing,16,170192,variance_estimation,192
0.026200173181062686,full_latent_pooled,exact_sharing,16,170192,variance_estimation,192
1.3416164184625865,qalt_pooled,alternating_variances,16,170192,variance_estimation,192
0.2923612292046206,full_latent_coordinatewise,alternating_variances,16,170192,variance_estimation,192
1.3416164184625865,full_latent_pooled,alternating_variances,16,170192,variance_estimation,192
0.05731550328521512,qalt_pooled,exact_sharing,16,170193,variance_estimation,193
1.189852208864048,full_latent_coordinatewise,exact_sharing,16,170193,variance_estimation,193
0.05731550328521512,full_latent_pooled,exact_sharing,16,170193,variance_estimation,193
1.3427718192414364,qalt_pooled,alternating_variances,16,170193,variance_estimation,193
0.450128692526324,full_latent_coordinatewise,alternating_variances,16,170193,variance_estimation,193
1.3427718192414364,full_latent_pooled,alternating_variances,16,170193,variance_estimation,193
0.03612046875062663,qalt_pooled,exact_sharing,16,170194,variance_estimation,194
0.49552236234172425,full_latent_coordinatewise,exact_sharing,16,170194,variance_estimation,194
0.03612046875062663,full_latent_pooled,exact_sharing,16,170194,variance_estimation,194
1.4223677257390497,qalt_pooled,alternating_variances,16,170194,variance_estimation,194
0.3577847343479743,full_latent_coordinatewise,alternating_variances,16,170194,variance_estimation,194
1.4223677257390497,full_latent_pooled,alternating_variances,16,170194,variance_estimation,194
0.28189395989444455,qalt_pooled,exact_sharing,16,170195,variance_estimation,195
0.7337794360543644,full_latent_coordinatewise,exact_sharing,16,170195,variance_estimation,195
0.28189395989444455,full_latent_pooled,exact_sharing,16,170195,variance_estimation,195
1.3420114632787206,qalt_pooled,alternating_variances,16,170195,variance_estimation,195
0.477624685132533,full_latent_coordinatewise,alternating_variances,16,170195,variance_estimation,195
1.3420114632787206,full_latent_pooled,alternating_variances,16,170195,variance_estimation,195
0.030530440695913513,qalt_pooled,exact_sharing,16,170196,variance_estimation,196
0.5493875341927207,full_latent_coordinatewise,exact_sharing,16,170196,variance_estimation,196
0.030530440695913513,full_latent_pooled,exact_sharing,16,170196,variance_estimation,196
1.3863571829525938,qalt_pooled,alternating_variances,16,170196,variance_estimation,196
0.5457620961853645,full_latent_coordinatewise,alternating_variances,16,170196,variance_estimation,196
1.3863571829525938,full_latent_pooled,alternating_variances,16,170196,variance_estimation,196
0.04362542409211154,qalt_pooled,exact_sharing,16,170197,variance_estimation,197
1.1025800159237549,full_latent_coordinatewise,exact_sharing,16,170197,variance_estimation,197
0.04362542409211154,full_latent_pooled,exact_sharing,16,170197,variance_estimation,197
1.3918787287991354,qalt_pooled,alternating_variances,16,170197,variance_estimation,197
0.6477655670404233,full_latent_coordinatewise,alternating_variances,16,170197,variance_estimation,197
1.3918787287991354,full_latent_pooled,alternating_variances,16,170197,variance_estimation,197
0.046744614286147707,qalt_pooled,exact_sharing,16,170198,variance_estimation,198
0.3243903316789815,full_latent_coordinatewise,exact_sharing,16,170198,variance_estimation,198
0.046744614286147707,full_latent_pooled,exact_sharing,16,170198,variance_estimation,198
1.3597812926187935,qalt_pooled,alternating_variances,16,170198,variance_estimation,198
0.22756184290402154,full_latent_coordinatewise,alternating_variances,16,170198,variance_estimation,198
1.3597812926187935,full_latent_pooled,alternating_variances,16,170198,variance_estimation,198
0.05984008907331456,qalt_pooled,exact_sharing,16,170199,variance_estimation,199
0.3778839504882932,full_latent_coordinatewise,exact_sharing,16,170199,variance_estimation,199
0.05984008907331456,full_latent_pooled,exact_sharing,16,170199,variance_estimation,199
1.3514140991552883,qalt_pooled,alternating_variances,16,170199,variance_estimation,199
1.2646246272974933,full_latent_coordinatewise,alternating_variances,16,170199,variance_estimation,199
1.3514140991552883,full_latent_pooled,alternating_variances,16,170199,variance_estimation,199
0.04786341072237915,qalt_pooled,exact_sharing,32,330000,variance_estimation,0
0.21162700378556618,full_latent_coordinatewise,exact_sharing,32,330000,variance_estimation,0
0.04786341072237915,full_latent_pooled,exact_sharing,32,330000,variance_estimation,0
1.4127460363277753,qalt_pooled,alternating_variances,32,330000,variance_estimation,0
0.29214754375610497,full_latent_coordinatewise,alternating_variances,32,330000,variance_estimation,0
1.4127460363277753,full_latent_pooled,alternating_variances,32,330000,variance_estimation,0
0.0005589593775043623,qalt_pooled,exact_sharing,32,330001,variance_estimation,1
0.6612936747413514,full_latent_coordinatewise,exact_sharing,32,330001,variance_estimation,1
0.0005589593775043623,full_latent_pooled,exact_sharing,32,330001,variance_estimation,1
1.3392529528061907,qalt_pooled,alternating_variances,32,330001,variance_estimation,1
0.19059028396883582,full_latent_coordinatewise,alternating_variances,32,330001,variance_estimation,1
1.3392529528061907,full_latent_pooled,alternating_variances,32,330001,variance_estimation,1
0.018012845830404994,qalt_pooled,exact_sharing,32,330002,variance_estimation,2
0.20450249548234845,full_latent_coordinatewise,exact_sharing,32,330002,variance_estimation,2
0.018012845830404994,full_latent_pooled,exact_sharing,32,330002,variance_estimation,2
1.3628629207708762,qalt_pooled,alternating_variances,32,330002,variance_estimation,2
0.33554335190096785,full_latent_coordinatewise,alternating_variances,32,330002,variance_estimation,2
1.3628629207708762,full_latent_pooled,alternating_variances,32,330002,variance_estimation,2
0.009817275663453487,qalt_pooled,exact_sharing,32,330003,variance_estimation,3
0.16505591140514633,full_latent_coordinatewise,exact_sharing,32,330003,variance_estimation,3
0.009817275663453487,full_latent_pooled,exact_sharing,32,330003,variance_estimation,3
1.341646252829321,qalt_pooled,alternating_variances,32,330003,variance_estimation,3
0.11017193194847764,full_latent_coordinatewise,alternating_variances,32,330003,variance_estimation,3
1.341646252829321,full_latent_pooled,alternating_variances,32,330003,variance_estimation,3
0.025763343885703144,qalt_pooled,exact_sharing,32,330004,variance_estimation,4
0.12786786572231362,full_latent_coordinatewise,exact_sharing,32,330004,variance_estimation,4
0.025763343885703144,full_latent_pooled,exact_sharing,32,330004,variance_estimation,4
1.340199449297402,qalt_pooled,alternating_variances,32,330004,variance_estimation,4
0.2663224140167638,full_latent_coordinatewise,alternating_variances,32,330004,variance_estimation,4
1.340199449297402,full_latent_pooled,alternating_variances,32,330004,variance_estimation,4
0.0070631512861964035,qalt_pooled,exact_sharing,32,330005,variance_estimation,5
0.11892619848024304,full_latent_coordinatewise,exact_sharing,32,330005,variance_estimation,5
0.0070631512861964035,full_latent_pooled,exact_sharing,32,330005,variance_estimation,5
1.339786688163166,qalt_pooled,alternating_variances,32,330005,variance_estimation,5
0.11249415112261123,full_latent_coordinatewise,alternating_variances,32,330005,variance_estimation,5
1.339786688163166,full_latent_pooled,alternating_variances,32,330005,variance_estimation,5
0.005312713459230414,qalt_pooled,exact_sharing,32,330006,variance_estimation,6
0.16065161436039374,full_latent_coordinatewise,exact_sharing,32,330006,variance_estimation,6
0.005312713459230414,full_latent_pooled,exact_sharing,32,330006,variance_estimation,6
1.3493820881226422,qalt_pooled,alternating_variances,32,330006,variance_estimation,6
0.2052469943733535,full_latent_coordinatewise,alternating_variances,32,330006,variance_estimation,6
1.3493820881226422,full_latent_pooled,alternating_variances,32,330006,variance_estimation,6
0.0434557633884034,qalt_pooled,exact_sharing,32,330007,variance_estimation,7
0.10550388113285644,full_latent_coordinatewise,exact_sharing,32,330007,variance_estimation,7
0.0434557633884034,full_latent_pooled,exact_sharing,32,330007,variance_estimation,7
1.3400917018420806,qalt_pooled,alternating_variances,32,330007,variance_estimation,7
0.16681207322641614,full_latent_coordinatewise,alternating_variances,32,330007,variance_estimation,7
1.3400917018420806,full_latent_pooled,alternating_variances,32,330007,variance_estimation,7
0.0014240525202024942,qalt_pooled,exact_sharing,32,330008,variance_estimation,8
0.08114824037269114,full_latent_coordinatewise,exact_sharing,32,330008,variance_estimation,8
0.0014240525202024942,full_latent_pooled,exact_sharing,32,330008,variance_estimation,8
1.3408426315489383,qalt_pooled,alternating_variances,32,330008,variance_estimation,8
0.12884688493784371,full_latent_coordinatewise,alternating_variances,32,330008,variance_estimation,8
1.3408426315489383,full_latent_pooled,alternating_variances,32,330008,variance_estimation,8
0.0032926710225307243,qalt_pooled,exact_sharing,32,330009,variance_estimation,9
0.26796973928085277,full_latent_coordinatewise,exact_sharing,32,330009,variance_estimation,9
0.0032926710225307243,full_latent_pooled,exact_sharing,32,330009,variance_estimation,9
1.3544876864440474,qalt_pooled,alternating_variances,32,330009,variance_estimation,9
0.17461645570966514,full_latent_coordinatewise,alternating_variances,32,330009,variance_estimation,9
1.3544876864440474,full_latent_pooled,alternating_variances,32,330009,variance_estimation,9
0.015016223030077325,qalt_pooled,exact_sharing,32,330010,variance_estimation,10
0.27140660028905056,full_latent_coordinatewise,exact_sharing,32,330010,variance_estimation,10
0.015016223030077325,full_latent_pooled,exact_sharing,32,330010,variance_estimation,10
1.3542266424569531,qalt_pooled,alternating_variances,32,330010,variance_estimation,10
0.3139466779438161,full_latent_coordinatewise,alternating_variances,32,330010,variance_estimation,10
1.3542266424569531,full_latent_pooled,alternating_variances,32,330010,variance_estimation,10
0.14504310994145797,qalt_pooled,exact_sharing,32,330011,variance_estimation,11
0.4825682357007045,full_latent_coordinatewise,exact_sharing,32,330011,variance_estimation,11
0.14504310994145797,full_latent_pooled,exact_sharing,32,330011,variance_estimation,11
1.3417988384857873,qalt_pooled,alternating_variances,32,330011,variance_estimation,11
0.18292698108389727,full_latent_coordinatewise,alternating_variances,32,330011,variance_estimation,11
1.3417988384857873,full_latent_pooled,alternating_variances,32,330011,variance_estimation,11
0.0017884079764140665,qalt_pooled,exact_sharing,32,330012,variance_estimation,12
0.5050331357331855,full_latent_coordinatewise,exact_sharing,32,330012,variance_estimation,12
0.0017884079764140665,full_latent_pooled,exact_sharing,32,330012,variance_estimation,12
1.492190093023995,qalt_pooled,alternating_variances,32,330012,variance_estimation,12
0.6493933549551795,full_latent_coordinatewise,alternating_variances,32,330012,variance_estimation,12
1.492190093023995,full_latent_pooled,alternating_variances,32,330012,variance_estimation,12
0.006892585041772981,qalt_pooled,exact_sharing,32,330013,variance_estimation,13
0.13350935687365476,full_latent_coordinatewise,exact_sharing,32,330013,variance_estimation,13
0.006892585041772981,full_latent_pooled,exact_sharing,32,330013,variance_estimation,13
1.3530165203467301,qalt_pooled,alternating_variances,32,330013,variance_estimation,13
0.17627955100790776,full_latent_coordinatewise,alternating_variances,32,330013,variance_estimation,13
1.3530165203467301,full_latent_pooled,alternating_variances,32,330013,variance_estimation,13
0.0006099262968018923,qalt_pooled,exact_sharing,32,330014,variance_estimation,14
0.17373752590690655,full_latent_coordinatewise,exact_sharing,32,330014,variance_estimation,14
0.0006099262968018923,full_latent_pooled,exact_sharing,32,330014,variance_estimation,14
1.359691531132683,qalt_pooled,alternating_variances,32,330014,variance_estimation,14
0.12938542848253656,full_latent_coordinatewise,alternating_variances,32,330014,variance_estimation,14
1.359691531132683,full_latent_pooled,alternating_variances,32,330014,variance_estimation,14
0.006440736115639417,qalt_pooled,exact_sharing,32,330015,variance_estimation,15
0.2112765924113887,full_latent_coordinatewise,exact_sharing,32,330015,variance_estimation,15
0.006440736115639417,full_latent_pooled,exact_sharing,32,330015,variance_estimation,15
1.3420578290452456,qalt_pooled,alternating_variances,32,330015,variance_estimation,15
0.2546577164568619,full_latent_coordinatewise,alternating_variances,32,330015,variance_estimation,15
1.3420578290452456,full_latent_pooled,alternating_variances,32,330015,variance_estimation,15
0.0104320160179759,qalt_pooled,exact_sharing,32,330016,variance_estimation,16
0.2857363662338635,full_latent_coordinatewise,exact_sharing,32,330016,variance_estimation,16
0.0104320160179759,full_latent_pooled,exact_sharing,32,330016,variance_estimation,16
1.3954605592546554,qalt_pooled,alternating_variances,32,330016,variance_estimation,16
0.36056910959713967,full_latent_coordinatewise,alternating_variances,32,330016,variance_estimation,16
1.3954605592546554,full_latent_pooled,alternating_variances,32,330016,variance_estimation,16
0.00404267507712347,qalt_pooled,exact_sharing,32,330017,variance_estimation,17
0.16102391305200925,full_latent_coordinatewise,exact_sharing,32,330017,variance_estimation,17
0.00404267507712347,full_latent_pooled,exact_sharing,32,330017,variance_estimation,17
1.3393809208614262,qalt_pooled,alternating_variances,32,330017,variance_estimation,17
0.20403452551448154,full_latent_coordinatewise,alternating_variances,32,330017,variance_estimation,17
1.3393809208614262,full_latent_pooled,alternating_variances,32,330017,variance_estimation,17
0.00026166928371836387,qalt_pooled,exact_sharing,32,330018,variance_estimation,18
0.08408590409466443,full_latent_coordinatewise,exact_sharing,32,330018,variance_estimation,18
0.00026166928371836387,full_latent_pooled,exact_sharing,32,330018,variance_estimation,18
1.3625983002450197,qalt_pooled,alternating_variances,32,330018,variance_estimation,18
0.04139828675320461,full_latent_coordinatewise,alternating_variances,32,330018,variance_estimation,18
1.3625983002450197,full_latent_pooled,alternating_variances,32,330018,variance_estimation,18
0.01447737843110189,qalt_pooled,exact_sharing,32,330019,variance_estimation,19
0.24076374916537294,full_latent_coordinatewise,exact_sharing,32,330019,variance_estimation,19
0.01447737843110189,full_latent_pooled,exact_sharing,32,330019,variance_estimation,19
1.343073544924652,qalt_pooled,alternating_variances,32,330019,variance_estimation,19
0.20504623295960533,full_latent_coordinatewise,alternating_variances,32,330019,variance_estimation,19
1.343073544924652,full_latent_pooled,alternating_variances,32,330019,variance_estimation,19
0.04882032877570433,qalt_pooled,exact_sharing,32,330020,variance_estimation,20
0.3018403028144295,full_latent_coordinatewise,exact_sharing,32,330020,variance_estimation,20
0.04882032877570433,full_latent_pooled,exact_sharing,32,330020,variance_estimation,20
1.344120448305218,qalt_pooled,alternating_variances,32,330020,variance_estimation,20
0.18447892939730126,full_latent_coordinatewise,alternating_variances,32,330020,variance_estimation,20
1.344120448305218,full_latent_pooled,alternating_variances,32,330020,variance_estimation,20
0.04728111488153841,qalt_pooled,exact_sharing,32,330021,variance_estimation,21
0.13103707983265644,full_latent_coordinatewise,exact_sharing,32,330021,variance_estimation,21
0.04728111488153841,full_latent_pooled,exact_sharing,32,330021,variance_estimation,21
1.3388721250490703,qalt_pooled,alternating_variances,32,330021,variance_estimation,21
0.13715221719067117,full_latent_coordinatewise,alternating_variances,32,330021,variance_estimation,21
1.3388721250490703,full_latent_pooled,alternating_variances,32,330021,variance_estimation,21
0.006538922560734656,qalt_pooled,exact_sharing,32,330022,variance_estimation,22
0.182167307406214,full_latent_coordinatewise,exact_sharing,32,330022,variance_estimation,22
0.006538922560734656,full_latent_pooled,exact_sharing,32,330022,variance_estimation,22
1.4113561919041875,qalt_pooled,alternating_variances,32,330022,variance_estimation,22
0.09954083702764532,full_latent_coordinatewise,alternating_variances,32,330022,variance_estimation,22
1.4113561919041875,full_latent_pooled,alternating_variances,32,330022,variance_estimation,22
0.003922526988046973,qalt_pooled,exact_sharing,32,330023,variance_estimation,23
0.2198567741275717,full_latent_coordinatewise,exact_sharing,32,330023,variance_estimation,23
0.003922526988046973,full_latent_pooled,exact_sharing,32,330023,variance_estimation,23
1.340569845004001,qalt_pooled,alternating_variances,32,330023,variance_estimation,23
0.13583740031533614,full_latent_coordinatewise,alternating_variances,32,330023,variance_estimation,23
1.340569845004001,full_latent_pooled,alternating_variances,32,330023,variance_estimation,23
2.0759273495877823e-07,qalt_pooled,exact_sharing,32,330024,variance_estimation,24
0.12885913282211278,full_latent_coordinatewise,exact_sharing,32,330024,variance_estimation,24
2.0759273495877823e-07,full_latent_pooled,exact_sharing,32,330024,variance_estimation,24
1.338887024364113,qalt_pooled,alternating_variances,32,330024,variance_estimation,24
0.06988460691881898,full_latent_coordinatewise,alternating_variances,32,330024,variance_estimation,24
1.338887024364113,full_latent_pooled,alternating_variances,32,330024,variance_estimation,24
0.00416734280995118,qalt_pooled,exact_sharing,32,330025,variance_estimation,25
0.21388158207490257,full_latent_coordinatewise,exact_sharing,32,330025,variance_estimation,25
0.00416734280995118,full_latent_pooled,exact_sharing,32,330025,variance_estimation,25
1.33905483593047,qalt_pooled,alternating_variances,32,330025,variance_estimation,25
0.1106822083978418,full_latent_coordinatewise,alternating_variances,32,330025,variance_estimation,25
1.33905483593047,full_latent_pooled,alternating_variances,32,330025,variance_estimation,25
0.038969355132741246,qalt_pooled,exact_sharing,32,330026,variance_estimation,26
0.4532130765763507,full_latent_coordinatewise,exact_sharing,32,330026,variance_estimation,26
0.038969355132741246,full_latent_pooled,exact_sharing,32,330026,variance_estimation,26
1.3390742026081948,qalt_pooled,alternating_variances,32,330026,variance_estimation,26
0.10340834226411105,full_latent_coordinatewise,alternating_variances,32,330026,variance_estimation,26
1.3390742026081948,full_latent_pooled,alternating_variances,32,330026,variance_estimation,26
0.016350560226780997,qalt_pooled,exact_sharing,32,330027,variance_estimation,27
0.17266194784052236,full_latent_coordinatewise,exact_sharing,32,330027,variance_estimation,27
0.016350560226780997,full_latent_pooled,exact_sharing,32,330027,variance_estimation,27
1.3400537796617906,qalt_pooled,alternating_variances,32,330027,variance_estimation,27
0.11126891053794902,full_latent_coordinatewise,alternating_variances,32,330027,variance_estimation,27
1.3400537796617906,full_latent_pooled,alternating_variances,32,330027,variance_estimation,27
0.058093876955933155,qalt_pooled,exact_sharing,32,330028,variance_estimation,28
0.17027854602938558,full_latent_coordinatewise,exact_sharing,32,330028,variance_estimation,28
0.058093876955933155,full_latent_pooled,exact_sharing,32,330028,variance_estimation,28
1.3565791546960126,qalt_pooled,alternating_variances,32,330028,variance_estimation,28
0.41816985861154576,full_latent_coordinatewise,alternating_variances,32,330028,variance_estimation,28
1.3565791546960126,full_latent_pooled,alternating_variances,32,330028,variance_estimation,28
0.00017996336595870258,qalt_pooled,exact_sharing,32,330029,variance_estimation,29
0.10265013424174241,full_latent_coordinatewise,exact_sharing,32,330029,variance_estimation,29
0.00017996336595870258,full_latent_pooled,exact_sharing,32,330029,variance_estimation,29
1.5329233854675863,qalt_pooled,alternating_variances,32,330029,variance_estimation,29
0.5882961736560474,full_latent_coordinatewise,alternating_variances,32,330029,variance_estimation,29
1.5329233854675863,full_latent_pooled,alternating_variances,32,330029,variance_estimation,29
0.015465651903788014,qalt_pooled,exact_sharing,32,330030,variance_estimation,30
0.3848791514666121,full_latent_coordinatewise,exact_sharing,32,330030,variance_estimation,30
0.015465651903788014,full_latent_pooled,exact_sharing,32,330030,variance_estimation,30
1.3458494418994014,qalt_pooled,alternating_variances,32,330030,variance_estimation,30
0.6628762995933997,full_latent_coordinatewise,alternating_variances,32,330030,variance_estimation,30
1.3458494418994014,full_latent_pooled,alternating_variances,32,330030,variance_estimation,30
0.004724104289255612,qalt_pooled,exact_sharing,32,330031,variance_estimation,31
0.15299564696416995,full_latent_coordinatewise,exact_sharing,32,330031,variance_estimation,31
0.004724104289255612,full_latent_pooled,exact_sharing,32,330031,variance_estimation,31
1.3438817988234522,qalt_pooled,alternating_variances,32,330031,variance_estimation,31
0.11389721587718914,full_latent_coordinatewise,alternating_variances,32,330031,variance_estimation,31
1.3438817988234522,full_latent_pooled,alternating_variances,32,330031,variance_estimation,31
0.016271265942199825,qalt_pooled,exact_sharing,32,330032,variance_estimation,32
0.22619987472679315,full_latent_coordinatewise,exact_sharing,32,330032,variance_estimation,32
0.016271265942199825,full_latent_pooled,exact_sharing,32,330032,variance_estimation,32
1.391297870213024,qalt_pooled,alternating_variances,32,330032,variance_estimation,32
0.27696428471722706,full_latent_coordinatewise,alternating_variances,32,330032,variance_estimation,32
1.391297870213024,full_latent_pooled,alternating_variances,32,330032,variance_estimation,32
0.02166677511920942,qalt_pooled,exact_sharing,32,330033,variance_estimation,33
0.2819981074727359,full_latent_coordinatewise,exact_sharing,32,330033,variance_estimation,33
0.02166677511920942,full_latent_pooled,exact_sharing,32,330033,variance_estimation,33
1.348901848534427,qalt_pooled,alternating_variances,32,330033,variance_estimation,33
0.10342152860217946,full_latent_coordinatewise,alternating_variances,32,330033,variance_estimation,33
1.348901848534427,full_latent_pooled,alternating_variances,32,330033,variance_estimation,33
0.017986418127981796,qalt_pooled,exact_sharing,32,330034,variance_estimation,34
0.10920323427691189,full_latent_coordinatewise,exact_sharing,32,330034,variance_estimation,34
0.017986418127981796,full_latent_pooled,exact_sharing,32,330034,variance_estimation,34
1.347502720799535,qalt_pooled,alternating_variances,32,330034,variance_estimation,34
0.25524152814818185,full_latent_coordinatewise,alternating_variances,32,330034,variance_estimation,34
1.347502720799535,full_latent_pooled,alternating_variances,32,330034,variance_estimation,34
0.0030249959367799895,qalt_pooled,exact_sharing,32,330035,variance_estimation,35
0.16232090495151216,full_latent_coordinatewise,exact_sharing,32,330035,variance_estimation,35
0.0030249959367799895,full_latent_pooled,exact_sharing,32,330035,variance_estimation,35
1.4415448236245454,qalt_pooled,alternating_variances,32,330035,variance_estimation,35
0.5019194136071704,full_latent_coordinatewise,alternating_variances,32,330035,variance_estimation,35
1.4415448236245454,full_latent_pooled,alternating_variances,32,330035,variance_estimation,35
0.0006801429091070794,qalt_pooled,exact_sharing,32,330036,variance_estimation,36
0.31154774611170666,full_latent_coordinatewise,exact_sharing,32,330036,variance_estimation,36
0.0006801429091070794,full_latent_pooled,exact_sharing,32,330036,variance_estimation,36
1.3521852728980708,qalt_pooled,alternating_variances,32,330036,variance_estimation,36
0.37792184090376124,full_latent_coordinatewise,alternating_variances,32,330036,variance_estimation,36
1.3521852728980708,full_latent_pooled,alternating_variances,32,330036,variance_estimation,36
0.0007168939809047044,qalt_pooled,exact_sharing,32,330037,variance_estimation,37
0.17228354504966265,full_latent_coordinatewise,exact_sharing,32,330037,variance_estimation,37
0.0007168939809047044,full_latent_pooled,exact_sharing,32,330037,variance_estimation,37
1.3587049772077502,qalt_pooled,alternating_variances,32,330037,variance_estimation,37
0.12013773300262773,full_latent_coordinatewise,alternating_variances,32,330037,variance_estimation,37
1.3587049772077502,full_latent_pooled,alternating_variances,32,330037,variance_estimation,37
0.00042101069365350213,qalt_pooled,exact_sharing,32,330038,variance_estimation,38
0.14736611795161852,full_latent_coordinatewise,exact_sharing,32,330038,variance_estimation,38
0.00042101069365350213,full_latent_pooled,exact_sharing,32,330038,variance_estimation,38
1.3427803256921056,qalt_pooled,alternating_variances,32,330038,variance_estimation,38
0.13747276633779343,full_latent_coordinatewise,alternating_variances,32,330038,variance_estimation,38
1.3427803256921056,full_latent_pooled,alternating_variances,32,330038,variance_estimation,38
0.011758717652861045,qalt_pooled,exact_sharing,32,330039,variance_estimation,39
0.13736535016340712,full_latent_coordinatewise,exact_sharing,32,330039,variance_estimation,39
0.011758717652861045,full_latent_pooled,exact_sharing,32,330039,variance_estimation,39
1.3680577304014045,qalt_pooled,alternating_variances,32,330039,variance_estimation,39
0.2009561515578463,full_latent_coordinatewise,alternating_variances,32,330039,variance_estimation,39
1.3680577304014045,full_latent_pooled,alternating_variances,32,330039,variance_estimation,39
0.034313589155947316,qalt_pooled,exact_sharing,32,330040,variance_estimation,40
0.275612292813911,full_latent_coordinatewise,exact_sharing,32,330040,variance_estimation,40
0.034313589155947316,full_latent_pooled,exact_sharing,32,330040,variance_estimation,40
1.3437006581975588,qalt_pooled,alternating_variances,32,330040,variance_estimation,40
0.26786803334043774,full_latent_coordinatewise,alternating_variances,32,330040,variance_estimation,40
1.3437006581975588,full_latent_pooled,alternating_variances,32,330040,variance_estimation,40
0.010866094946555493,qalt_pooled,exact_sharing,32,330041,variance_estimation,41
0.25809984486235305,full_latent_coordinatewise,exact_sharing,32,330041,variance_estimation,41
0.010866094946555493,full_latent_pooled,exact_sharing,32,330041,variance_estimation,41
1.3453866621469739,qalt_pooled,alternating_variances,32,330041,variance_estimation,41
0.2022803138207457,full_latent_coordinatewise,alternating_variances,32,330041,variance_estimation,41
1.3453866621469739,full_latent_pooled,alternating_variances,32,330041,variance_estimation,41
0.007649957087936629,qalt_pooled,exact_sharing,32,330042,variance_estimation,42
0.09947927574441424,full_latent_coordinatewise,exact_sharing,32,330042,variance_estimation,42
0.007649957087936629,full_latent_pooled,exact_sharing,32,330042,variance_estimation,42
1.3594556830735303,qalt_pooled,alternating_variances,32,330042,variance_estimation,42
0.15023977986498935,full_latent_coordinatewise,alternating_variances,32,330042,variance_estimation,42
1.3594556830735303,full_latent_pooled,alternating_variances,32,330042,variance_estimation,42
0.02025401853580322,qalt_pooled,exact_sharing,32,330043,variance_estimation,43
0.07948801214182952,full_latent_coordinatewise,exact_sharing,32,330043,variance_estimation,43
0.02025401853580322,full_latent_pooled,exact_sharing,32,330043,variance_estimation,43
1.3389419932685511,qalt_pooled,alternating_variances,32,330043,variance_estimation,43
0.2630332580582645,full_latent_coordinatewise,alternating_variances,32,330043,variance_estimation,43
1.3389419932685511,full_latent_pooled,alternating_variances,32,330043,variance_estimation,43
0.0009210685116566031,qalt_pooled,exact_sharing,32,330044,variance_estimation,44
0.22636362103519392,full_latent_coordinatewise,exact_sharing,32,330044,variance_estimation,44
0.0009210685116566031,full_latent_pooled,exact_sharing,32,330044,variance_estimation,44
1.3712080310700294,qalt_pooled,alternating_variances,32,330044,variance_estimation,44
0.2763880840645971,full_latent_coordinatewise,alternating_variances,32,330044,variance_estimation,44
1.3712080310700294,full_latent_pooled,alternating_variances,32,330044,variance_estimation,44
0.0008844490468813623,qalt_pooled,exact_sharing,32,330045,variance_estimation,45
0.08461053865062908,full_latent_coordinatewise,exact_sharing,32,330045,variance_estimation,45
0.0008844490468813623,full_latent_pooled,exact_sharing,32,330045,variance_estimation,45
1.3741675424220003,qalt_pooled,alternating_variances,32,330045,variance_estimation,45
0.17093962707723273,full_latent_coordinatewise,alternating_variances,32,330045,variance_estimation,45
1.3741675424220003,full_latent_pooled,alternating_variances,32,330045,variance_estimation,45
0.018575000683957676,qalt_pooled,exact_sharing,32,330046,variance_estimation,46
0.2973998181503603,full_latent_coordinatewise,exact_sharing,32,330046,variance_estimation,46
0.018575000683957676,full_latent_pooled,exact_sharing,32,330046,variance_estimation,46
1.339295810774162,qalt_pooled,alternating_variances,32,330046,variance_estimation,46
0.2893921670307235,full_latent_coordinatewise,alternating_variances,32,330046,variance_estimation,46
1.339295810774162,full_latent_pooled,alternating_variances,32,330046,variance_estimation,46
2.720474766664243e-07,qalt_pooled,exact_sharing,32,330047,variance_estimation,47
0.17393155114652353,full_latent_coordinatewise,exact_sharing,32,330047,variance_estimation,47
2.720474766664243e-07,full_latent_pooled,exact_sharing,32,330047,variance_estimation,47
1.3389641179540872,qalt_pooled,alternating_variances,32,330047,variance_estimation,47
0.18770372991983303,full_latent_coordinatewise,alternating_variances,32,330047,variance_estimation,47
1.3389641179540872,full_latent_pooled,alternating_variances,32,330047,variance_estimation,47
0.004896146681917221,qalt_pooled,exact_sharing,32,330048,variance_estimation,48
0.2991455424384196,full_latent_coordinatewise,exact_sharing,32,330048,variance_estimation,48
0.004896146681917221,full_latent_pooled,exact_sharing,32,330048,variance_estimation,48
1.3407709326877586,qalt_pooled,alternating_variances,32,330048,variance_estimation,48
0.21334677300242366,full_latent_coordinatewise,alternating_variances,32,330048,variance_estimation,48
1.3407709326877586,full_latent_pooled,alternating_variances,32,330048,variance_estimation,48
0.0005302612928596885,qalt_pooled,exact_sharing,32,330049,variance_estimation,49
0.11041653413378529,full_latent_coordinatewise,exact_sharing,32,330049,variance_estimation,49
0.0005302612928596885,full_latent_pooled,exact_sharing,32,330049,variance_estimation,49
1.3388613676004635,qalt_pooled,alternating_variances,32,330049,variance_estimation,49
0.19399386513760633,full_latent_coordinatewise,alternating_variances,32,330049,variance_estimation,49
1.3388613676004635,full_latent_pooled,alternating_variances,32,330049,variance_estimation,49
0.09857864303204983,qalt_pooled,exact_sharing,32,330050,variance_estimation,50
0.24169972303885282,full_latent_coordinatewise,exact_sharing,32,330050,variance_estimation,50
0.09857864303204983,full_latent_pooled,exact_sharing,32,330050,variance_estimation,50
1.3777397457317513,qalt_pooled,alternating_variances,32,330050,variance_estimation,50
0.05927456833912602,full_latent_coordinatewise,alternating_variances,32,330050,variance_estimation,50
1.3777397457317513,full_latent_pooled,alternating_variances,32,330050,variance_estimation,50
0.004452710783477198,qalt_pooled,exact_sharing,32,330051,variance_estimation,51
0.06946027010138817,full_latent_coordinatewise,exact_sharing,32,330051,variance_estimation,51
0.004452710783477198,full_latent_pooled,exact_sharing,32,330051,variance_estimation,51
1.3433241610409161,qalt_pooled,alternating_variances,32,330051,variance_estimation,51
0.22690997278410815,full_latent_coordinatewise,alternating_variances,32,330051,variance_estimation,51
1.3433241610409161,full_latent_pooled,alternating_variances,32,330051,variance_estimation,51
0.017643004569177195,qalt_pooled,exact_sharing,32,330052,variance_estimation,52
0.32443208133820317,full_latent_coordinatewise,exact_sharing,32,330052,variance_estimation,52
0.017643004569177195,full_latent_pooled,exact_sharing,32,330052,variance_estimation,52
1.3758792374815245,qalt_pooled,alternating_variances,32,330052,variance_estimation,52
0.23827607240547513,full_latent_coordinatewise,alternating_variances,32,330052,variance_estimation,52
1.3758792374815245,full_latent_pooled,alternating_variances,32,330052,variance_estimation,52
0.030793491750256224,qalt_pooled,exact_sharing,32,330053,variance_estimation,53
0.16368878648257798,full_latent_coordinatewise,exact_sharing,32,330053,variance_estimation,53
0.030793491750256224,full_latent_pooled,exact_sharing,32,330053,variance_estimation,53
1.3519517291285348,qalt_pooled,alternating_variances,32,330053,variance_estimation,53
0.3102453296648411,full_latent_coordinatewise,alternating_variances,32,330053,variance_estimation,53
1.3519517291285348,full_latent_pooled,alternating_variances,32,330053,variance_estimation,53
0.10812680107225625,qalt_pooled,exact_sharing,32,330054,variance_estimation,54
0.40279466697520927,full_latent_coordinatewise,exact_sharing,32,330054,variance_estimation,54
0.10812680107225625,full_latent_pooled,exact_sharing,32,330054,variance_estimation,54
1.3527543782841847,qalt_pooled,alternating_variances,32,330054,variance_estimation,54
0.10403438324605634,full_latent_coordinatewise,alternating_variances,32,330054,variance_estimation,54
1.3527543782841847,full_latent_pooled,alternating_variances,32,330054,variance_estimation,54
0.008299276361410368,qalt_pooled,exact_sharing,32,330055,variance_estimation,55
0.1781753697126566,full_latent_coordinatewise,exact_sharing,32,330055,variance_estimation,55
0.008299276361410368,full_latent_pooled,exact_sharing,32,330055,variance_estimation,55
1.3672117819890965,qalt_pooled,alternating_variances,32,330055,variance_estimation,55
0.1731630375881457,full_latent_coordinatewise,alternating_variances,32,330055,variance_estimation,55
1.3672117819890965,full_latent_pooled,alternating_variances,32,330055,variance_estimation,55
0.008356587273533264,qalt_pooled,exact_sharing,32,330056,variance_estimation,56
0.3441730912918939,full_latent_coordinatewise,exact_sharing,32,330056,variance_estimation,56
0.008356587273533264,full_latent_pooled,exact_sharing,32,330056,variance_estimation,56
1.3389244246761396,qalt_pooled,alternating_variances,32,330056,variance_estimation,56
0.3015349247287081,full_latent_coordinatewise,alternating_variances,32,330056,variance_estimation,56
1.3389244246761396,full_latent_pooled,alternating_variances,32,330056,variance_estimation,56
0.009163813830980166,qalt_pooled,exact_sharing,32,330057,variance_estimation,57
0.30783442925327265,full_latent_coordinatewise,exact_sharing,32,330057,variance_estimation,57
0.009163813830980166,full_latent_pooled,exact_sharing,32,330057,variance_estimation,57
1.345519224034235,qalt_pooled,alternating_variances,32,330057,variance_estimation,57
0.3118434599921135,full_latent_coordinatewise,alternating_variances,32,330057,variance_estimation,57
1.345519224034235,full_latent_pooled,alternating_variances,32,330057,variance_estimation,57
0.005252912703311588,qalt_pooled,exact_sharing,32,330058,variance_estimation,58
0.22778441913250086,full_latent_coordinatewise,exact_sharing,32,330058,variance_estimation,58
0.005252912703311588,full_latent_pooled,exact_sharing,32,330058,variance_estimation,58
1.3868730233427513,qalt_pooled,alternating_variances,32,330058,variance_estimation,58
0.14017728871182875,full_latent_coordinatewise,alternating_variances,32,330058,variance_estimation,58
1.3868730233427513,full_latent_pooled,alternating_variances,32,330058,variance_estimation,58
0.0199608169558132,qalt_pooled,exact_sharing,32,330059,variance_estimation,59
0.1971554729610523,full_latent_coordinatewise,exact_sharing,32,330059,variance_estimation,59
0.0199608169558132,full_latent_pooled,exact_sharing,32,330059,variance_estimation,59
1.3411095697546576,qalt_pooled,alternating_variances,32,330059,variance_estimation,59
0.1641791968181623,full_latent_coordinatewise,alternating_variances,32,330059,variance_estimation,59
1.3411095697546576,full_latent_pooled,alternating_variances,32,330059,variance_estimation,59
0.004161601404748291,qalt_pooled,exact_sharing,32,330060,variance_estimation,60
0.1957954153201597,full_latent_coordinatewise,exact_sharing,32,330060,variance_estimation,60
0.004161601404748291,full_latent_pooled,exact_sharing,32,330060,variance_estimation,60
1.4215767354008415,qalt_pooled,alternating_variances,32,330060,variance_estimation,60
0.31221182478645215,full_latent_coordinatewise,alternating_variances,32,330060,variance_estimation,60
1.4215767354008415,full_latent_pooled,alternating_variances,32,330060,variance_estimation,60
6.608413684964197e-05,qalt_pooled,exact_sharing,32,330061,variance_estimation,61
0.32592795556104076,full_latent_coordinatewise,exact_sharing,32,330061,variance_estimation,61
6.608413684964197e-05,full_latent_pooled,exact_sharing,32,330061,variance_estimation,61
1.3439495804333679,qalt_pooled,alternating_variances,32,330061,variance_estimation,61
0.10014683647264812,full_latent_coordinatewise,alternating_variances,32,330061,variance_estimation,61
1.3439495804333679,full_latent_pooled,alternating_variances,32,330061,variance_estimation,61
0.024285398901335853,qalt_pooled,exact_sharing,32,330062,variance_estimation,62
0.12076462047849687,full_latent_coordinatewise,exact_sharing,32,330062,variance_estimation,62
0.024285398901335853,full_latent_pooled,exact_sharing,32,330062,variance_estimation,62
1.339243995248629,qalt_pooled,alternating_variances,32,330062,variance_estimation,62
0.1821020957192358,full_latent_coordinatewise,alternating_variances,32,330062,variance_estimation,62
1.339243995248629,full_latent_pooled,alternating_variances,32,330062,variance_estimation,62
0.05409250280784944,qalt_pooled,exact_sharing,32,330063,variance_estimation,63
0.21140350525948381,full_latent_coordinatewise,exact_sharing,32,330063,variance_estimation,63
0.05409250280784944,full_latent_pooled,exact_sharing,32,330063,variance_estimation,63
1.3389065862642389,qalt_pooled,alternating_variances,32,330063,variance_estimation,63
0.25056749559320085,full_latent_coordinatewise,alternating_variances,32,330063,variance_estimation,63
1.3389065862642389,full_latent_pooled,alternating_variances,32,330063,variance_estimation,63
0.0020011511271937413,qalt_pooled,exact_sharing,32,330064,variance_estimation,64
0.19199696836420202,full_latent_coordinatewise,exact_sharing,32,330064,variance_estimation,64
0.0020011511271937413,full_latent_pooled,exact_sharing,32,330064,variance_estimation,64
1.3397081501125856,qalt_pooled,alternating_variances,32,330064,variance_estimation,64
0.3200009195281898,full_latent_coordinatewise,alternating_variances,32,330064,variance_estimation,64
1.3397081501125856,full_latent_pooled,alternating_variances,32,330064,variance_estimation,64
0.01633012731219194,qalt_pooled,exact_sharing,32,330065,variance_estimation,65
0.214903209586625,full_latent_coordinatewise,exact_sharing,32,330065,variance_estimation,65
0.01633012731219194,full_latent_pooled,exact_sharing,32,330065,variance_estimation,65
1.340171591818462,qalt_pooled,alternating_variances,32,330065,variance_estimation,65
0.1602175787435383,full_latent_coordinatewise,alternating_variances,32,330065,variance_estimation,65
1.340171591818462,full_latent_pooled,alternating_variances,32,330065,variance_estimation,65
0.0020506586358939316,qalt_pooled,exact_sharing,32,330066,variance_estimation,66
0.2710319171920963,full_latent_coordinatewise,exact_sharing,32,330066,variance_estimation,66
0.0020506586358939316,full_latent_pooled,exact_sharing,32,330066,variance_estimation,66
1.3473589459219415,qalt_pooled,alternating_variances,32,330066,variance_estimation,66
0.3350410259205059,full_latent_coordinatewise,alternating_variances,32,330066,variance_estimation,66
1.3473589459219415,full_latent_pooled,alternating_variances,32,330066,variance_estimation,66
0.042541364779972196,qalt_pooled,exact_sharing,32,330067,variance_estimation,67
0.2128715699480481,full_latent_coordinatewise,exact_sharing,32,330067,variance_estimation,67
0.042541364779972196,full_latent_pooled,exact_sharing,32,330067,variance_estimation,67
1.3411813277124882,qalt_pooled,alternating_variances,32,330067,variance_estimation,67
0.27936957328101064,full_latent_coordinatewise,alternating_variances,32,330067,variance_estimation,67
1.3411813277124882,full_latent_pooled,alternating_variances,32,330067,variance_estimation,67
0.0012889536257024783,qalt_pooled,exact_sharing,32,330068,variance_estimation,68
0.24966684130713157,full_latent_coordinatewise,exact_sharing,32,330068,variance_estimation,68
0.0012889536257024783,full_latent_pooled,exact_sharing,32,330068,variance_estimation,68
1.353722615755263,qalt_pooled,alternating_variances,32,330068,variance_estimation,68
0.24007047977099347,full_latent_coordinatewise,alternating_variances,32,330068,variance_estimation,68
1.353722615755263,full_latent_pooled,alternating_variances,32,330068,variance_estimation,68
0.00021059913953316509,qalt_pooled,exact_sharing,32,330069,variance_estimation,69
0.12205218663995954,full_latent_coordinatewise,exact_sharing,32,330069,variance_estimation,69
0.00021059913953316509,full_latent_pooled,exact_sharing,32,330069,variance_estimation,69
1.369548752295605,qalt_pooled,alternating_variances,32,330069,variance_estimation,69
0.05385290797999956,full_latent_coordinatewise,alternating_variances,32,330069,variance_estimation,69
1.369548752295605,full_latent_pooled,alternating_variances,32,330069,variance_estimation,69
0.017700556711183785,qalt_pooled,exact_sharing,32,330070,variance_estimation,70
0.18904281746465984,full_latent_coordinatewise,exact_sharing,32,330070,variance_estimation,70
0.017700556711183785,full_latent_pooled,exact_sharing,32,330070,variance_estimation,70
1.3391853238760116,qalt_pooled,alternating_variances,32,330070,variance_estimation,70
0.18507498341620052,full_latent_coordinatewise,alternating_variances,32,330070,variance_estimation,70
1.3391853238760116,full_latent_pooled,alternating_variances,32,330070,variance_estimation,70
0.0002382225399422469,qalt_pooled,exact_sharing,32,330071,variance_estimation,71
0.07910976942757102,full_latent_coordinatewise,exact_sharing,32,330071,variance_estimation,71
0.0002382225399422469,full_latent_pooled,exact_sharing,32,330071,variance_estimation,71
1.3389851581060126,qalt_pooled,alternating_variances,32,330071,variance_estimation,71
0.09259645282947032,full_latent_coordinatewise,alternating_variances,32,330071,variance_estimation,71
1.3389851581060126,full_latent_pooled,alternating_variances,32,330071,variance_estimation,71
0.03360969466518793,qalt_pooled,exact_sharing,32,330072,variance_estimation,72
0.2018082049217823,full_latent_coordinatewise,exact_sharing,32,330072,variance_estimation,72
0.03360969466518793,full_latent_pooled,exact_sharing,32,330072,variance_estimation,72
1.351409713439459,qalt_pooled,alternating_variances,32,330072,variance_estimation,72
0.20579669715644594,full_latent_coordinatewise,alternating_variances,32,330072,variance_estimation,72
1.351409713439459,full_latent_pooled,alternating_variances,32,330072,variance_estimation,72
0.0010555250900097027,qalt_pooled,exact_sharing,32,330073,variance_estimation,73
0.08317877104118324,full_latent_coordinatewise,exact_sharing,32,330073,variance_estimation,73
0.0010555250900097027,full_latent_pooled,exact_sharing,32,330073,variance_estimation,73
1.3585145671787435,qalt_pooled,alternating_variances,32,330073,variance_estimation,73
0.21905817044971784,full_latent_coordinatewise,alternating_variances,32,330073,variance_estimation,73
1.3585145671787435,full_latent_pooled,alternating_variances,32,330073,variance_estimation,73
0.0020980645679168353,qalt_pooled,exact_sharing,32,330074,variance_estimation,74
0.1589846614231154,full_latent_coordinatewise,exact_sharing,32,330074,variance_estimation,74
0.0020980645679168353,full_latent_pooled,exact_sharing,32,330074,variance_estimation,74
1.339373712033069,qalt_pooled,alternating_variances,32,330074,variance_estimation,74
0.2585129398796875,full_latent_coordinatewise,alternating_variances,32,330074,variance_estimation,74
1.339373712033069,full_latent_pooled,alternating_variances,32,330074,variance_estimation,74
5.084494585726532e-05,qalt_pooled,exact_sharing,32,330075,variance_estimation,75
0.09080316378566328,full_latent_coordinatewise,exact_sharing,32,330075,variance_estimation,75
5.084494585726532e-05,full_latent_pooled,exact_sharing,32,330075,variance_estimation,75
1.3413614070905742,qalt_pooled,alternating_variances,32,330075,variance_estimation,75
0.10452102678848316,full_latent_coordinatewise,alternating_variances,32,330075,variance_estimation,75
1.3413614070905742,full_latent_pooled,alternating_variances,32,330075,variance_estimation,75
0.00027148909590057543,qalt_pooled,exact_sharing,32,330076,variance_estimation,76
0.19771997397503785,full_latent_coordinatewise,exact_sharing,32,330076,variance_estimation,76
0.00027148909590057543,full_latent_pooled,exact_sharing,32,330076,variance_estimation,76
1.341897804502511,qalt_pooled,alternating_variances,32,330076,variance_estimation,76
0.1423075538247155,full_latent_coordinatewise,alternating_variances,32,330076,variance_estimation,76
1.341897804502511,full_latent_pooled,alternating_variances,32,330076,variance_estimation,76
0.003930472724329573,qalt_pooled,exact_sharing,32,330077,variance_estimation,77
0.32359873939057004,full_latent_coordinatewise,exact_sharing,32,330077,variance_estimation,77
0.003930472724329573,full_latent_pooled,exact_sharing,32,330077,variance_estimation,77
1.3769725295541417,qalt_pooled,alternating_variances,32,330077,variance_estimation,77
0.2047968677043932,full_latent_coordinatewise,alternating_variances,32,330077,variance_estimation,77
1.3769725295541417,full_latent_pooled,alternating_variances,32,330077,variance_estimation,77
0.023628932679358478,qalt_pooled,exact_sharing,32,330078,variance_estimation,78
0.0917028597462175,full_latent_coordinatewise,exact_sharing,32,330078,variance_estimation,78
0.023628932679358478,full_latent_pooled,exact_sharing,32,330078,variance_estimation,78
1.4329107045865328,qalt_pooled,alternating_variances,32,330078,variance_estimation,78
0.28423902262209644,full_latent_coordinatewise,alternating_variances,32,330078,variance_estimation,78
1.4329107045865328,full_latent_pooled,alternating_variances,32,330078,variance_estimation,78
0.000139302820369943,qalt_pooled,exact_sharing,32,330079,variance_estimation,79
0.15631415410675475,full_latent_coordinatewise,exact_sharing,32,330079,variance_estimation,79
0.000139302820369943,full_latent_pooled,exact_sharing,32,330079,variance_estimation,79
1.347206815081751,qalt_pooled,alternating_variances,32,330079,variance_estimation,79
0.19176598666096323,full_latent_coordinatewise,alternating_variances,32,330079,variance_estimation,79
1.347206815081751,full_latent_pooled,alternating_variances,32,330079,variance_estimation,79
0.00903872181856237,qalt_pooled,exact_sharing,32,330080,variance_estimation,80
0.2305285332540013,full_latent_coordinatewise,exact_sharing,32,330080,variance_estimation,80
0.00903872181856237,full_latent_pooled,exact_sharing,32,330080,variance_estimation,80
1.3460525308049403,qalt_pooled,alternating_variances,32,330080,variance_estimation,80
0.1986771464506794,full_latent_coordinatewise,alternating_variances,32,330080,variance_estimation,80
1.3460525308049403,full_latent_pooled,alternating_variances,32,330080,variance_estimation,80
0.0009838435737632295,qalt_pooled,exact_sharing,32,330081,variance_estimation,81
0.15702521776834732,full_latent_coordinatewise,exact_sharing,32,330081,variance_estimation,81
0.0009838435737632295,full_latent_pooled,exact_sharing,32,330081,variance_estimation,81
1.3405335352986782,qalt_pooled,alternating_variances,32,330081,variance_estimation,81
0.20177902218253832,full_latent_coordinatewise,alternating_variances,32,330081,variance_estimation,81
1.3405335352986782,full_latent_pooled,alternating_variances,32,330081,variance_estimation,81
0.010159634672496781,qalt_pooled,exact_sharing,32,330082,variance_estimation,82
0.2447760909273578,full_latent_coordinatewise,exact_sharing,32,330082,variance_estimation,82
0.010159634672496781,full_latent_pooled,exact_sharing,32,330082,variance_estimation,82
1.3666671514916988,qalt_pooled,alternating_variances,32,330082,variance_estimation,82
0.34788495849875756,full_latent_coordinatewise,alternating_variances,32,330082,variance_estimation,82
1.3666671514916988,full_latent_pooled,alternating_variances,32,330082,variance_estimation,82
0.020191844905766698,qalt_pooled,exact_sharing,32,330083,variance_estimation,83
0.15479581044839835,full_latent_coordinatewise,exact_sharing,32,330083,variance_estimation,83
0.020191844905766698,full_latent_pooled,exact_sharing,32,330083,variance_estimation,83
1.3437676126927354,qalt_pooled,alternating_variances,32,330083,variance_estimation,83
0.17140831971033357,full_latent_coordinatewise,alternating_variances,32,330083,variance_estimation,83
1.3437676126927354,full_latent_pooled,alternating_variances,32,330083,variance_estimation,83
0.00014483117617190323,qalt_pooled,exact_sharing,32,330084,variance_estimation,84
0.08465843038901781,full_latent_coordinatewise,exact_sharing,32,330084,variance_estimation,84
0.00014483117617190323,full_latent_pooled,exact_sharing,32,330084,variance_estimation,84
1.3497254161909504,qalt_pooled,alternating_variances,32,330084,variance_estimation,84
0.1921887768272245,full_latent_coordinatewise,alternating_variances,32,330084,variance_estimation,84
1.3497254161909504,full_latent_pooled,alternating_variances,32,330084,variance_estimation,84
0.0014774914507156775,qalt_pooled,exact_sharing,32,330085,variance_estimation,85
0.20875422688523626,full_latent_coordinatewise,exact_sharing,32,330085,variance_estimation,85
0.0014774914507156775,full_latent_pooled,exact_sharing,32,330085,variance_estimation,85
1.3472098026219628,qalt_pooled,alternating_variances,32,330085,variance_estimation,85
0.30761316327470145,full_latent_coordinatewise,alternating_variances,32,330085,variance_estimation,85
1.3472098026219628,full_latent_pooled,alternating_variances,32,330085,variance_estimation,85
0.017554197838046737,qalt_pooled,exact_sharing,32,330086,variance_estimation,86
0.10567197861869052,full_latent_coordinatewise,exact_sharing,32,330086,variance_estimation,86
0.017554197838046737,full_latent_pooled,exact_sharing,32,330086,variance_estimation,86
1.342501631102234,qalt_pooled,alternating_variances,32,330086,variance_estimation,86
0.14323810953355676,full_latent_coordinatewise,alternating_variances,32,330086,variance_estimation,86
1.342501631102234,full_latent_pooled,alternating_variances,32,330086,variance_estimation,86
0.0039507379123097375,qalt_pooled,exact_sharing,32,330087,variance_estimation,87
0.3426666582238124,full_latent_coordinatewise,exact_sharing,32,330087,variance_estimation,87
0.0039507379123097375,full_latent_pooled,exact_sharing,32,330087,variance_estimation,87
1.34090579742054,qalt_pooled,alternating_variances,32,330087,variance_estimation,87
0.1814492883744492,full_latent_coordinatewise,alternating_variances,32,330087,variance_estimation,87
1.34090579742054,full_latent_pooled,alternating_variances,32,330087,variance_estimation,87
0.00039872503956174185,qalt_pooled,exact_sharing,32,330088,variance_estimation,88
0.0708964844370107,full_latent_coordinatewise,exact_sharing,32,330088,variance_estimation,88
0.00039872503956174185,full_latent_pooled,exact_sharing,32,330088,variance_estimation,88
1.338884847983148,qalt_pooled,alternating_variances,32,330088,variance_estimation,88
0.14634504438307336,full_latent_coordinatewise,alternating_variances,32,330088,variance_estimation,88
1.338884847983148,full_latent_pooled,alternating_variances,32,330088,variance_estimation,88
0.018388950881059518,qalt_pooled,exact_sharing,32,330089,variance_estimation,89
0.15981381335023104,full_latent_coordinatewise,exact_sharing,32,330089,variance_estimation,89
0.018388950881059518,full_latent_pooled,exact_sharing,32,330089,variance_estimation,89
1.3627877049062849,qalt_pooled,alternating_variances,32,330089,variance_estimation,89
0.3039415926796095,full_latent_coordinatewise,alternating_variances,32,330089,variance_estimation,89
1.3627877049062849,full_latent_pooled,alternating_variances,32,330089,variance_estimation,89
0.02385781226824102,qalt_pooled,exact_sharing,32,330090,variance_estimation,90
0.17919215509772143,full_latent_coordinatewise,exact_sharing,32,330090,variance_estimation,90
0.02385781226824102,full_latent_pooled,exact_sharing,32,330090,variance_estimation,90
1.340469365019175,qalt_pooled,alternating_variances,32,330090,variance_estimation,90
0.09691683456565373,full_latent_coordinatewise,alternating_variances,32,330090,variance_estimation,90
1.340469365019175,full_latent_pooled,alternating_variances,32,330090,variance_estimation,90
0.0022819222591119806,qalt_pooled,exact_sharing,32,330091,variance_estimation,91
0.1743573789919753,full_latent_coordinatewise,exact_sharing,32,330091,variance_estimation,91
0.0022819222591119806,full_latent_pooled,exact_sharing,32,330091,variance_estimation,91
1.3392353323037223,qalt_pooled,alternating_variances,32,330091,variance_estimation,91
0.16615083836869607,full_latent_coordinatewise,alternating_variances,32,330091,variance_estimation,91
1.3392353323037223,full_latent_pooled,alternating_variances,32,330091,variance_estimation,91
0.003499835944351007,qalt_pooled,exact_sharing,32,330092,variance_estimation,92
0.1436442357659182,full_latent_coordinatewise,exact_sharing,32,330092,variance_estimation,92
0.003499835944351007,full_latent_pooled,exact_sharing,32,330092,variance_estimation,92
1.3458387796895104,qalt_pooled,alternating_variances,32,330092,variance_estimation,92
0.2604233063194336,full_latent_coordinatewise,alternating_variances,32,330092,variance_estimation,92
1.3458387796895104,full_latent_pooled,alternating_variances,32,330092,variance_estimation,92
0.00014491967834228715,qalt_pooled,exact_sharing,32,330093,variance_estimation,93
0.60241422255564,full_latent_coordinatewise,exact_sharing,32,330093,variance_estimation,93
0.00014491967834228715,full_latent_pooled,exact_sharing,32,330093,variance_estimation,93
1.3401194641210399,qalt_pooled,alternating_variances,32,330093,variance_estimation,93
0.19134834181467678,full_latent_coordinatewise,alternating_variances,32,330093,variance_estimation,93
1.3401194641210399,full_latent_pooled,alternating_variances,32,330093,variance_estimation,93
0.030872262517007226,qalt_pooled,exact_sharing,32,330094,variance_estimation,94
0.1297293454124233,full_latent_coordinatewise,exact_sharing,32,330094,variance_estimation,94
0.030872262517007226,full_latent_pooled,exact_sharing,32,330094,variance_estimation,94
1.3429012227579524,qalt_pooled,alternating_variances,32,330094,variance_estimation,94
0.30278606138230285,full_latent_coordinatewise,alternating_variances,32,330094,variance_estimation,94
1.3429012227579524,full_latent_pooled,alternating_variances,32,330094,variance_estimation,94
0.0003248000440737725,qalt_pooled,exact_sharing,32,330095,variance_estimation,95
0.16014038214192944,full_latent_coordinatewise,exact_sharing,32,330095,variance_estimation,95
0.0003248000440737725,full_latent_pooled,exact_sharing,32,330095,variance_estimation,95
1.345381351651722,qalt_pooled,alternating_variances,32,330095,variance_estimation,95
0.2374081295309824,full_latent_coordinatewise,alternating_variances,32,330095,variance_estimation,95
1.345381351651722,full_latent_pooled,alternating_variances,32,330095,variance_estimation,95
0.006277120874680811,qalt_pooled,exact_sharing,32,330096,variance_estimation,96
0.2809592278462468,full_latent_coordinatewise,exact_sharing,32,330096,variance_estimation,96
0.006277120874680811,full_latent_pooled,exact_sharing,32,330096,variance_estimation,96
1.355700713340393,qalt_pooled,alternating_variances,32,330096,variance_estimation,96
0.2634308021728211,full_latent_coordinatewise,alternating_variances,32,330096,variance_estimation,96
1.355700713340393,full_latent_pooled,alternating_variances,32,330096,variance_estimation,96
0.007227239429410198,qalt_pooled,exact_sharing,32,330097,variance_estimation,97
0.17025987591808062,full_latent_coordinatewise,exact_sharing,32,330097,variance_estimation,97
0.007227239429410198,full_latent_pooled,exact_sharing,32,330097,variance_estimation,97
1.345035507445361,qalt_pooled,alternating_variances,32,330097,variance_estimation,97
0.13879938389349772,full_latent_coordinatewise,alternating_variances,32,330097,variance_estimation,97
1.345035507445361,full_latent_pooled,alternating_variances,32,330097,variance_estimation,97
0.008092846924856234,qalt_pooled,exact_sharing,32,330098,variance_estimation,98
0.20255184151763472,full_latent_coordinatewise,exact_sharing,32,330098,variance_estimation,98
0.008092846924856234,full_latent_pooled,exact_sharing,32,330098,variance_estimation,98
1.3432825990012445,qalt_pooled,alternating_variances,32,330098,variance_estimation,98
0.05904282503633899,full_latent_coordinatewise,alternating_variances,32,330098,variance_estimation,98
1.3432825990012445,full_latent_pooled,alternating_variances,32,330098,variance_estimation,98
0.00011023970861369532,qalt_pooled,exact_sharing,32,330099,variance_estimation,99
0.4763501062692864,full_latent_coordinatewise,exact_sharing,32,330099,variance_estimation,99
0.00011023970861369532,full_latent_pooled,exact_sharing,32,330099,variance_estimation,99
1.3980126573488545,qalt_pooled,alternating_variances,32,330099,variance_estimation,99
0.3046732847695792,full_latent_coordinatewise,alternating_variances,32,330099,variance_estimation,99
1.3980126573488545,full_latent_pooled,alternating_variances,32,330099,variance_estimation,99
0.005187004129625625,qalt_pooled,exact_sharing,32,330100,variance_estimation,100
0.03633238881678609,full_latent_coordinatewise,exact_sharing,32,330100,variance_estimation,100
0.005187004129625625,full_latent_pooled,exact_sharing,32,330100,variance_estimation,100
1.3389116269083534,qalt_pooled,alternating_variances,32,330100,variance_estimation,100
0.06243045509513437,full_latent_coordinatewise,alternating_variances,32,330100,variance_estimation,100
1.3389116269083534,full_latent_pooled,alternating_variances,32,330100,variance_estimation,100
0.0009548354019899979,qalt_pooled,exact_sharing,32,330101,variance_estimation,101
0.12508649769916214,full_latent_coordinatewise,exact_sharing,32,330101,variance_estimation,101
0.0009548354019899979,full_latent_pooled,exact_sharing,32,330101,variance_estimation,101
1.417292074532634,qalt_pooled,alternating_variances,32,330101,variance_estimation,101
0.33997093221837194,full_latent_coordinatewise,alternating_variances,32,330101,variance_estimation,101
1.417292074532634,full_latent_pooled,alternating_variances,32,330101,variance_estimation,101
0.009813770680890094,qalt_pooled,exact_sharing,32,330102,variance_estimation,102
0.14018930738496013,full_latent_coordinatewise,exact_sharing,32,330102,variance_estimation,102
0.009813770680890094,full_latent_pooled,exact_sharing,32,330102,variance_estimation,102
1.3393115622840568,qalt_pooled,alternating_variances,32,330102,variance_estimation,102
0.1330312980025615,full_latent_coordinatewise,alternating_variances,32,330102,variance_estimation,102
1.3393115622840568,full_latent_pooled,alternating_variances,32,330102,variance_estimation,102
0.01862482678640806,qalt_pooled,exact_sharing,32,330103,variance_estimation,103
0.1979708188099188,full_latent_coordinatewise,exact_sharing,32,330103,variance_estimation,103
0.01862482678640806,full_latent_pooled,exact_sharing,32,330103,variance_estimation,103
1.3460637751913402,qalt_pooled,alternating_variances,32,330103,variance_estimation,103
0.16925534859293956,full_latent_coordinatewise,alternating_variances,32,330103,variance_estimation,103
1.3460637751913402,full_latent_pooled,alternating_variances,32,330103,variance_estimation,103
0.002359525792063201,qalt_pooled,exact_sharing,32,330104,variance_estimation,104
0.10422883835725527,full_latent_coordinatewise,exact_sharing,32,330104,variance_estimation,104
0.002359525792063201,full_latent_pooled,exact_sharing,32,330104,variance_estimation,104
1.3470444030162216,qalt_pooled,alternating_variances,32,330104,variance_estimation,104
0.22619800687667901,full_latent_coordinatewise,alternating_variances,32,330104,variance_estimation,104
1.3470444030162216,full_latent_pooled,alternating_variances,32,330104,variance_estimation,104
0.012410073500941449,qalt_pooled,exact_sharing,32,330105,variance_estimation,105
0.09157478433843104,full_latent_coordinatewise,exact_sharing,32,330105,variance_estimation,105
0.012410073500941449,full_latent_pooled,exact_sharing,32,330105,variance_estimation,105
1.3392907514554817,qalt_pooled,alternating_variances,32,330105,variance_estimation,105
0.2719809928603216,full_latent_coordinatewise,alternating_variances,32,330105,variance_estimation,105
1.3392907514554817,full_latent_pooled,alternating_variances,32,330105,variance_estimation,105
0.00011670666147057737,qalt_pooled,exact_sharing,32,330106,variance_estimation,106
0.22494525912648178,full_latent_coordinatewise,exact_sharing,32,330106,variance_estimation,106
0.00011670666147057737,full_latent_pooled,exact_sharing,32,330106,variance_estimation,106
1.4619840162076256,qalt_pooled,alternating_variances,32,330106,variance_estimation,106
0.25514522971851755,full_latent_coordinatewise,alternating_variances,32,330106,variance_estimation,106
1.4619840162076256,full_latent_pooled,alternating_variances,32,330106,variance_estimation,106
0.021550693382133668,qalt_pooled,exact_sharing,32,330107,variance_estimation,107
0.06062861199654365,full_latent_coordinatewise,exact_sharing,32,330107,variance_estimation,107
0.021550693382133668,full_latent_pooled,exact_sharing,32,330107,variance_estimation,107
1.3708016037979989,qalt_pooled,alternating_variances,32,330107,variance_estimation,107
0.14099609458236967,full_latent_coordinatewise,alternating_variances,32,330107,variance_estimation,107
1.3708016037979989,full_latent_pooled,alternating_variances,32,330107,variance_estimation,107
0.015756110860915884,qalt_pooled,exact_sharing,32,330108,variance_estimation,108
0.20897467821741386,full_latent_coordinatewise,exact_sharing,32,330108,variance_estimation,108
0.015756110860915884,full_latent_pooled,exact_sharing,32,330108,variance_estimation,108
1.3466979224426174,qalt_pooled,alternating_variances,32,330108,variance_estimation,108
0.3425203068684945,full_latent_coordinatewise,alternating_variances,32,330108,variance_estimation,108
1.3466979224426174,full_latent_pooled,alternating_variances,32,330108,variance_estimation,108
0.020543703695643345,qalt_pooled,exact_sharing,32,330109,variance_estimation,109
0.1991333182228975,full_latent_coordinatewise,exact_sharing,32,330109,variance_estimation,109
0.020543703695643345,full_latent_pooled,exact_sharing,32,330109,variance_estimation,109
1.3875103871017112,qalt_pooled,alternating_variances,32,330109,variance_estimation,109
0.20037552633945094,full_latent_coordinatewise,alternating_variances,32,330109,variance_estimation,109
1.3875103871017112,full_latent_pooled,alternating_variances,32,330109,variance_estimation,109
0.01053463826333216,qalt_pooled,exact_sharing,32,330110,variance_estimation,110
0.3078352235348064,full_latent_coordinatewise,exact_sharing,32,330110,variance_estimation,110
0.01053463826333216,full_latent_pooled,exact_sharing,32,330110,variance_estimation,110
1.3460116804999478,qalt_pooled,alternating_variances,32,330110,variance_estimation,110
0.34342248288299676,full_latent_coordinatewise,alternating_variances,32,330110,variance_estimation,110
1.3460116804999478,full_latent_pooled,alternating_variances,32,330110,variance_estimation,110
0.00045618624106952277,qalt_pooled,exact_sharing,32,330111,variance_estimation,111
0.17709157326047298,full_latent_coordinatewise,exact_sharing,32,330111,variance_estimation,111
0.00045618624106952277,full_latent_pooled,exact_sharing,32,330111,variance_estimation,111
1.3424321233634182,qalt_pooled,alternating_variances,32,330111,variance_estimation,111
0.24483641644335286,full_latent_coordinatewise,alternating_variances,32,330111,variance_estimation,111
1.3424321233634182,full_latent_pooled,alternating_variances,32,330111,variance_estimation,111
0.007189755209428536,qalt_pooled,exact_sharing,32,330112,variance_estimation,112
0.2849628823113422,full_latent_coordinatewise,exact_sharing,32,330112,variance_estimation,112
0.007189755209428536,full_latent_pooled,exact_sharing,32,330112,variance_estimation,112
1.3468254699006272,qalt_pooled,alternating_variances,32,330112,variance_estimation,112
0.1866602956024279,full_latent_coordinatewise,alternating_variances,32,330112,variance_estimation,112
1.3468254699006272,full_latent_pooled,alternating_variances,32,330112,variance_estimation,112
0.002603893227495456,qalt_pooled,exact_sharing,32,330113,variance_estimation,113
0.22454248276803912,full_latent_coordinatewise,exact_sharing,32,330113,variance_estimation,113
0.002603893227495456,full_latent_pooled,exact_sharing,32,330113,variance_estimation,113
1.3796937216760972,qalt_pooled,alternating_variances,32,330113,variance_estimation,113
0.2189745515154048,full_latent_coordinatewise,alternating_variances,32,330113,variance_estimation,113
1.3796937216760972,full_latent_pooled,alternating_variances,32,330113,variance_estimation,113
0.0066627491104414155,qalt_pooled,exact_sharing,32,330114,variance_estimation,114
0.23619964816008499,full_latent_coordinatewise,exact_sharing,32,330114,variance_estimation,114
0.0066627491104414155,full_latent_pooled,exact_sharing,32,330114,variance_estimation,114
1.3399026143630173,qalt_pooled,alternating_variances,32,330114,variance_estimation,114
0.11330535057851265,full_latent_coordinatewise,alternating_variances,32,330114,variance_estimation,114
1.3399026143630173,full_latent_pooled,alternating_variances,32,330114,variance_estimation,114
0.008416325001216377,qalt_pooled,exact_sharing,32,330115,variance_estimation,115
0.3006705943769279,full_latent_coordinatewise,exact_sharing,32,330115,variance_estimation,115
0.008416325001216377,full_latent_pooled,exact_sharing,32,330115,variance_estimation,115
1.3400892005276528,qalt_pooled,alternating_variances,32,330115,variance_estimation,115
0.20052584297890846,full_latent_coordinatewise,alternating_variances,32,330115,variance_estimation,115
1.3400892005276528,full_latent_pooled,alternating_variances,32,330115,variance_estimation,115
0.0069113800914306495,qalt_pooled,exact_sharing,32,330116,variance_estimation,116
0.32680965495434333,full_latent_coordinatewise,exact_sharing,32,330116,variance_estimation,116
0.0069113800914306495,full_latent_pooled,exact_sharing,32,330116,variance_estimation,116
1.358156100755044,qalt_pooled,alternating_variances,32,330116,variance_estimation,116
0.15021768195354485,full_latent_coordinatewise,alternating_variances,32,330116,variance_estimation,116
1.358156100755044,full_latent_pooled,alternating_variances,32,330116,variance_estimation,116
0.014198274679986744,qalt_pooled,exact_sharing,32,330117,variance_estimation,117
0.14887627804007988,full_latent_coordinatewise,exact_sharing,32,330117,variance_estimation,117
0.014198274679986744,full_latent_pooled,exact_sharing,32,330117,variance_estimation,117
1.4466098978458966,qalt_pooled,alternating_variances,32,330117,variance_estimation,117
0.13619642221171968,full_latent_coordinatewise,alternating_variances,32,330117,variance_estimation,117
1.4466098978458966,full_latent_pooled,alternating_variances,32,330117,variance_estimation,117
0.0008875471393080675,qalt_pooled,exact_sharing,32,330118,variance_estimation,118
0.11077760115206478,full_latent_coordinatewise,exact_sharing,32,330118,variance_estimation,118
0.0008875471393080675,full_latent_pooled,exact_sharing,32,330118,variance_estimation,118
1.3389791252485426,qalt_pooled,alternating_variances,32,330118,variance_estimation,118
0.29178081180603943,full_latent_coordinatewise,alternating_variances,32,330118,variance_estimation,118
1.3389791252485426,full_latent_pooled,alternating_variances,32,330118,variance_estimation,118
0.014973876868509456,qalt_pooled,exact_sharing,32,330119,variance_estimation,119
0.19423273762607352,full_latent_coordinatewise,exact_sharing,32,330119,variance_estimation,119
0.014973876868509456,full_latent_pooled,exact_sharing,32,330119,variance_estimation,119
1.3389754826326024,qalt_pooled,alternating_variances,32,330119,variance_estimation,119
0.3149961729070706,full_latent_coordinatewise,alternating_variances,32,330119,variance_estimation,119
1.3389754826326024,full_latent_pooled,alternating_variances,32,330119,variance_estimation,119
0.04133654787390256,qalt_pooled,exact_sharing,32,330120,variance_estimation,120
0.26644222123834815,full_latent_coordinatewise,exact_sharing,32,330120,variance_estimation,120
0.04133654787390256,full_latent_pooled,exact_sharing,32,330120,variance_estimation,120
1.3996334475202796,qalt_pooled,alternating_variances,32,330120,variance_estimation,120
0.25307471194836617,full_latent_coordinatewise,alternating_variances,32,330120,variance_estimation,120
1.3996334475202796,full_latent_pooled,alternating_variances,32,330120,variance_estimation,120
0.0010386617670337314,qalt_pooled,exact_sharing,32,330121,variance_estimation,121
0.2570315439458517,full_latent_coordinatewise,exact_sharing,32,330121,variance_estimation,121
0.0010386617670337314,full_latent_pooled,exact_sharing,32,330121,variance_estimation,121
1.3401732244828135,qalt_pooled,alternating_variances,32,330121,variance_estimation,121
0.26105865925488936,full_latent_coordinatewise,alternating_variances,32,330121,variance_estimation,121
1.3401732244828135,full_latent_pooled,alternating_variances,32,330121,variance_estimation,121
0.0012105076128639466,qalt_pooled,exact_sharing,32,330122,variance_estimation,122
0.149230670392968,full_latent_coordinatewise,exact_sharing,32,330122,variance_estimation,122
0.0012105076128639466,full_latent_pooled,exact_sharing,32,330122,variance_estimation,122
1.339032233274406,qalt_pooled,alternating_variances,32,330122,variance_estimation,122
0.12713412189118023,full_latent_coordinatewise,alternating_variances,32,330122,variance_estimation,122
1.339032233274406,full_latent_pooled,alternating_variances,32,330122,variance_estimation,122
0.020535631374363678,qalt_pooled,exact_sharing,32,330123,variance_estimation,123
0.30082581681737264,full_latent_coordinatewise,exact_sharing,32,330123,variance_estimation,123
0.020535631374363678,full_latent_pooled,exact_sharing,32,330123,variance_estimation,123
1.395291141160114,qalt_pooled,alternating_variances,32,330123,variance_estimation,123
0.3401622423357104,full_latent_coordinatewise,alternating_variances,32,330123,variance_estimation,123
1.395291141160114,full_latent_pooled,alternating_variances,32,330123,variance_estimation,123
0.04130764637993242,qalt_pooled,exact_sharing,32,330124,variance_estimation,124
0.16330867466857732,full_latent_coordinatewise,exact_sharing,32,330124,variance_estimation,124
0.04130764637993242,full_latent_pooled,exact_sharing,32,330124,variance_estimation,124
1.3616961353084305,qalt_pooled,alternating_variances,32,330124,variance_estimation,124
0.16120078561880646,full_latent_coordinatewise,alternating_variances,32,330124,variance_estimation,124
1.3616961353084305,full_latent_pooled,alternating_variances,32,330124,variance_estimation,124
0.0001565223612988876,qalt_pooled,exact_sharing,32,330125,variance_estimation,125
0.12420166214450093,full_latent_coordinatewise,exact_sharing,32,330125,variance_estimation,125
0.0001565223612988876,full_latent_pooled,exact_sharing,32,330125,variance_estimation,125
1.3395427517939946,qalt_pooled,alternating_variances,32,330125,variance_estimation,125
0.2209134659867309,full_latent_coordinatewise,alternating_variances,32,330125,variance_estimation,125
1.3395427517939946,full_latent_pooled,alternating_variances,32,330125,variance_estimation,125
0.015980051767660597,qalt_pooled,exact_sharing,32,330126,variance_estimation,126
0.17368789298656898,full_latent_coordinatewise,exact_sharing,32,330126,variance_estimation,126
0.015980051767660597,full_latent_pooled,exact_sharing,32,330126,variance_estimation,126
1.351538806442668,qalt_pooled,alternating_variances,32,330126,variance_estimation,126
0.2157071316368875,full_latent_coordinatewise,alternating_variances,32,330126,variance_estimation,126
1.351538806442668,full_latent_pooled,alternating_variances,32,330126,variance_estimation,126
0.04500327894703535,qalt_pooled,exact_sharing,32,330127,variance_estimation,127
0.20260124557626114,full_latent_coordinatewise,exact_sharing,32,330127,variance_estimation,127
0.04500327894703535,full_latent_pooled,exact_sharing,32,330127,variance_estimation,127
1.4579578686652113,qalt_pooled,alternating_variances,32,330127,variance_estimation,127
0.2540736569917752,full_latent_coordinatewise,alternating_variances,32,330127,variance_estimation,127
1.4579578686652113,full_latent_pooled,alternating_variances,32,330127,variance_estimation,127
0.0002783926871787988,qalt_pooled,exact_sharing,32,330128,variance_estimation,128
0.24320482671471189,full_latent_coordinatewise,exact_sharing,32,330128,variance_estimation,128
0.0002783926871787988,full_latent_pooled,exact_sharing,32,330128,variance_estimation,128
1.3510358902967603,qalt_pooled,alternating_variances,32,330128,variance_estimation,128
0.10606793045652974,full_latent_coordinatewise,alternating_variances,32,330128,variance_estimation,128
1.3510358902967603,full_latent_pooled,alternating_variances,32,330128,variance_estimation,128
0.007523634563790363,qalt_pooled,exact_sharing,32,330129,variance_estimation,129
0.08258197057023935,full_latent_coordinatewise,exact_sharing,32,330129,variance_estimation,129
0.007523634563790363,full_latent_pooled,exact_sharing,32,330129,variance_estimation,129
1.3637206359553455,qalt_pooled,alternating_variances,32,330129,variance_estimation,129
0.23356889392526256,full_latent_coordinatewise,alternating_variances,32,330129,variance_estimation,129
1.3637206359553455,full_latent_pooled,alternating_variances,32,330129,variance_estimation,129
0.002501121420547356,qalt_pooled,exact_sharing,32,330130,variance_estimation,130
0.06727909670119309,full_latent_coordinatewise,exact_sharing,32,330130,variance_estimation,130
0.002501121420547356,full_latent_pooled,exact_sharing,32,330130,variance_estimation,130
1.3481158825295654,qalt_pooled,alternating_variances,32,330130,variance_estimation,130
0.18356072727831185,full_latent_coordinatewise,alternating_variances,32,330130,variance_estimation,130
1.3481158825295654,full_latent_pooled,alternating_variances,32,330130,variance_estimation,130
0.015738291625632977,qalt_pooled,exact_sharing,32,330131,variance_estimation,131
0.4295703778469613,full_latent_coordinatewise,exact_sharing,32,330131,variance_estimation,131
0.015738291625632977,full_latent_pooled,exact_sharing,32,330131,variance_estimation,131
1.3480159890168404,qalt_pooled,alternating_variances,32,330131,variance_estimation,131
0.1632736186513471,full_latent_coordinatewise,alternating_variances,32,330131,variance_estimation,131
1.3480159890168404,full_latent_pooled,alternating_variances,32,330131,variance_estimation,131
0.008261154913202562,qalt_pooled,exact_sharing,32,330132,variance_estimation,132
0.04800481104892734,full_latent_coordinatewise,exact_sharing,32,330132,variance_estimation,132
0.008261154913202562,full_latent_pooled,exact_sharing,32,330132,variance_estimation,132
1.4128682858785715,qalt_pooled,alternating_variances,32,330132,variance_estimation,132
0.19037455956843524,full_latent_coordinatewise,alternating_variances,32,330132,variance_estimation,132
1.4128682858785715,full_latent_pooled,alternating_variances,32,330132,variance_estimation,132
0.0025556878814329415,qalt_pooled,exact_sharing,32,330133,variance_estimation,133
0.1717872644093598,full_latent_coordinatewise,exact_sharing,32,330133,variance_estimation,133
0.0025556878814329415,full_latent_pooled,exact_sharing,32,330133,variance_estimation,133
1.3405229483170027,qalt_pooled,alternating_variances,32,330133,variance_estimation,133
0.13182877569241688,full_latent_coordinatewise,alternating_variances,32,330133,variance_estimation,133
1.3405229483170027,full_latent_pooled,alternating_variances,32,330133,variance_estimation,133
0.007819371723849666,qalt_pooled,exact_sharing,32,330134,variance_estimation,134
0.1615913409710284,full_latent_coordinatewise,exact_sharing,32,330134,variance_estimation,134
0.007819371723849666,full_latent_pooled,exact_sharing,32,330134,variance_estimation,134
1.338875038951939,qalt_pooled,alternating_variances,32,330134,variance_estimation,134
0.1667858835934629,full_latent_coordinatewise,alternating_variances,32,330134,variance_estimation,134
1.338875038951939,full_latent_pooled,alternating_variances,32,330134,variance_estimation,134
0.02480822445741479,qalt_pooled,exact_sharing,32,330135,variance_estimation,135
0.13951896977805076,full_latent_coordinatewise,exact_sharing,32,330135,variance_estimation,135
0.02480822445741479,full_latent_pooled,exact_sharing,32,330135,variance_estimation,135
1.3615732900335233,qalt_pooled,alternating_variances,32,330135,variance_estimation,135
0.17335733251998908,full_latent_coordinatewise,alternating_variances,32,330135,variance_estimation,135
1.3615732900335233,full_latent_pooled,alternating_variances,32,330135,variance_estimation,135
0.03580859249589527,qalt_pooled,exact_sharing,32,330136,variance_estimation,136
0.13542832304934185,full_latent_coordinatewise,exact_sharing,32,330136,variance_estimation,136
0.03580859249589527,full_latent_pooled,exact_sharing,32,330136,variance_estimation,136
1.3798512149846467,qalt_pooled,alternating_variances,32,330136,variance_estimation,136
0.20756978368100956,full_latent_coordinatewise,alternating_variances,32,330136,variance_estimation,136
1.3798512149846467,full_latent_pooled,alternating_variances,32,330136,variance_estimation,136
0.006374618633334425,qalt_pooled,exact_sharing,32,330137,variance_estimation,137
0.12360658794736967,full_latent_coordinatewise,exact_sharing,32,330137,variance_estimation,137
0.006374618633334425,full_latent_pooled,exact_sharing,32,330137,variance_estimation,137
1.395486007485588,qalt_pooled,alternating_variances,32,330137,variance_estimation,137
0.18924802728367535,full_latent_coordinatewise,alternating_variances,32,330137,variance_estimation,137
1.395486007485588,full_latent_pooled,alternating_variances,32,330137,variance_estimation,137
0.0061264944892457235,qalt_pooled,exact_sharing,32,330138,variance_estimation,138
0.1861380842560708,full_latent_coordinatewise,exact_sharing,32,330138,variance_estimation,138
0.0061264944892457235,full_latent_pooled,exact_sharing,32,330138,variance_estimation,138
1.3446902986642848,qalt_pooled,alternating_variances,32,330138,variance_estimation,138
0.10120397007342774,full_latent_coordinatewise,alternating_variances,32,330138,variance_estimation,138
1.3446902986642848,full_latent_pooled,alternating_variances,32,330138,variance_estimation,138
0.03937753055747198,qalt_pooled,exact_sharing,32,330139,variance_estimation,139
0.1513375655241707,full_latent_coordinatewise,exact_sharing,32,330139,variance_estimation,139
0.03937753055747198,full_latent_pooled,exact_sharing,32,330139,variance_estimation,139
1.3464139049593806,qalt_pooled,alternating_variances,32,330139,variance_estimation,139
0.15049848931184204,full_latent_coordinatewise,alternating_variances,32,330139,variance_estimation,139
1.3464139049593806,full_latent_pooled,alternating_variances,32,330139,variance_estimation,139
0.0258532359892015,qalt_pooled,exact_sharing,32,330140,variance_estimation,140
0.23525123602502404,full_latent_coordinatewise,exact_sharing,32,330140,variance_estimation,140
0.0258532359892015,full_latent_pooled,exact_sharing,32,330140,variance_estimation,140
1.3881154814557213,qalt_pooled,alternating_variances,32,330140,variance_estimation,140
0.17082746348560768,full_latent_coordinatewise,alternating_variances,32,330140,variance_estimation,140
1.3881154814557213,full_latent_pooled,alternating_variances,32,330140,variance_estimation,140
0.017582359819483834,qalt_pooled,exact_sharing,32,330141,variance_estimation,141
0.1544401358011513,full_latent_coordinatewise,exact_sharing,32,330141,variance_estimation,141
0.017582359819483834,full_latent_pooled,exact_sharing,32,330141,variance_estimation,141
1.3388665394781563,qalt_pooled,alternating_variances,32,330141,variance_estimation,141
0.23718685817303306,full_latent_coordinatewise,alternating_variances,32,330141,variance_estimation,141
1.3388665394781563,full_latent_pooled,alternating_variances,32,330141,variance_estimation,141
0.05846890796157783,qalt_pooled,exact_sharing,32,330142,variance_estimation,142
0.21662411317774746,full_latent_coordinatewise,exact_sharing,32,330142,variance_estimation,142
0.05846890796157783,full_latent_pooled,exact_sharing,32,330142,variance_estimation,142
1.3503137450973108,qalt_pooled,alternating_variances,32,330142,variance_estimation,142
0.1146068002818952,full_latent_coordinatewise,alternating_variances,32,330142,variance_estimation,142
1.3503137450973108,full_latent_pooled,alternating_variances,32,330142,variance_estimation,142
0.02321848324204026,qalt_pooled,exact_sharing,32,330143,variance_estimation,143
0.1730018434724225,full_latent_coordinatewise,exact_sharing,32,330143,variance_estimation,143
0.02321848324204026,full_latent_pooled,exact_sharing,32,330143,variance_estimation,143
1.3405998477244006,qalt_pooled,alternating_variances,32,330143,variance_estimation,143
0.11911670700213907,full_latent_coordinatewise,alternating_variances,32,330143,variance_estimation,143
1.3405998477244006,full_latent_pooled,alternating_variances,32,330143,variance_estimation,143
0.04498557605921236,qalt_pooled,exact_sharing,32,330144,variance_estimation,144
0.22344648907624678,full_latent_coordinatewise,exact_sharing,32,330144,variance_estimation,144
0.04498557605921236,full_latent_pooled,exact_sharing,32,330144,variance_estimation,144
1.3388664318294716,qalt_pooled,alternating_variances,32,330144,variance_estimation,144
0.11191102773955927,full_latent_coordinatewise,alternating_variances,32,330144,variance_estimation,144
1.3388664318294716,full_latent_pooled,alternating_variances,32,330144,variance_estimation,144
0.001415139793747272,qalt_pooled,exact_sharing,32,330145,variance_estimation,145
0.1459257700011659,full_latent_coordinatewise,exact_sharing,32,330145,variance_estimation,145
0.001415139793747272,full_latent_pooled,exact_sharing,32,330145,variance_estimation,145
1.3552033053744388,qalt_pooled,alternating_variances,32,330145,variance_estimation,145
0.16979604668063583,full_latent_coordinatewise,alternating_variances,32,330145,variance_estimation,145
1.3552033053744388,full_latent_pooled,alternating_variances,32,330145,variance_estimation,145
0.030304520736346596,qalt_pooled,exact_sharing,32,330146,variance_estimation,146
0.25138574377054795,full_latent_coordinatewise,exact_sharing,32,330146,variance_estimation,146
0.030304520736346596,full_latent_pooled,exact_sharing,32,330146,variance_estimation,146
1.3584579677303772,qalt_pooled,alternating_variances,32,330146,variance_estimation,146
0.7009638281800799,full_latent_coordinatewise,alternating_variances,32,330146,variance_estimation,146
1.3584579677303772,full_latent_pooled,alternating_variances,32,330146,variance_estimation,146
0.018252724049371394,qalt_pooled,exact_sharing,32,330147,variance_estimation,147
0.09795632400104878,full_latent_coordinatewise,exact_sharing,32,330147,variance_estimation,147
0.018252724049371394,full_latent_pooled,exact_sharing,32,330147,variance_estimation,147
1.34526254891423,qalt_pooled,alternating_variances,32,330147,variance_estimation,147
0.19431834228129302,full_latent_coordinatewise,alternating_variances,32,330147,variance_estimation,147
1.34526254891423,full_latent_pooled,alternating_variances,32,330147,variance_estimation,147
0.0044118895276050035,qalt_pooled,exact_sharing,32,330148,variance_estimation,148
0.2761459536864201,full_latent_coordinatewise,exact_sharing,32,330148,variance_estimation,148
0.0044118895276050035,full_latent_pooled,exact_sharing,32,330148,variance_estimation,148
1.347702495999316,qalt_pooled,alternating_variances,32,330148,variance_estimation,148
0.16652405694406275,full_latent_coordinatewise,alternating_variances,32,330148,variance_estimation,148
1.347702495999316,full_latent_pooled,alternating_variances,32,330148,variance_estimation,148
0.09865915905591516,qalt_pooled,exact_sharing,32,330149,variance_estimation,149
0.26134683232910727,full_latent_coordinatewise,exact_sharing,32,330149,variance_estimation,149
0.09865915905591516,full_latent_pooled,exact_sharing,32,330149,variance_estimation,149
1.3428952080843168,qalt_pooled,alternating_variances,32,330149,variance_estimation,149
0.35305390559012334,full_latent_coordinatewise,alternating_variances,32,330149,variance_estimation,149
1.3428952080843168,full_latent_pooled,alternating_variances,32,330149,variance_estimation,149
0.00037748122245277044,qalt_pooled,exact_sharing,32,330150,variance_estimation,150
0.13021913486950487,full_latent_coordinatewise,exact_sharing,32,330150,variance_estimation,150
0.00037748122245277044,full_latent_pooled,exact_sharing,32,330150,variance_estimation,150
1.341844573003148,qalt_pooled,alternating_variances,32,330150,variance_estimation,150
0.15432984879488865,full_latent_coordinatewise,alternating_variances,32,330150,variance_estimation,150
1.341844573003148,full_latent_pooled,alternating_variances,32,330150,variance_estimation,150
2.424934177596913e-05,qalt_pooled,exact_sharing,32,330151,variance_estimation,151
0.11096327355509095,full_latent_coordinatewise,exact_sharing,32,330151,variance_estimation,151
2.424934177596913e-05,full_latent_pooled,exact_sharing,32,330151,variance_estimation,151
1.426056873741337,qalt_pooled,alternating_variances,32,330151,variance_estimation,151
0.24757650887724317,full_latent_coordinatewise,alternating_variances,32,330151,variance_estimation,151
1.426056873741337,full_latent_pooled,alternating_variances,32,330151,variance_estimation,151
0.00015143834161564403,qalt_pooled,exact_sharing,32,330152,variance_estimation,152
0.22561832127074755,full_latent_coordinatewise,exact_sharing,32,330152,variance_estimation,152
0.00015143834161564403,full_latent_pooled,exact_sharing,32,330152,variance_estimation,152
1.3392862694001426,qalt_pooled,alternating_variances,32,330152,variance_estimation,152
0.19038742140536652,full_latent_coordinatewise,alternating_variances,32,330152,variance_estimation,152
1.3392862694001426,full_latent_pooled,alternating_variances,32,330152,variance_estimation,152
0.0016297845727018534,qalt_pooled,exact_sharing,32,330153,variance_estimation,153
0.17343239275002065,full_latent_coordinatewise,exact_sharing,32,330153,variance_estimation,153
0.0016297845727018534,full_latent_pooled,exact_sharing,32,330153,variance_estimation,153
1.3390821195154845,qalt_pooled,alternating_variances,32,330153,variance_estimation,153
0.22162755267123788,full_latent_coordinatewise,alternating_variances,32,330153,variance_estimation,153
1.3390821195154845,full_latent_pooled,alternating_variances,32,330153,variance_estimation,153
0.0001935516589940886,qalt_pooled,exact_sharing,32,330154,variance_estimation,154
0.11675499563767727,full_latent_coordinatewise,exact_sharing,32,330154,variance_estimation,154
0.0001935516589940886,full_latent_pooled,exact_sharing,32,330154,variance_estimation,154
1.338908452952745,qalt_pooled,alternating_variances,32,330154,variance_estimation,154
0.16769017037172676,full_latent_coordinatewise,alternating_variances,32,330154,variance_estimation,154
1.338908452952745,full_latent_pooled,alternating_variances,32,330154,variance_estimation,154
0.005615057683258692,qalt_pooled,exact_sharing,32,330155,variance_estimation,155
0.2049448765138181,full_latent_coordinatewise,exact_sharing,32,330155,variance_estimation,155
0.005615057683258692,full_latent_pooled,exact_sharing,32,330155,variance_estimation,155
1.3787877565581084,qalt_pooled,alternating_variances,32,330155,variance_estimation,155
0.19497089606058146,full_latent_coordinatewise,alternating_variances,32,330155,variance_estimation,155
1.3787877565581084,full_latent_pooled,alternating_variances,32,330155,variance_estimation,155
0.001964825533850731,qalt_pooled,exact_sharing,32,330156,variance_estimation,156
0.29134650321461275,full_latent_coordinatewise,exact_sharing,32,330156,variance_estimation,156
0.001964825533850731,full_latent_pooled,exact_sharing,32,330156,variance_estimation,156
1.3390687070050686,qalt_pooled,alternating_variances,32,330156,variance_estimation,156
0.44766904389584683,full_latent_coordinatewise,alternating_variances,32,330156,variance_estimation,156
1.3390687070050686,full_latent_pooled,alternating_variances,32,330156,variance_estimation,156
0.0082747283973508,qalt_pooled,exact_sharing,32,330157,variance_estimation,157
0.14644993207722154,full_latent_coordinatewise,exact_sharing,32,330157,variance_estimation,157
0.0082747283973508,full_latent_pooled,exact_sharing,32,330157,variance_estimation,157
1.3389642511788848,qalt_pooled,alternating_variances,32,330157,variance_estimation,157
0.18444152853547643,full_latent_coordinatewise,alternating_variances,32,330157,variance_estimation,157
1.3389642511788848,full_latent_pooled,alternating_variances,32,330157,variance_estimation,157
0.0011287327511547776,qalt_pooled,exact_sharing,32,330158,variance_estimation,158
0.16340367775309908,full_latent_coordinatewise,exact_sharing,32,330158,variance_estimation,158
0.0011287327511547776,full_latent_pooled,exact_sharing,32,330158,variance_estimation,158
1.3505540472876583,qalt_pooled,alternating_variances,32,330158,variance_estimation,158
0.13885865729842675,full_latent_coordinatewise,alternating_variances,32,330158,variance_estimation,158
1.3505540472876583,full_latent_pooled,alternating_variances,32,330158,variance_estimation,158
1.880320012952099e-05,qalt_pooled,exact_sharing,32,330159,variance_estimation,159
0.10684037986599634,full_latent_coordinatewise,exact_sharing,32,330159,variance_estimation,159
1.880320012952099e-05,full_latent_pooled,exact_sharing,32,330159,variance_estimation,159
1.401585092896099,qalt_pooled,alternating_variances,32,330159,variance_estimation,159
0.28781903589223734,full_latent_coordinatewise,alternating_variances,32,330159,variance_estimation,159
1.401585092896099,full_latent_pooled,alternating_variances,32,330159,variance_estimation,159
0.0004243278350405423,qalt_pooled,exact_sharing,32,330160,variance_estimation,160
0.33704392407484296,full_latent_coordinatewise,exact_sharing,32,330160,variance_estimation,160
0.0004243278350405423,full_latent_pooled,exact_sharing,32,330160,variance_estimation,160
1.3824812110694211,qalt_pooled,alternating_variances,32,330160,variance_estimation,160
0.17804659650647703,full_latent_coordinatewise,alternating_variances,32,330160,variance_estimation,160
1.3824812110694211,full_latent_pooled,alternating_variances,32,330160,variance_estimation,160
0.11005811372057428,qalt_pooled,exact_sharing,32,330161,variance_estimation,161
0.2740683448470372,full_latent_coordinatewise,exact_sharing,32,330161,variance_estimation,161
0.11005811372057428,full_latent_pooled,exact_sharing,32,330161,variance_estimation,161
1.3517197102940879,qalt_pooled,alternating_variances,32,330161,variance_estimation,161
0.27800804509542837,full_latent_coordinatewise,alternating_variances,32,330161,variance_estimation,161
1.3517197102940879,full_latent_pooled,alternating_variances,32,330161,variance_estimation,161
0.010349416132198336,qalt_pooled,exact_sharing,32,330162,variance_estimation,162
0.22975323573549902,full_latent_coordinatewise,exact_sharing,32,330162,variance_estimation,162
0.010349416132198336,full_latent_pooled,exact_sharing,32,330162,variance_estimation,162
1.3392404424449418,qalt_pooled,alternating_variances,32,330162,variance_estimation,162
0.1462791001290249,full_latent_coordinatewise,alternating_variances,32,330162,variance_estimation,162
1.3392404424449418,full_latent_pooled,alternating_variances,32,330162,variance_estimation,162
0.016806653539069683,qalt_pooled,exact_sharing,32,330163,variance_estimation,163
0.17569166654771234,full_latent_coordinatewise,exact_sharing,32,330163,variance_estimation,163
0.016806653539069683,full_latent_pooled,exact_sharing,32,330163,variance_estimation,163
1.344242495549618,qalt_pooled,alternating_variances,32,330163,variance_estimation,163
0.12967263191291414,full_latent_coordinatewise,alternating_variances,32,330163,variance_estimation,163
1.344242495549618,full_latent_pooled,alternating_variances,32,330163,variance_estimation,163
0.07023081471935877,qalt_pooled,exact_sharing,32,330164,variance_estimation,164
0.24818128932131742,full_latent_coordinatewise,exact_sharing,32,330164,variance_estimation,164
0.07023081471935877,full_latent_pooled,exact_sharing,32,330164,variance_estimation,164
1.3389975118496367,qalt_pooled,alternating_variances,32,330164,variance_estimation,164
0.369435534918617,full_latent_coordinatewise,alternating_variances,32,330164,variance_estimation,164
1.3389975118496367,full_latent_pooled,alternating_variances,32,330164,variance_estimation,164
4.101918748410788e-05,qalt_pooled,exact_sharing,32,330165,variance_estimation,165
0.2302657127896594,full_latent_coordinatewise,exact_sharing,32,330165,variance_estimation,165
4.101918748410788e-05,full_latent_pooled,exact_sharing,32,330165,variance_estimation,165
1.3462233798358674,qalt_pooled,alternating_variances,32,330165,variance_estimation,165
0.26691204927121603,full_latent_coordinatewise,alternating_variances,32,330165,variance_estimation,165
1.3462233798358674,full_latent_pooled,alternating_variances,32,330165,variance_estimation,165
0.005534823649047782,qalt_pooled,exact_sharing,32,330166,variance_estimation,166
0.1685670927711918,full_latent_coordinatewise,exact_sharing,32,330166,variance_estimation,166
0.005534823649047782,full_latent_pooled,exact_sharing,32,330166,variance_estimation,166
1.385328720670178,qalt_pooled,alternating_variances,32,330166,variance_estimation,166
0.4983863220483815,full_latent_coordinatewise,alternating_variances,32,330166,variance_estimation,166
1.385328720670178,full_latent_pooled,alternating_variances,32,330166,variance_estimation,166
0.005451087449243844,qalt_pooled,exact_sharing,32,330167,variance_estimation,167
0.15261328874302788,full_latent_coordinatewise,exact_sharing,32,330167,variance_estimation,167
0.005451087449243844,full_latent_pooled,exact_sharing,32,330167,variance_estimation,167
1.3396191107194673,qalt_pooled,alternating_variances,32,330167,variance_estimation,167
0.15110505429882914,full_latent_coordinatewise,alternating_variances,32,330167,variance_estimation,167
1.3396191107194673,full_latent_pooled,alternating_variances,32,330167,variance_estimation,167
9.305357157791266e-05,qalt_pooled,exact_sharing,32,330168,variance_estimation,168
0.15936684850764446,full_latent_coordinatewise,exact_sharing,32,330168,variance_estimation,168
9.305357157791266e-05,full_latent_pooled,exact_sharing,32,330168,variance_estimation,168
1.3388659374093592,qalt_pooled,alternating_variances,32,330168,variance_estimation,168
0.14855104075600983,full_latent_coordinatewise,alternating_variances,32,330168,variance_estimation,168
1.3388659374093592,full_latent_pooled,alternating_variances,32,330168,variance_estimation,168
0.0013690050485968205,qalt_pooled,exact_sharing,32,330169,variance_estimation,169
0.22754511333243985,full_latent_coordinatewise,exact_sharing,32,330169,variance_estimation,169
0.0013690050485968205,full_latent_pooled,exact_sharing,32,330169,variance_estimation,169
1.347628634580967,qalt_pooled,alternating_variances,32,330169,variance_estimation,169
0.3098757808929192,full_latent_coordinatewise,alternating_variances,32,330169,variance_estimation,169
1.347628634580967,full_latent_pooled,alternating_variances,32,330169,variance_estimation,169
0.0008636548370132349,qalt_pooled,exact_sharing,32,330170,variance_estimation,170
0.15611622493617813,full_latent_coordinatewise,exact_sharing,32,330170,variance_estimation,170
0.0008636548370132349,full_latent_pooled,exact_sharing,32,330170,variance_estimation,170
1.3592156394461443,qalt_pooled,alternating_variances,32,330170,variance_estimation,170
0.19648349050142583,full_latent_coordinatewise,alternating_variances,32,330170,variance_estimation,170
1.3592156394461443,full_latent_pooled,alternating_variances,32,330170,variance_estimation,170
8.434999321106206e-07,qalt_pooled,exact_sharing,32,330171,variance_estimation,171
0.19020316004608423,full_latent_coordinatewise,exact_sharing,32,330171,variance_estimation,171
8.434999321106206e-07,full_latent_pooled,exact_sharing,32,330171,variance_estimation,171
1.3554992984264267,qalt_pooled,alternating_variances,32,330171,variance_estimation,171
0.286864685568635,full_latent_coordinatewise,alternating_variances,32,330171,variance_estimation,171
1.3554992984264267,full_latent_pooled,alternating_variances,32,330171,variance_estimation,171
0.006581017563941291,qalt_pooled,exact_sharing,32,330172,variance_estimation,172
0.27066595705896224,full_latent_coordinatewise,exact_sharing,32,330172,variance_estimation,172
0.006581017563941291,full_latent_pooled,exact_sharing,32,330172,variance_estimation,172
1.418838098104646,qalt_pooled,alternating_variances,32,330172,variance_estimation,172
0.2708246637893975,full_latent_coordinatewise,alternating_variances,32,330172,variance_estimation,172
1.418838098104646,full_latent_pooled,alternating_variances,32,330172,variance_estimation,172
0.0029601576290877937,qalt_pooled,exact_sharing,32,330173,variance_estimation,173
0.4295197323565536,full_latent_coordinatewise,exact_sharing,32,330173,variance_estimation,173
0.0029601576290877937,full_latent_pooled,exact_sharing,32,330173,variance_estimation,173
1.3426592526320347,qalt_pooled,alternating_variances,32,330173,variance_estimation,173
0.11499731838079852,full_latent_coordinatewise,alternating_variances,32,330173,variance_estimation,173
1.3426592526320347,full_latent_pooled,alternating_variances,32,330173,variance_estimation,173
0.010787395240456812,qalt_pooled,exact_sharing,32,330174,variance_estimation,174
0.19432074965320972,full_latent_coordinatewise,exact_sharing,32,330174,variance_estimation,174
0.010787395240456812,full_latent_pooled,exact_sharing,32,330174,variance_estimation,174
1.346330588063179,qalt_pooled,alternating_variances,32,330174,variance_estimation,174
0.12521485370877505,full_latent_coordinatewise,alternating_variances,32,330174,variance_estimation,174
1.346330588063179,full_latent_pooled,alternating_variances,32,330174,variance_estimation,174
0.0020702829585239543,qalt_pooled,exact_sharing,32,330175,variance_estimation,175
0.05962247878333497,full_latent_coordinatewise,exact_sharing,32,330175,variance_estimation,175
0.0020702829585239543,full_latent_pooled,exact_sharing,32,330175,variance_estimation,175
1.3388751681870472,qalt_pooled,alternating_variances,32,330175,variance_estimation,175
0.07520838575343101,full_latent_coordinatewise,alternating_variances,32,330175,variance_estimation,175
1.3388751681870472,full_latent_pooled,alternating_variances,32,330175,variance_estimation,175
0.017790804889357137,qalt_pooled,exact_sharing,32,330176,variance_estimation,176
0.1438249015435807,full_latent_coordinatewise,exact_sharing,32,330176,variance_estimation,176
0.017790804889357137,full_latent_pooled,exact_sharing,32,330176,variance_estimation,176
1.3403396833869161,qalt_pooled,alternating_variances,32,330176,variance_estimation,176
0.10080848958686645,full_latent_coordinatewise,alternating_variances,32,330176,variance_estimation,176
1.3403396833869161,full_latent_pooled,alternating_variances,32,330176,variance_estimation,176
0.006390769840933189,qalt_pooled,exact_sharing,32,330177,variance_estimation,177
0.2109821184306387,full_latent_coordinatewise,exact_sharing,32,330177,variance_estimation,177
0.006390769840933189,full_latent_pooled,exact_sharing,32,330177,variance_estimation,177
1.3732493321199044,qalt_pooled,alternating_variances,32,330177,variance_estimation,177
0.3885805680529892,full_latent_coordinatewise,alternating_variances,32,330177,variance_estimation,177
1.3732493321199044,full_latent_pooled,alternating_variances,32,330177,variance_estimation,177
0.07155778863012846,qalt_pooled,exact_sharing,32,330178,variance_estimation,178
0.28398086579760695,full_latent_coordinatewise,exact_sharing,32,330178,variance_estimation,178
0.07155778863012846,full_latent_pooled,exact_sharing,32,330178,variance_estimation,178
1.3764731127143122,qalt_pooled,alternating_variances,32,330178,variance_estimation,178
0.15622465774053673,full_latent_coordinatewise,alternating_variances,32,330178,variance_estimation,178
1.3764731127143122,full_latent_pooled,alternating_variances,32,330178,variance_estimation,178
0.041331940833999326,qalt_pooled,exact_sharing,32,330179,variance_estimation,179
0.2971895483600871,full_latent_coordinatewise,exact_sharing,32,330179,variance_estimation,179
0.041331940833999326,full_latent_pooled,exact_sharing,32,330179,variance_estimation,179
1.4759208999718243,qalt_pooled,alternating_variances,32,330179,variance_estimation,179
0.22814040825260629,full_latent_coordinatewise,alternating_variances,32,330179,variance_estimation,179
1.4759208999718243,full_latent_pooled,alternating_variances,32,330179,variance_estimation,179
0.03919414792963771,qalt_pooled,exact_sharing,32,330180,variance_estimation,180
0.37761542791722386,full_latent_coordinatewise,exact_sharing,32,330180,variance_estimation,180
0.03919414792963771,full_latent_pooled,exact_sharing,32,330180,variance_estimation,180
1.3682027454651347,qalt_pooled,alternating_variances,32,330180,variance_estimation,180
0.30132331465296197,full_latent_coordinatewise,alternating_variances,32,330180,variance_estimation,180
1.3682027454651347,full_latent_pooled,alternating_variances,32,330180,variance_estimation,180
0.014205849181228303,qalt_pooled,exact_sharing,32,330181,variance_estimation,181
0.21626729727789473,full_latent_coordinatewise,exact_sharing,32,330181,variance_estimation,181
0.014205849181228303,full_latent_pooled,exact_sharing,32,330181,variance_estimation,181
1.3500889022537257,qalt_pooled,alternating_variances,32,330181,variance_estimation,181
0.06561332203123238,full_latent_coordinatewise,alternating_variances,32,330181,variance_estimation,181
1.3500889022537257,full_latent_pooled,alternating_variances,32,330181,variance_estimation,181
0.006288639673858343,qalt_pooled,exact_sharing,32,330182,variance_estimation,182
0.06741921466115974,full_latent_coordinatewise,exact_sharing,32,330182,variance_estimation,182
0.006288639673858343,full_latent_pooled,exact_sharing,32,330182,variance_estimation,182
1.342024767307114,qalt_pooled,alternating_variances,32,330182,variance_estimation,182
0.33372383246595533,full_latent_coordinatewise,alternating_variances,32,330182,variance_estimation,182
1.342024767307114,full_latent_pooled,alternating_variances,32,330182,variance_estimation,182
0.005780197922350114,qalt_pooled,exact_sharing,32,330183,variance_estimation,183
0.2224535012508706,full_latent_coordinatewise,exact_sharing,32,330183,variance_estimation,183
0.005780197922350114,full_latent_pooled,exact_sharing,32,330183,variance_estimation,183
1.3488270300500387,qalt_pooled,alternating_variances,32,330183,variance_estimation,183
0.10047735487174425,full_latent_coordinatewise,alternating_variances,32,330183,variance_estimation,183
1.3488270300500387,full_latent_pooled,alternating_variances,32,330183,variance_estimation,183
0.004676897653564896,qalt_pooled,exact_sharing,32,330184,variance_estimation,184
0.21125405745450537,full_latent_coordinatewise,exact_sharing,32,330184,variance_estimation,184
0.004676897653564896,full_latent_pooled,exact_sharing,32,330184,variance_estimation,184
1.3431924337998267,qalt_pooled,alternating_variances,32,330184,variance_estimation,184
0.3102300608477253,full_latent_coordinatewise,alternating_variances,32,330184,variance_estimation,184
1.3431924337998267,full_latent_pooled,alternating_variances,32,330184,variance_estimation,184
0.0734659097483285,qalt_pooled,exact_sharing,32,330185,variance_estimation,185
0.2155212251667417,full_latent_coordinatewise,exact_sharing,32,330185,variance_estimation,185
0.0734659097483285,full_latent_pooled,exact_sharing,32,330185,variance_estimation,185
1.3390420556367402,qalt_pooled,alternating_variances,32,330185,variance_estimation,185
0.34390827257146417,full_latent_coordinatewise,alternating_variances,32,330185,variance_estimation,185
1.3390420556367402,full_latent_pooled,alternating_variances,32,330185,variance_estimation,185
0.004268056474494589,qalt_pooled,exact_sharing,32,330186,variance_estimation,186
0.2035752008545739,full_latent_coordinatewise,exact_sharing,32,330186,variance_estimation,186
0.004268056474494589,full_latent_pooled,exact_sharing,32,330186,variance_estimation,186
1.4942657415057399,qalt_pooled,alternating_variances,32,330186,variance_estimation,186
0.18492670607825734,full_latent_coordinatewise,alternating_variances,32,330186,variance_estimation,186
1.4942657415057399,full_latent_pooled,alternating_variances,32,330186,variance_estimation,186
0.10198095520832057,qalt_pooled,exact_sharing,32,330187,variance_estimation,187
0.3145747371769415,full_latent_coordinatewise,exact_sharing,32,330187,variance_estimation,187
0.10198095520832057,full_latent_pooled,exact_sharing,32,330187,variance_estimation,187
1.3701219729387573,qalt_pooled,alternating_variances,32,330187,variance_estimation,187
0.25448613058137587,full_latent_coordinatewise,alternating_variances,32,330187,variance_estimation,187
1.3701219729387573,full_latent_pooled,alternating_variances,32,330187,variance_estimation,187
0.020422187472458136,qalt_pooled,exact_sharing,32,330188,variance_estimation,188
0.26836083735312544,full_latent_coordinatewise,exact_sharing,32,330188,variance_estimation,188
0.020422187472458136,full_latent_pooled,exact_sharing,32,330188,variance_estimation,188
1.35486755225909,qalt_pooled,alternating_variances,32,330188,variance_estimation,188
0.37065587728214,full_latent_coordinatewise,alternating_variances,32,330188,variance_estimation,188
1.35486755225909,full_latent_pooled,alternating_variances,32,330188,variance_estimation,188
0.0071786708976809555,qalt_pooled,exact_sharing,32,330189,variance_estimation,189
0.13541134011823602,full_latent_coordinatewise,exact_sharing,32,330189,variance_estimation,189
0.0071786708976809555,full_latent_pooled,exact_sharing,32,330189,variance_estimation,189
1.387725611605862,qalt_pooled,alternating_variances,32,330189,variance_estimation,189
0.17599591399471798,full_latent_coordinatewise,alternating_variances,32,330189,variance_estimation,189
1.387725611605862,full_latent_pooled,alternating_variances,32,330189,variance_estimation,189
0.0005691348737416578,qalt_pooled,exact_sharing,32,330190,variance_estimation,190
0.15354311444016805,full_latent_coordinatewise,exact_sharing,32,330190,variance_estimation,190
0.0005691348737416578,full_latent_pooled,exact_sharing,32,330190,variance_estimation,190
1.338861552206016,qalt_pooled,alternating_variances,32,330190,variance_estimation,190
0.17083060537937195,full_latent_coordinatewise,alternating_variances,32,330190,variance_estimation,190
1.338861552206016,full_latent_pooled,alternating_variances,32,330190,variance_estimation,190
0.00790080407745987,qalt_pooled,exact_sharing,32,330191,variance_estimation,191
0.2009313914004001,full_latent_coordinatewise,exact_sharing,32,330191,variance_estimation,191
0.00790080407745987,full_latent_pooled,exact_sharing,32,330191,variance_estimation,191
1.376483780491984,qalt_pooled,alternating_variances,32,330191,variance_estimation,191
0.21632250794728758,full_latent_coordinatewise,alternating_variances,32,330191,variance_estimation,191
1.376483780491984,full_latent_pooled,alternating_variances,32,330191,variance_estimation,191
0.017645543314706164,qalt_pooled,exact_sharing,32,330192,variance_estimation,192
0.10831498859736882,full_latent_coordinatewise,exact_sharing,32,330192,variance_estimation,192
0.017645543314706164,full_latent_pooled,exact_sharing,32,330192,variance_estimation,192
1.3541540865820576,qalt_pooled,alternating_variances,32,330192,variance_estimation,192
0.1772243857589904,full_latent_coordinatewise,alternating_variances,32,330192,variance_estimation,192
1.3541540865820576,full_latent_pooled,alternating_variances,32,330192,variance_estimation,192
0.05665590377774227,qalt_pooled,exact_sharing,32,330193,variance_estimation,193
0.27797633038715286,full_latent_coordinatewise,exact_sharing,32,330193,variance_estimation,193
0.05665590377774227,full_latent_pooled,exact_sharing,32,330193,variance_estimation,193
1.4062696350624042,qalt_pooled,alternating_variances,32,330193,variance_estimation,193
0.3235005569646002,full_latent_coordinatewise,alternating_variances,32,330193,variance_estimation,193
1.4062696350624042,full_latent_pooled,alternating_variances,32,330193,variance_estimation,193
0.0017332098886993497,qalt_pooled,exact_sharing,32,330194,variance_estimation,194
0.18053867708785928,full_latent_coordinatewise,exact_sharing,32,330194,variance_estimation,194
0.0017332098886993497,full_latent_pooled,exact_sharing,32,330194,variance_estimation,194
1.355596742806087,qalt_pooled,alternating_variances,32,330194,variance_estimation,194
0.1347713450601088,full_latent_coordinatewise,alternating_variances,32,330194,variance_estimation,194
1.355596742806087,full_latent_pooled,alternating_variances,32,330194,variance_estimation,194
0.030208897173229415,qalt_pooled,exact_sharing,32,330195,variance_estimation,195
0.22638601250495594,full_latent_coordinatewise,exact_sharing,32,330195,variance_estimation,195
0.030208897173229415,full_latent_pooled,exact_sharing,32,330195,variance_estimation,195
1.3600919748745004,qalt_pooled,alternating_variances,32,330195,variance_estimation,195
0.19243274526633686,full_latent_coordinatewise,alternating_variances,32,330195,variance_estimation,195
1.3600919748745004,full_latent_pooled,alternating_variances,32,330195,variance_estimation,195
0.004263747862300396,qalt_pooled,exact_sharing,32,330196,variance_estimation,196
0.11513442170338825,full_latent_coordinatewise,exact_sharing,32,330196,variance_estimation,196
0.004263747862300396,full_latent_pooled,exact_sharing,32,330196,variance_estimation,196
1.3709515505567276,qalt_pooled,alternating_variances,32,330196,variance_estimation,196
0.30663407959564876,full_latent_coordinatewise,alternating_variances,32,330196,variance_estimation,196
1.3709515505567276,full_latent_pooled,alternating_variances,32,330196,variance_estimation,196
0.015721259806547982,qalt_pooled,exact_sharing,32,330197,variance_estimation,197
0.17246544313376974,full_latent_coordinatewise,exact_sharing,32,330197,variance_estimation,197
0.015721259806547982,full_latent_pooled,exact_sharing,32,330197,variance_estimation,197
1.344056817729103,qalt_pooled,alternating_variances,32,330197,variance_estimation,197
0.20991881211985838,full_latent_coordinatewise,alternating_variances,32,330197,variance_estimation,197
1.344056817729103,full_latent_pooled,alternating_variances,32,330197,variance_estimation,197
0.0030415723876326545,qalt_pooled,exact_sharing,32,330198,variance_estimation,198
0.13772488235818434,full_latent_coordinatewise,exact_sharing,32,330198,variance_estimation,198
0.0030415723876326545,full_latent_pooled,exact_sharing,32,330198,variance_estimation,198
1.345356415939093,qalt_pooled,alternating_variances,32,330198,variance_estimation,198
0.1563697869060352,full_latent_coordinatewise,alternating_variances,32,330198,variance_estimation,198
1.345356415939093,full_latent_pooled,alternating_variances,32,330198,variance_estimation,198
0.015386159436123481,qalt_pooled,exact_sharing,32,330199,variance_estimation,199
0.2691095330950779,full_latent_coordinatewise,exact_sharing,32,330199,variance_estimation,199
0.015386159436123481,full_latent_pooled,exact_sharing,32,330199,variance_estimation,199
1.3404627124103354,qalt_pooled,alternating_variances,32,330199,variance_estimation,199
0.26324907156527183,full_latent_coordinatewise,alternating_variances,32,330199,variance_estimation,199
1.3404627124103354,full_latent_pooled,alternating_variances,32,330199,variance_estimation,199
0.008474411679192495,qalt_pooled,exact_sharing,64,650000,variance_estimation,0
0.09520507405355977,full_latent_coordinatewise,exact_sharing,64,650000,variance_estimation,0
0.008474411679192495,full_latent_pooled,exact_sharing,64,650000,variance_estimation,0
1.3455084717825998,qalt_pooled,alternating_variances,64,650000,variance_estimation,0
0.14994250542279133,full_latent_coordinatewise,alternating_variances,64,650000,variance_estimation,0
1.3455084717825998,full_latent_pooled,alternating_variances,64,650000,variance_estimation,0
0.004725433721600281,qalt_pooled,exact_sharing,64,650001,variance_estimation,1
0.14374529992967242,full_latent_coordinatewise,exact_sharing,64,650001,variance_estimation,1
0.004725433721600281,full_latent_pooled,exact_sharing,64,650001,variance_estimation,1
1.3643282351545276,qalt_pooled,alternating_variances,64,650001,variance_estimation,1
0.05839160020564594,full_latent_coordinatewise,alternating_variances,64,650001,variance_estimation,1
1.3643282351545276,full_latent_pooled,alternating_variances,64,650001,variance_estimation,1
0.011981495899606981,qalt_pooled,exact_sharing,64,650002,variance_estimation,2
0.07858070632704633,full_latent_coordinatewise,exact_sharing,64,650002,variance_estimation,2
0.011981495899606981,full_latent_pooled,exact_sharing,64,650002,variance_estimation,2
1.3388742270153486,qalt_pooled,alternating_variances,64,650002,variance_estimation,2
0.046714180086969224,full_latent_coordinatewise,alternating_variances,64,650002,variance_estimation,2
1.3388742270153486,full_latent_pooled,alternating_variances,64,650002,variance_estimation,2
0.0002862872190591073,qalt_pooled,exact_sharing,64,650003,variance_estimation,3
0.10798971913653141,full_latent_coordinatewise,exact_sharing,64,650003,variance_estimation,3
0.0002862872190591073,full_latent_pooled,exact_sharing,64,650003,variance_estimation,3
1.339494209112542,qalt_pooled,alternating_variances,64,650003,variance_estimation,3
0.08634167595870847,full_latent_coordinatewise,alternating_variances,64,650003,variance_estimation,3
1.339494209112542,full_latent_pooled,alternating_variances,64,650003,variance_estimation,3
0.010699952027062865,qalt_pooled,exact_sharing,64,650004,variance_estimation,4
0.11690515506893906,full_latent_coordinatewise,exact_sharing,64,650004,variance_estimation,4
0.010699952027062865,full_latent_pooled,exact_sharing,64,650004,variance_estimation,4
1.35571264909243,qalt_pooled,alternating_variances,64,650004,variance_estimation,4
0.11963392052040882,full_latent_coordinatewise,alternating_variances,64,650004,variance_estimation,4
1.35571264909243,full_latent_pooled,alternating_variances,64,650004,variance_estimation,4
0.013384550483135277,qalt_pooled,exact_sharing,64,650005,variance_estimation,5
0.08561826865679238,full_latent_coordinatewise,exact_sharing,64,650005,variance_estimation,5
0.013384550483135277,full_latent_pooled,exact_sharing,64,650005,variance_estimation,5
1.3391080545247598,qalt_pooled,alternating_variances,64,650005,variance_estimation,5
0.08413478142925866,full_latent_coordinatewise,alternating_variances,64,650005,variance_estimation,5
1.3391080545247598,full_latent_pooled,alternating_variances,64,650005,variance_estimation,5
0.00037415799111882933,qalt_pooled,exact_sharing,64,650006,variance_estimation,6
0.06286227979375682,full_latent_coordinatewise,exact_sharing,64,650006,variance_estimation,6
0.00037415799111882933,full_latent_pooled,exact_sharing,64,650006,variance_estimation,6
1.3627689108037173,qalt_pooled,alternating_variances,64,650006,variance_estimation,6
0.10862672717914855,full_latent_coordinatewise,alternating_variances,64,650006,variance_estimation,6
1.3627689108037173,full_latent_pooled,alternating_variances,64,650006,variance_estimation,6
0.006788752532732492,qalt_pooled,exact_sharing,64,650007,variance_estimation,7
0.11516100235868847,full_latent_coordinatewise,exact_sharing,64,650007,variance_estimation,7
0.006788752532732492,full_latent_pooled,exact_sharing,64,650007,variance_estimation,7
1.3599671529464223,qalt_pooled,alternating_variances,64,650007,variance_estimation,7
0.12581819549197934,full_latent_coordinatewise,alternating_variances,64,650007,variance_estimation,7
1.3599671529464223,full_latent_pooled,alternating_variances,64,650007,variance_estimation,7
0.01862621921951063,qalt_pooled,exact_sharing,64,650008,variance_estimation,8
0.06360794112024884,full_latent_coordinatewise,exact_sharing,64,650008,variance_estimation,8
0.01862621921951063,full_latent_pooled,exact_sharing,64,650008,variance_estimation,8
1.342844337957548,qalt_pooled,alternating_variances,64,650008,variance_estimation,8
0.038119349600563346,full_latent_coordinatewise,alternating_variances,64,650008,variance_estimation,8
1.342844337957548,full_latent_pooled,alternating_variances,64,650008,variance_estimation,8
0.00012332378635099457,qalt_pooled,exact_sharing,64,650009,variance_estimation,9
0.052945832942874006,full_latent_coordinatewise,exact_sharing,64,650009,variance_estimation,9
0.00012332378635099457,full_latent_pooled,exact_sharing,64,650009,variance_estimation,9
1.3423256626003413,qalt_pooled,alternating_variances,64,650009,variance_estimation,9
0.06254614140212852,full_latent_coordinatewise,alternating_variances,64,650009,variance_estimation,9
1.3423256626003413,full_latent_pooled,alternating_variances,64,650009,variance_estimation,9
0.013616193656601244,qalt_pooled,exact_sharing,64,650010,variance_estimation,10
0.0872680570615645,full_latent_coordinatewise,exact_sharing,64,650010,variance_estimation,10
0.013616193656601244,full_latent_pooled,exact_sharing,64,650010,variance_estimation,10
1.3430516221848436,qalt_pooled,alternating_variances,64,650010,variance_estimation,10
0.10196742916334597,full_latent_coordinatewise,alternating_variances,64,650010,variance_estimation,10
1.3430516221848436,full_latent_pooled,alternating_variances,64,650010,variance_estimation,10
0.00450299800160868,qalt_pooled,exact_sharing,64,650011,variance_estimation,11
0.06095604488537336,full_latent_coordinatewise,exact_sharing,64,650011,variance_estimation,11
0.00450299800160868,full_latent_pooled,exact_sharing,64,650011,variance_estimation,11
1.338861310436945,qalt_pooled,alternating_variances,64,650011,variance_estimation,11
0.0937004463033427,full_latent_coordinatewise,alternating_variances,64,650011,variance_estimation,11
1.338861310436945,full_latent_pooled,alternating_variances,64,650011,variance_estimation,11
0.007057856310913588,qalt_pooled,exact_sharing,64,650012,variance_estimation,12
0.1295126565525498,full_latent_coordinatewise,exact_sharing,64,650012,variance_estimation,12
0.007057856310913588,full_latent_pooled,exact_sharing,64,650012,variance_estimation,12
1.3893187340265707,qalt_pooled,alternating_variances,64,650012,variance_estimation,12
0.14625753186817556,full_latent_coordinatewise,alternating_variances,64,650012,variance_estimation,12
1.3893187340265707,full_latent_pooled,alternating_variances,64,650012,variance_estimation,12
1.1117847193702502e-06,qalt_pooled,exact_sharing,64,650013,variance_estimation,13
0.1274011686511814,full_latent_coordinatewise,exact_sharing,64,650013,variance_estimation,13
1.1117847193702502e-06,full_latent_pooled,exact_sharing,64,650013,variance_estimation,13
1.348112019209054,qalt_pooled,alternating_variances,64,650013,variance_estimation,13
0.03250269148523516,full_latent_coordinatewise,alternating_variances,64,650013,variance_estimation,13
1.348112019209054,full_latent_pooled,alternating_variances,64,650013,variance_estimation,13
0.00015017802997705637,qalt_pooled,exact_sharing,64,650014,variance_estimation,14
0.04786769925717543,full_latent_coordinatewise,exact_sharing,64,650014,variance_estimation,14
0.00015017802997705637,full_latent_pooled,exact_sharing,64,650014,variance_estimation,14
1.3648204795849563,qalt_pooled,alternating_variances,64,650014,variance_estimation,14
0.12414052275584954,full_latent_coordinatewise,alternating_variances,64,650014,variance_estimation,14
1.3648204795849563,full_latent_pooled,alternating_variances,64,650014,variance_estimation,14
0.00036501786388440025,qalt_pooled,exact_sharing,64,650015,variance_estimation,15
0.11297607156266481,full_latent_coordinatewise,exact_sharing,64,650015,variance_estimation,15
0.00036501786388440025,full_latent_pooled,exact_sharing,64,650015,variance_estimation,15
1.3389930244938721,qalt_pooled,alternating_variances,64,650015,variance_estimation,15
0.07206906322380142,full_latent_coordinatewise,alternating_variances,64,650015,variance_estimation,15
1.3389930244938721,full_latent_pooled,alternating_variances,64,650015,variance_estimation,15
0.009227820401739181,qalt_pooled,exact_sharing,64,650016,variance_estimation,16
0.10450927943668842,full_latent_coordinatewise,exact_sharing,64,650016,variance_estimation,16
0.009227820401739181,full_latent_pooled,exact_sharing,64,650016,variance_estimation,16
1.3410951993413325,qalt_pooled,alternating_variances,64,650016,variance_estimation,16
0.052939642142374205,full_latent_coordinatewise,alternating_variances,64,650016,variance_estimation,16
1.3410951993413325,full_latent_pooled,alternating_variances,64,650016,variance_estimation,16
0.01729562644979002,qalt_pooled,exact_sharing,64,650017,variance_estimation,17
0.20709416381727574,full_latent_coordinatewise,exact_sharing,64,650017,variance_estimation,17
0.01729562644979002,full_latent_pooled,exact_sharing,64,650017,variance_estimation,17
1.3653766890068249,qalt_pooled,alternating_variances,64,650017,variance_estimation,17
0.20718211549146953,full_latent_coordinatewise,alternating_variances,64,650017,variance_estimation,17
1.3653766890068249,full_latent_pooled,alternating_variances,64,650017,variance_estimation,17
0.06884461042056284,qalt_pooled,exact_sharing,64,650018,variance_estimation,18
0.18374920042115353,full_latent_coordinatewise,exact_sharing,64,650018,variance_estimation,18
0.06884461042056284,full_latent_pooled,exact_sharing,64,650018,variance_estimation,18
1.3394637605851611,qalt_pooled,alternating_variances,64,650018,variance_estimation,18
0.15156404265480714,full_latent_coordinatewise,alternating_variances,64,650018,variance_estimation,18
1.3394637605851611,full_latent_pooled,alternating_variances,64,650018,variance_estimation,18
0.01188607580721282,qalt_pooled,exact_sharing,64,650019,variance_estimation,19
0.1796562298210883,full_latent_coordinatewise,exact_sharing,64,650019,variance_estimation,19
0.01188607580721282,full_latent_pooled,exact_sharing,64,650019,variance_estimation,19
1.3391956419626618,qalt_pooled,alternating_variances,64,650019,variance_estimation,19
0.15605722529088836,full_latent_coordinatewise,alternating_variances,64,650019,variance_estimation,19
1.3391956419626618,full_latent_pooled,alternating_variances,64,650019,variance_estimation,19
0.003735354753588327,qalt_pooled,exact_sharing,64,650020,variance_estimation,20
0.14189909376215495,full_latent_coordinatewise,exact_sharing,64,650020,variance_estimation,20
0.003735354753588327,full_latent_pooled,exact_sharing,64,650020,variance_estimation,20
1.3735735296233165,qalt_pooled,alternating_variances,64,650020,variance_estimation,20
0.10095987969973974,full_latent_coordinatewise,alternating_variances,64,650020,variance_estimation,20
1.3735735296233165,full_latent_pooled,alternating_variances,64,650020,variance_estimation,20
0.0031494446552427224,qalt_pooled,exact_sharing,64,650021,variance_estimation,21
0.07717573583057137,full_latent_coordinatewise,exact_sharing,64,650021,variance_estimation,21
0.0031494446552427224,full_latent_pooled,exact_sharing,64,650021,variance_estimation,21
1.340114124057697,qalt_pooled,alternating_variances,64,650021,variance_estimation,21
0.06430716658291397,full_latent_coordinatewise,alternating_variances,64,650021,variance_estimation,21
1.340114124057697,full_latent_pooled,alternating_variances,64,650021,variance_estimation,21
0.011647410363995248,qalt_pooled,exact_sharing,64,650022,variance_estimation,22
0.06515653704573787,full_latent_coordinatewise,exact_sharing,64,650022,variance_estimation,22
0.011647410363995248,full_latent_pooled,exact_sharing,64,650022,variance_estimation,22
1.3420614090601288,qalt_pooled,alternating_variances,64,650022,variance_estimation,22
0.0642361699901528,full_latent_coordinatewise,alternating_variances,64,650022,variance_estimation,22
1.3420614090601288,full_latent_pooled,alternating_variances,64,650022,variance_estimation,22
0.012439794577589397,qalt_pooled,exact_sharing,64,650023,variance_estimation,23
0.1396913257491298,full_latent_coordinatewise,exact_sharing,64,650023,variance_estimation,23
0.012439794577589397,full_latent_pooled,exact_sharing,64,650023,variance_estimation,23
1.339882103049713,qalt_pooled,alternating_variances,64,650023,variance_estimation,23
0.08497008679005649,full_latent_coordinatewise,alternating_variances,64,650023,variance_estimation,23
1.339882103049713,full_latent_pooled,alternating_variances,64,650023,variance_estimation,23
0.000355650726857934,qalt_pooled,exact_sharing,64,650024,variance_estimation,24
0.06446699667933398,full_latent_coordinatewise,exact_sharing,64,650024,variance_estimation,24
0.000355650726857934,full_latent_pooled,exact_sharing,64,650024,variance_estimation,24
1.3405492146619142,qalt_pooled,alternating_variances,64,650024,variance_estimation,24
0.17010845527950175,full_latent_coordinatewise,alternating_variances,64,650024,variance_estimation,24
1.3405492146619142,full_latent_pooled,alternating_variances,64,650024,variance_estimation,24
0.009077421045882855,qalt_pooled,exact_sharing,64,650025,variance_estimation,25
0.10126824068930419,full_latent_coordinatewise,exact_sharing,64,650025,variance_estimation,25
0.009077421045882855,full_latent_pooled,exact_sharing,64,650025,variance_estimation,25
1.3416110858180132,qalt_pooled,alternating_variances,64,650025,variance_estimation,25
0.10658576867211697,full_latent_coordinatewise,alternating_variances,64,650025,variance_estimation,25
1.3416110858180132,full_latent_pooled,alternating_variances,64,650025,variance_estimation,25
0.020803646231248307,qalt_pooled,exact_sharing,64,650026,variance_estimation,26
0.09991488879201262,full_latent_coordinatewise,exact_sharing,64,650026,variance_estimation,26
0.020803646231248307,full_latent_pooled,exact_sharing,64,650026,variance_estimation,26
1.347026401843988,qalt_pooled,alternating_variances,64,650026,variance_estimation,26
0.128105282704204,full_latent_coordinatewise,alternating_variances,64,650026,variance_estimation,26
1.347026401843988,full_latent_pooled,alternating_variances,64,650026,variance_estimation,26
0.028551406836787585,qalt_pooled,exact_sharing,64,650027,variance_estimation,27
0.1486459049728494,full_latent_coordinatewise,exact_sharing,64,650027,variance_estimation,27
0.028551406836787585,full_latent_pooled,exact_sharing,64,650027,variance_estimation,27
1.3388727902614057,qalt_pooled,alternating_variances,64,650027,variance_estimation,27
0.1393423899868074,full_latent_coordinatewise,alternating_variances,64,650027,variance_estimation,27
1.3388727902614057,full_latent_pooled,alternating_variances,64,650027,variance_estimation,27
0.0011821986767467582,qalt_pooled,exact_sharing,64,650028,variance_estimation,28
0.041191162361497564,full_latent_coordinatewise,exact_sharing,64,650028,variance_estimation,28
0.0011821986767467582,full_latent_pooled,exact_sharing,64,650028,variance_estimation,28
1.3388661837242066,qalt_pooled,alternating_variances,64,650028,variance_estimation,28
0.03590048275725363,full_latent_coordinatewise,alternating_variances,64,650028,variance_estimation,28
1.3388661837242066,full_latent_pooled,alternating_variances,64,650028,variance_estimation,28
0.025648657569156602,qalt_pooled,exact_sharing,64,650029,variance_estimation,29
0.1310751905038433,full_latent_coordinatewise,exact_sharing,64,650029,variance_estimation,29
0.025648657569156602,full_latent_pooled,exact_sharing,64,650029,variance_estimation,29
1.3471679205914682,qalt_pooled,alternating_variances,64,650029,variance_estimation,29
0.038552741410193554,full_latent_coordinatewise,alternating_variances,64,650029,variance_estimation,29
1.3471679205914682,full_latent_pooled,alternating_variances,64,650029,variance_estimation,29
0.00459041097123572,qalt_pooled,exact_sharing,64,650030,variance_estimation,30
0.04091973342693705,full_latent_coordinatewise,exact_sharing,64,650030,variance_estimation,30
0.00459041097123572,full_latent_pooled,exact_sharing,64,650030,variance_estimation,30
1.3389917724473661,qalt_pooled,alternating_variances,64,650030,variance_estimation,30
0.05026841154693074,full_latent_coordinatewise,alternating_variances,64,650030,variance_estimation,30
1.3389917724473661,full_latent_pooled,alternating_variances,64,650030,variance_estimation,30
0.016839657220416027,qalt_pooled,exact_sharing,64,650031,variance_estimation,31
0.17647757121937493,full_latent_coordinatewise,exact_sharing,64,650031,variance_estimation,31
0.016839657220416027,full_latent_pooled,exact_sharing,64,650031,variance_estimation,31
1.338881531796533,qalt_pooled,alternating_variances,64,650031,variance_estimation,31
0.06454576631490204,full_latent_coordinatewise,alternating_variances,64,650031,variance_estimation,31
1.338881531796533,full_latent_pooled,alternating_variances,64,650031,variance_estimation,31
0.0017296614368613808,qalt_pooled,exact_sharing,64,650032,variance_estimation,32
0.041618762962623033,full_latent_coordinatewise,exact_sharing,64,650032,variance_estimation,32
0.0017296614368613808,full_latent_pooled,exact_sharing,64,650032,variance_estimation,32
1.3398167198691102,qalt_pooled,alternating_variances,64,650032,variance_estimation,32
0.09025636211944013,full_latent_coordinatewise,alternating_variances,64,650032,variance_estimation,32
1.3398167198691102,full_latent_pooled,alternating_variances,64,650032,variance_estimation,32
0.0014048109839026462,qalt_pooled,exact_sharing,64,650033,variance_estimation,33
0.14712403494656343,full_latent_coordinatewise,exact_sharing,64,650033,variance_estimation,33
0.0014048109839026462,full_latent_pooled,exact_sharing,64,650033,variance_estimation,33
1.3413402756922352,qalt_pooled,alternating_variances,64,650033,variance_estimation,33
0.06371593994186511,full_latent_coordinatewise,alternating_variances,64,650033,variance_estimation,33
1.3413402756922352,full_latent_pooled,alternating_variances,64,650033,variance_estimation,33
0.0011684752393640238,qalt_pooled,exact_sharing,64,650034,variance_estimation,34
0.05644475506821975,full_latent_coordinatewise,exact_sharing,64,650034,variance_estimation,34
0.0011684752393640238,full_latent_pooled,exact_sharing,64,650034,variance_estimation,34
1.3591261546706959,qalt_pooled,alternating_variances,64,650034,variance_estimation,34
0.043712302022654914,full_latent_coordinatewise,alternating_variances,64,650034,variance_estimation,34
1.3591261546706959,full_latent_pooled,alternating_variances,64,650034,variance_estimation,34
0.006804671685920943,qalt_pooled,exact_sharing,64,650035,variance_estimation,35
0.09955848450687149,full_latent_coordinatewise,exact_sharing,64,650035,variance_estimation,35
0.006804671685920943,full_latent_pooled,exact_sharing,64,650035,variance_estimation,35
1.3389449734225638,qalt_pooled,alternating_variances,64,650035,variance_estimation,35
0.17395420357043323,full_latent_coordinatewise,alternating_variances,64,650035,variance_estimation,35
1.3389449734225638,full_latent_pooled,alternating_variances,64,650035,variance_estimation,35
0.003649576755058545,qalt_pooled,exact_sharing,64,650036,variance_estimation,36
0.11641305104541227,full_latent_coordinatewise,exact_sharing,64,650036,variance_estimation,36
0.003649576755058545,full_latent_pooled,exact_sharing,64,650036,variance_estimation,36
1.3420251457316505,qalt_pooled,alternating_variances,64,650036,variance_estimation,36
0.10886901707680713,full_latent_coordinatewise,alternating_variances,64,650036,variance_estimation,36
1.3420251457316505,full_latent_pooled,alternating_variances,64,650036,variance_estimation,36
0.014827037450566044,qalt_pooled,exact_sharing,64,650037,variance_estimation,37
0.18715273675281457,full_latent_coordinatewise,exact_sharing,64,650037,variance_estimation,37
0.014827037450566044,full_latent_pooled,exact_sharing,64,650037,variance_estimation,37
1.3621665969666747,qalt_pooled,alternating_variances,64,650037,variance_estimation,37
0.14204806250664348,full_latent_coordinatewise,alternating_variances,64,650037,variance_estimation,37
1.3621665969666747,full_latent_pooled,alternating_variances,64,650037,variance_estimation,37
0.02263662347501058,qalt_pooled,exact_sharing,64,650038,variance_estimation,38
0.10609169705049087,full_latent_coordinatewise,exact_sharing,64,650038,variance_estimation,38
0.02263662347501058,full_latent_pooled,exact_sharing,64,650038,variance_estimation,38
1.3434353646045853,qalt_pooled,alternating_variances,64,650038,variance_estimation,38
0.08670823626017574,full_latent_coordinatewise,alternating_variances,64,650038,variance_estimation,38
1.3434353646045853,full_latent_pooled,alternating_variances,64,650038,variance_estimation,38
0.00939176963686103,qalt_pooled,exact_sharing,64,650039,variance_estimation,39
0.07920643521533767,full_latent_coordinatewise,exact_sharing,64,650039,variance_estimation,39
0.00939176963686103,full_latent_pooled,exact_sharing,64,650039,variance_estimation,39
1.3503533529249134,qalt_pooled,alternating_variances,64,650039,variance_estimation,39
0.06175868890976745,full_latent_coordinatewise,alternating_variances,64,650039,variance_estimation,39
1.3503533529249134,full_latent_pooled,alternating_variances,64,650039,variance_estimation,39
0.013155806997104225,qalt_pooled,exact_sharing,64,650040,variance_estimation,40
0.11536183445474515,full_latent_coordinatewise,exact_sharing,64,650040,variance_estimation,40
0.013155806997104225,full_latent_pooled,exact_sharing,64,650040,variance_estimation,40
1.3532309936780802,qalt_pooled,alternating_variances,64,650040,variance_estimation,40
0.06612877339437913,full_latent_coordinatewise,alternating_variances,64,650040,variance_estimation,40
1.3532309936780802,full_latent_pooled,alternating_variances,64,650040,variance_estimation,40
3.647700295239965e-05,qalt_pooled,exact_sharing,64,650041,variance_estimation,41
0.10506916690602561,full_latent_coordinatewise,exact_sharing,64,650041,variance_estimation,41
3.647700295239965e-05,full_latent_pooled,exact_sharing,64,650041,variance_estimation,41
1.3388864807069574,qalt_pooled,alternating_variances,64,650041,variance_estimation,41
0.06921294486015676,full_latent_coordinatewise,alternating_variances,64,650041,variance_estimation,41
1.3388864807069574,full_latent_pooled,alternating_variances,64,650041,variance_estimation,41
0.010136486304458417,qalt_pooled,exact_sharing,64,650042,variance_estimation,42
0.13334411000848484,full_latent_coordinatewise,exact_sharing,64,650042,variance_estimation,42
0.010136486304458417,full_latent_pooled,exact_sharing,64,650042,variance_estimation,42
1.365019117933224,qalt_pooled,alternating_variances,64,650042,variance_estimation,42
0.10532428264702198,full_latent_coordinatewise,alternating_variances,64,650042,variance_estimation,42
1.365019117933224,full_latent_pooled,alternating_variances,64,650042,variance_estimation,42
0.03189684311349511,qalt_pooled,exact_sharing,64,650043,variance_estimation,43
0.08702884574283197,full_latent_coordinatewise,exact_sharing,64,650043,variance_estimation,43
0.03189684311349511,full_latent_pooled,exact_sharing,64,650043,variance_estimation,43
1.3451247055388524,qalt_pooled,alternating_variances,64,650043,variance_estimation,43
0.04648067505747899,full_latent_coordinatewise,alternating_variances,64,650043,variance_estimation,43
1.3451247055388524,full_latent_pooled,alternating_variances,64,650043,variance_estimation,43
0.026503010224004725,qalt_pooled,exact_sharing,64,650044,variance_estimation,44
0.05188152898095952,full_latent_coordinatewise,exact_sharing,64,650044,variance_estimation,44
0.026503010224004725,full_latent_pooled,exact_sharing,64,650044,variance_estimation,44
1.33985331613969,qalt_pooled,alternating_variances,64,650044,variance_estimation,44
0.08569048040154778,full_latent_coordinatewise,alternating_variances,64,650044,variance_estimation,44
1.33985331613969,full_latent_pooled,alternating_variances,64,650044,variance_estimation,44
0.0017013298099553611,qalt_pooled,exact_sharing,64,650045,variance_estimation,45
0.0770609808881939,full_latent_coordinatewise,exact_sharing,64,650045,variance_estimation,45
0.0017013298099553611,full_latent_pooled,exact_sharing,64,650045,variance_estimation,45
1.3434389134447824,qalt_pooled,alternating_variances,64,650045,variance_estimation,45
0.11231926196069675,full_latent_coordinatewise,alternating_variances,64,650045,variance_estimation,45
1.3434389134447824,full_latent_pooled,alternating_variances,64,650045,variance_estimation,45
0.0005946921403548744,qalt_pooled,exact_sharing,64,650046,variance_estimation,46
0.18992077641790403,full_latent_coordinatewise,exact_sharing,64,650046,variance_estimation,46
0.0005946921403548744,full_latent_pooled,exact_sharing,64,650046,variance_estimation,46
1.3408525235584325,qalt_pooled,alternating_variances,64,650046,variance_estimation,46
0.07502610457112303,full_latent_coordinatewise,alternating_variances,64,650046,variance_estimation,46
1.3408525235584325,full_latent_pooled,alternating_variances,64,650046,variance_estimation,46
0.005871594922395598,qalt_pooled,exact_sharing,64,650047,variance_estimation,47
0.12039931434328806,full_latent_coordinatewise,exact_sharing,64,650047,variance_estimation,47
0.005871594922395598,full_latent_pooled,exact_sharing,64,650047,variance_estimation,47
1.374358608645585,qalt_pooled,alternating_variances,64,650047,variance_estimation,47
0.18157098025093335,full_latent_coordinatewise,alternating_variances,64,650047,variance_estimation,47
1.374358608645585,full_latent_pooled,alternating_variances,64,650047,variance_estimation,47
0.017728674688503865,qalt_pooled,exact_sharing,64,650048,variance_estimation,48
0.1942026015651579,full_latent_coordinatewise,exact_sharing,64,650048,variance_estimation,48
0.017728674688503865,full_latent_pooled,exact_sharing,64,650048,variance_estimation,48
1.3494843502926832,qalt_pooled,alternating_variances,64,650048,variance_estimation,48
0.06447022330279867,full_latent_coordinatewise,alternating_variances,64,650048,variance_estimation,48
1.3494843502926832,full_latent_pooled,alternating_variances,64,650048,variance_estimation,48
0.0017023457390107216,qalt_pooled,exact_sharing,64,650049,variance_estimation,49
0.07633283139983636,full_latent_coordinatewise,exact_sharing,64,650049,variance_estimation,49
0.0017023457390107216,full_latent_pooled,exact_sharing,64,650049,variance_estimation,49
1.3828106800836806,qalt_pooled,alternating_variances,64,650049,variance_estimation,49
0.0885203311457195,full_latent_coordinatewise,alternating_variances,64,650049,variance_estimation,49
1.3828106800836806,full_latent_pooled,alternating_variances,64,650049,variance_estimation,49
0.00224994045979484,qalt_pooled,exact_sharing,64,650050,variance_estimation,50
0.07788017234848503,full_latent_coordinatewise,exact_sharing,64,650050,variance_estimation,50
0.00224994045979484,full_latent_pooled,exact_sharing,64,650050,variance_estimation,50
1.358170873159175,qalt_pooled,alternating_variances,64,650050,variance_estimation,50
0.11237756334267926,full_latent_coordinatewise,alternating_variances,64,650050,variance_estimation,50
1.358170873159175,full_latent_pooled,alternating_variances,64,650050,variance_estimation,50
0.01590632532507788,qalt_pooled,exact_sharing,64,650051,variance_estimation,51
0.11399402969037334,full_latent_coordinatewise,exact_sharing,64,650051,variance_estimation,51
0.01590632532507788,full_latent_pooled,exact_sharing,64,650051,variance_estimation,51
1.341305880975213,qalt_pooled,alternating_variances,64,650051,variance_estimation,51
0.07754502629037796,full_latent_coordinatewise,alternating_variances,64,650051,variance_estimation,51
1.341305880975213,full_latent_pooled,alternating_variances,64,650051,variance_estimation,51
0.000496312845038354,qalt_pooled,exact_sharing,64,650052,variance_estimation,52
0.10755026480118474,full_latent_coordinatewise,exact_sharing,64,650052,variance_estimation,52
0.000496312845038354,full_latent_pooled,exact_sharing,64,650052,variance_estimation,52
1.3418000523458864,qalt_pooled,alternating_variances,64,650052,variance_estimation,52
0.06219383734005256,full_latent_coordinatewise,alternating_variances,64,650052,variance_estimation,52
1.3418000523458864,full_latent_pooled,alternating_variances,64,650052,variance_estimation,52
0.0015233923530219781,qalt_pooled,exact_sharing,64,650053,variance_estimation,53
0.0992438501570482,full_latent_coordinatewise,exact_sharing,64,650053,variance_estimation,53
0.0015233923530219781,full_latent_pooled,exact_sharing,64,650053,variance_estimation,53
1.3549974563824365,qalt_pooled,alternating_variances,64,650053,variance_estimation,53
0.0892732408642692,full_latent_coordinatewise,alternating_variances,64,650053,variance_estimation,53
1.3549974563824365,full_latent_pooled,alternating_variances,64,650053,variance_estimation,53
0.05435271964011762,qalt_pooled,exact_sharing,64,650054,variance_estimation,54
0.10318694903138904,full_latent_coordinatewise,exact_sharing,64,650054,variance_estimation,54
0.05435271964011762,full_latent_pooled,exact_sharing,64,650054,variance_estimation,54
1.3394683457437997,qalt_pooled,alternating_variances,64,650054,variance_estimation,54
0.04560412086075797,full_latent_coordinatewise,alternating_variances,64,650054,variance_estimation,54
1.3394683457437997,full_latent_pooled,alternating_variances,64,650054,variance_estimation,54
0.004067614531304192,qalt_pooled,exact_sharing,64,650055,variance_estimation,55
0.06818359430005243,full_latent_coordinatewise,exact_sharing,64,650055,variance_estimation,55
0.004067614531304192,full_latent_pooled,exact_sharing,64,650055,variance_estimation,55
1.3436040271274983,qalt_pooled,alternating_variances,64,650055,variance_estimation,55
0.018339349387551426,full_latent_coordinatewise,alternating_variances,64,650055,variance_estimation,55
1.3436040271274983,full_latent_pooled,alternating_variances,64,650055,variance_estimation,55
0.004957720011336819,qalt_pooled,exact_sharing,64,650056,variance_estimation,56
0.055394726148321784,full_latent_coordinatewise,exact_sharing,64,650056,variance_estimation,56
0.004957720011336819,full_latent_pooled,exact_sharing,64,650056,variance_estimation,56
1.3503279235483263,qalt_pooled,alternating_variances,64,650056,variance_estimation,56
0.11063103864697243,full_latent_coordinatewise,alternating_variances,64,650056,variance_estimation,56
1.3503279235483263,full_latent_pooled,alternating_variances,64,650056,variance_estimation,56
0.00030477766753900584,qalt_pooled,exact_sharing,64,650057,variance_estimation,57
0.03687353482508968,full_latent_coordinatewise,exact_sharing,64,650057,variance_estimation,57
0.00030477766753900584,full_latent_pooled,exact_sharing,64,650057,variance_estimation,57
1.3421905817191004,qalt_pooled,alternating_variances,64,650057,variance_estimation,57
0.11031942060646578,full_latent_coordinatewise,alternating_variances,64,650057,variance_estimation,57
1.3421905817191004,full_latent_pooled,alternating_variances,64,650057,variance_estimation,57
0.004526079718393278,qalt_pooled,exact_sharing,64,650058,variance_estimation,58
0.10604188517594772,full_latent_coordinatewise,exact_sharing,64,650058,variance_estimation,58
0.004526079718393278,full_latent_pooled,exact_sharing,64,650058,variance_estimation,58
1.342136596000948,qalt_pooled,alternating_variances,64,650058,variance_estimation,58
0.04258090552869652,full_latent_coordinatewise,alternating_variances,64,650058,variance_estimation,58
1.342136596000948,full_latent_pooled,alternating_variances,64,650058,variance_estimation,58
0.0018203191041730599,qalt_pooled,exact_sharing,64,650059,variance_estimation,59
0.10051293394402014,full_latent_coordinatewise,exact_sharing,64,650059,variance_estimation,59
0.0018203191041730599,full_latent_pooled,exact_sharing,64,650059,variance_estimation,59
1.3626179524195354,qalt_pooled,alternating_variances,64,650059,variance_estimation,59
0.07475407761020078,full_latent_coordinatewise,alternating_variances,64,650059,variance_estimation,59
1.3626179524195354,full_latent_pooled,alternating_variances,64,650059,variance_estimation,59
0.00525689781866176,qalt_pooled,exact_sharing,64,650060,variance_estimation,60
0.05877852045610622,full_latent_coordinatewise,exact_sharing,64,650060,variance_estimation,60
0.00525689781866176,full_latent_pooled,exact_sharing,64,650060,variance_estimation,60
1.3405717630053064,qalt_pooled,alternating_variances,64,650060,variance_estimation,60
0.06601180762091799,full_latent_coordinatewise,alternating_variances,64,650060,variance_estimation,60
1.3405717630053064,full_latent_pooled,alternating_variances,64,650060,variance_estimation,60
0.004977990309403504,qalt_pooled,exact_sharing,64,650061,variance_estimation,61
0.13655685019060188,full_latent_coordinatewise,exact_sharing,64,650061,variance_estimation,61
0.004977990309403504,full_latent_pooled,exact_sharing,64,650061,variance_estimation,61
1.341069582241496,qalt_pooled,alternating_variances,64,650061,variance_estimation,61
0.0666004619850582,full_latent_coordinatewise,alternating_variances,64,650061,variance_estimation,61
1.341069582241496,full_latent_pooled,alternating_variances,64,650061,variance_estimation,61
0.013087748776987485,qalt_pooled,exact_sharing,64,650062,variance_estimation,62
0.05763511996911506,full_latent_coordinatewise,exact_sharing,64,650062,variance_estimation,62
0.013087748776987485,full_latent_pooled,exact_sharing,64,650062,variance_estimation,62
1.3441297920000623,qalt_pooled,alternating_variances,64,650062,variance_estimation,62
0.0982140659653076,full_latent_coordinatewise,alternating_variances,64,650062,variance_estimation,62
1.3441297920000623,full_latent_pooled,alternating_variances,64,650062,variance_estimation,62
0.0022661451857743514,qalt_pooled,exact_sharing,64,650063,variance_estimation,63
0.039670304850887655,full_latent_coordinatewise,exact_sharing,64,650063,variance_estimation,63
0.0022661451857743514,full_latent_pooled,exact_sharing,64,650063,variance_estimation,63
1.3392804294529566,qalt_pooled,alternating_variances,64,650063,variance_estimation,63
0.07444314637714436,full_latent_coordinatewise,alternating_variances,64,650063,variance_estimation,63
1.3392804294529566,full_latent_pooled,alternating_variances,64,650063,variance_estimation,63
0.0010912297004717422,qalt_pooled,exact_sharing,64,650064,variance_estimation,64
0.07828691521263746,full_latent_coordinatewise,exact_sharing,64,650064,variance_estimation,64
0.0010912297004717422,full_latent_pooled,exact_sharing,64,650064,variance_estimation,64
1.3533858072357208,qalt_pooled,alternating_variances,64,650064,variance_estimation,64
0.16846686566531066,full_latent_coordinatewise,alternating_variances,64,650064,variance_estimation,64
1.3533858072357208,full_latent_pooled,alternating_variances,64,650064,variance_estimation,64
0.010364602097032632,qalt_pooled,exact_sharing,64,650065,variance_estimation,65
0.07475221868872578,full_latent_coordinatewise,exact_sharing,64,650065,variance_estimation,65
0.010364602097032632,full_latent_pooled,exact_sharing,64,650065,variance_estimation,65
1.3392311643445765,qalt_pooled,alternating_variances,64,650065,variance_estimation,65
0.04094524878359766,full_latent_coordinatewise,alternating_variances,64,650065,variance_estimation,65
1.3392311643445765,full_latent_pooled,alternating_variances,64,650065,variance_estimation,65
0.002293978340271896,qalt_pooled,exact_sharing,64,650066,variance_estimation,66
0.14945764039825982,full_latent_coordinatewise,exact_sharing,64,650066,variance_estimation,66
0.002293978340271896,full_latent_pooled,exact_sharing,64,650066,variance_estimation,66
1.35925050487864,qalt_pooled,alternating_variances,64,650066,variance_estimation,66
0.0789883473896488,full_latent_coordinatewise,alternating_variances,64,650066,variance_estimation,66
1.35925050487864,full_latent_pooled,alternating_variances,64,650066,variance_estimation,66
0.002014448160057282,qalt_pooled,exact_sharing,64,650067,variance_estimation,67
0.10058117345129726,full_latent_coordinatewise,exact_sharing,64,650067,variance_estimation,67
0.002014448160057282,full_latent_pooled,exact_sharing,64,650067,variance_estimation,67
1.3420119805306985,qalt_pooled,alternating_variances,64,650067,variance_estimation,67
0.07530975170382452,full_latent_coordinatewise,alternating_variances,64,650067,variance_estimation,67
1.3420119805306985,full_latent_pooled,alternating_variances,64,650067,variance_estimation,67
0.03505665102782321,qalt_pooled,exact_sharing,64,650068,variance_estimation,68
0.10464608725881877,full_latent_coordinatewise,exact_sharing,64,650068,variance_estimation,68
0.03505665102782321,full_latent_pooled,exact_sharing,64,650068,variance_estimation,68
1.3870535365786885,qalt_pooled,alternating_variances,64,650068,variance_estimation,68
0.13012472117497048,full_latent_coordinatewise,alternating_variances,64,650068,variance_estimation,68
1.3870535365786885,full_latent_pooled,alternating_variances,64,650068,variance_estimation,68
0.01803458594908161,qalt_pooled,exact_sharing,64,650069,variance_estimation,69
0.06523821315740025,full_latent_coordinatewise,exact_sharing,64,650069,variance_estimation,69
0.01803458594908161,full_latent_pooled,exact_sharing,64,650069,variance_estimation,69
1.3416482853330778,qalt_pooled,alternating_variances,64,650069,variance_estimation,69
0.11239610647592571,full_latent_coordinatewise,alternating_variances,64,650069,variance_estimation,69
1.3416482853330778,full_latent_pooled,alternating_variances,64,650069,variance_estimation,69
0.0024561947919106916,qalt_pooled,exact_sharing,64,650070,variance_estimation,70
0.10310702084261456,full_latent_coordinatewise,exact_sharing,64,650070,variance_estimation,70
0.0024561947919106916,full_latent_pooled,exact_sharing,64,650070,variance_estimation,70
1.3410443986987897,qalt_pooled,alternating_variances,64,650070,variance_estimation,70
0.08550908511946645,full_latent_coordinatewise,alternating_variances,64,650070,variance_estimation,70
1.3410443986987897,full_latent_pooled,alternating_variances,64,650070,variance_estimation,70
0.01063624333693193,qalt_pooled,exact_sharing,64,650071,variance_estimation,71
0.08423968021638428,full_latent_coordinatewise,exact_sharing,64,650071,variance_estimation,71
0.01063624333693193,full_latent_pooled,exact_sharing,64,650071,variance_estimation,71
1.3402082829148283,qalt_pooled,alternating_variances,64,650071,variance_estimation,71
0.11439109822010668,full_latent_coordinatewise,alternating_variances,64,650071,variance_estimation,71
1.3402082829148283,full_latent_pooled,alternating_variances,64,650071,variance_estimation,71
0.0009826498554901045,qalt_pooled,exact_sharing,64,650072,variance_estimation,72
0.09623337467163684,full_latent_coordinatewise,exact_sharing,64,650072,variance_estimation,72
0.0009826498554901045,full_latent_pooled,exact_sharing,64,650072,variance_estimation,72
1.343675922197936,qalt_pooled,alternating_variances,64,650072,variance_estimation,72
0.14312825431937007,full_latent_coordinatewise,alternating_variances,64,650072,variance_estimation,72
1.343675922197936,full_latent_pooled,alternating_variances,64,650072,variance_estimation,72
0.004798270298060209,qalt_pooled,exact_sharing,64,650073,variance_estimation,73
0.24261881407110913,full_latent_coordinatewise,exact_sharing,64,650073,variance_estimation,73
0.004798270298060209,full_latent_pooled,exact_sharing,64,650073,variance_estimation,73
1.3838223560848966,qalt_pooled,alternating_variances,64,650073,variance_estimation,73
0.18878086414501183,full_latent_coordinatewise,alternating_variances,64,650073,variance_estimation,73
1.3838223560848966,full_latent_pooled,alternating_variances,64,650073,variance_estimation,73
0.015365692803183562,qalt_pooled,exact_sharing,64,650074,variance_estimation,74
0.0918371891640135,full_latent_coordinatewise,exact_sharing,64,650074,variance_estimation,74
0.015365692803183562,full_latent_pooled,exact_sharing,64,650074,variance_estimation,74
1.3413139846715991,qalt_pooled,alternating_variances,64,650074,variance_estimation,74
0.12219708595293935,full_latent_coordinatewise,alternating_variances,64,650074,variance_estimation,74
1.3413139846715991,full_latent_pooled,alternating_variances,64,650074,variance_estimation,74
0.002531551843225531,qalt_pooled,exact_sharing,64,650075,variance_estimation,75
0.11067976042725271,full_latent_coordinatewise,exact_sharing,64,650075,variance_estimation,75
0.002531551843225531,full_latent_pooled,exact_sharing,64,650075,variance_estimation,75
1.389155984953033,qalt_pooled,alternating_variances,64,650075,variance_estimation,75
0.11391561119481008,full_latent_coordinatewise,alternating_variances,64,650075,variance_estimation,75
1.389155984953033,full_latent_pooled,alternating_variances,64,650075,variance_estimation,75
0.0004220502956543623,qalt_pooled,exact_sharing,64,650076,variance_estimation,76
0.23902630156129262,full_latent_coordinatewise,exact_sharing,64,650076,variance_estimation,76
0.0004220502956543623,full_latent_pooled,exact_sharing,64,650076,variance_estimation,76
1.344357379345761,qalt_pooled,alternating_variances,64,650076,variance_estimation,76
0.13672287908786954,full_latent_coordinatewise,alternating_variances,64,650076,variance_estimation,76
1.344357379345761,full_latent_pooled,alternating_variances,64,650076,variance_estimation,76
0.002363442522896615,qalt_pooled,exact_sharing,64,650077,variance_estimation,77
0.11681822598033208,full_latent_coordinatewise,exact_sharing,64,650077,variance_estimation,77
0.002363442522896615,full_latent_pooled,exact_sharing,64,650077,variance_estimation,77
1.3396221070798948,qalt_pooled,alternating_variances,64,650077,variance_estimation,77
0.158045882278733,full_latent_coordinatewise,alternating_variances,64,650077,variance_estimation,77
1.3396221070798948,full_latent_pooled,alternating_variances,64,650077,variance_estimation,77
0.0038679319416857344,qalt_pooled,exact_sharing,64,650078,variance_estimation,78
0.0695150593605482,full_latent_coordinatewise,exact_sharing,64,650078,variance_estimation,78
0.0038679319416857344,full_latent_pooled,exact_sharing,64,650078,variance_estimation,78
1.3706930233349106,qalt_pooled,alternating_variances,64,650078,variance_estimation,78
0.17074795194625808,full_latent_coordinatewise,alternating_variances,64,650078,variance_estimation,78
1.3706930233349106,full_latent_pooled,alternating_variances,64,650078,variance_estimation,78
0.0017236916340638841,qalt_pooled,exact_sharing,64,650079,variance_estimation,79
0.02853734960431193,full_latent_coordinatewise,exact_sharing,64,650079,variance_estimation,79
0.0017236916340638841,full_latent_pooled,exact_sharing,64,650079,variance_estimation,79
1.3460153359889289,qalt_pooled,alternating_variances,64,650079,variance_estimation,79
0.184332232897951,full_latent_coordinatewise,alternating_variances,64,650079,variance_estimation,79
1.3460153359889289,full_latent_pooled,alternating_variances,64,650079,variance_estimation,79
0.004155317995610128,qalt_pooled,exact_sharing,64,650080,variance_estimation,80
0.159031216066322,full_latent_coordinatewise,exact_sharing,64,650080,variance_estimation,80
0.004155317995610128,full_latent_pooled,exact_sharing,64,650080,variance_estimation,80
1.339880101283771,qalt_pooled,alternating_variances,64,650080,variance_estimation,80
0.09094680829014515,full_latent_coordinatewise,alternating_variances,64,650080,variance_estimation,80
1.339880101283771,full_latent_pooled,alternating_variances,64,650080,variance_estimation,80
0.00046026078328147493,qalt_pooled,exact_sharing,64,650081,variance_estimation,81
0.09290617752256264,full_latent_coordinatewise,exact_sharing,64,650081,variance_estimation,81
0.00046026078328147493,full_latent_pooled,exact_sharing,64,650081,variance_estimation,81
1.3609517982312884,qalt_pooled,alternating_variances,64,650081,variance_estimation,81
0.11001489837231546,full_latent_coordinatewise,alternating_variances,64,650081,variance_estimation,81
1.3609517982312884,full_latent_pooled,alternating_variances,64,650081,variance_estimation,81
0.0042593183467608264,qalt_pooled,exact_sharing,64,650082,variance_estimation,82
0.09854298323487955,full_latent_coordinatewise,exact_sharing,64,650082,variance_estimation,82
0.0042593183467608264,full_latent_pooled,exact_sharing,64,650082,variance_estimation,82
1.3737235218757116,qalt_pooled,alternating_variances,64,650082,variance_estimation,82
0.2778737920942978,full_latent_coordinatewise,alternating_variances,64,650082,variance_estimation,82
1.3737235218757116,full_latent_pooled,alternating_variances,64,650082,variance_estimation,82
0.02090429736044927,qalt_pooled,exact_sharing,64,650083,variance_estimation,83
0.05505683223928843,full_latent_coordinatewise,exact_sharing,64,650083,variance_estimation,83
0.02090429736044927,full_latent_pooled,exact_sharing,64,650083,variance_estimation,83
1.3418536790538607,qalt_pooled,alternating_variances,64,650083,variance_estimation,83
0.06472128893312991,full_latent_coordinatewise,alternating_variances,64,650083,variance_estimation,83
1.3418536790538607,full_latent_pooled,alternating_variances,64,650083,variance_estimation,83
0.015441212182938091,qalt_pooled,exact_sharing,64,650084,variance_estimation,84
0.15952469659748492,full_latent_coordinatewise,exact_sharing,64,650084,variance_estimation,84
0.015441212182938091,full_latent_pooled,exact_sharing,64,650084,variance_estimation,84
1.3391000110220657,qalt_pooled,alternating_variances,64,650084,variance_estimation,84
0.057459375774500304,full_latent_coordinatewise,alternating_variances,64,650084,variance_estimation,84
1.3391000110220657,full_latent_pooled,alternating_variances,64,650084,variance_estimation,84
0.005226690066092415,qalt_pooled,exact_sharing,64,650085,variance_estimation,85
0.09984178259420645,full_latent_coordinatewise,exact_sharing,64,650085,variance_estimation,85
0.005226690066092415,full_latent_pooled,exact_sharing,64,650085,variance_estimation,85
1.339651478556346,qalt_pooled,alternating_variances,64,650085,variance_estimation,85
0.07333387479264243,full_latent_coordinatewise,alternating_variances,64,650085,variance_estimation,85
1.339651478556346,full_latent_pooled,alternating_variances,64,650085,variance_estimation,85
0.0026464085526376607,qalt_pooled,exact_sharing,64,650086,variance_estimation,86
0.07640962713662036,full_latent_coordinatewise,exact_sharing,64,650086,variance_estimation,86
0.0026464085526376607,full_latent_pooled,exact_sharing,64,650086,variance_estimation,86
1.3581733461956136,qalt_pooled,alternating_variances,64,650086,variance_estimation,86
0.07601142457374352,full_latent_coordinatewise,alternating_variances,64,650086,variance_estimation,86
1.3581733461956136,full_latent_pooled,alternating_variances,64,650086,variance_estimation,86
0.0003086575198282121,qalt_pooled,exact_sharing,64,650087,variance_estimation,87
0.028897648501097595,full_latent_coordinatewise,exact_sharing,64,650087,variance_estimation,87
0.0003086575198282121,full_latent_pooled,exact_sharing,64,650087,variance_estimation,87
1.3421681982981775,qalt_pooled,alternating_variances,64,650087,variance_estimation,87
0.09174205177086153,full_latent_coordinatewise,alternating_variances,64,650087,variance_estimation,87
1.3421681982981775,full_latent_pooled,alternating_variances,64,650087,variance_estimation,87
0.0024564783164414614,qalt_pooled,exact_sharing,64,650088,variance_estimation,88
0.052463887822604714,full_latent_coordinatewise,exact_sharing,64,650088,variance_estimation,88
0.0024564783164414614,full_latent_pooled,exact_sharing,64,650088,variance_estimation,88
1.3447307853689956,qalt_pooled,alternating_variances,64,650088,variance_estimation,88
0.0991467856785244,full_latent_coordinatewise,alternating_variances,64,650088,variance_estimation,88
1.3447307853689956,full_latent_pooled,alternating_variances,64,650088,variance_estimation,88
0.007751682002884536,qalt_pooled,exact_sharing,64,650089,variance_estimation,89
0.15589950224273122,full_latent_coordinatewise,exact_sharing,64,650089,variance_estimation,89
0.007751682002884536,full_latent_pooled,exact_sharing,64,650089,variance_estimation,89
1.3404262152498265,qalt_pooled,alternating_variances,64,650089,variance_estimation,89
0.08522206006092156,full_latent_coordinatewise,alternating_variances,64,650089,variance_estimation,89
1.3404262152498265,full_latent_pooled,alternating_variances,64,650089,variance_estimation,89
0.002372636957245558,qalt_pooled,exact_sharing,64,650090,variance_estimation,90
0.10004805641122327,full_latent_coordinatewise,exact_sharing,64,650090,variance_estimation,90
0.002372636957245558,full_latent_pooled,exact_sharing,64,650090,variance_estimation,90
1.3454071176259095,qalt_pooled,alternating_variances,64,650090,variance_estimation,90
0.12557204079958445,full_latent_coordinatewise,alternating_variances,64,650090,variance_estimation,90
1.3454071176259095,full_latent_pooled,alternating_variances,64,650090,variance_estimation,90
0.04123004054273774,qalt_pooled,exact_sharing,64,650091,variance_estimation,91
0.1466670960575404,full_latent_coordinatewise,exact_sharing,64,650091,variance_estimation,91
0.04123004054273774,full_latent_pooled,exact_sharing,64,650091,variance_estimation,91
1.3418414019273561,qalt_pooled,alternating_variances,64,650091,variance_estimation,91
0.07798262146576483,full_latent_coordinatewise,alternating_variances,64,650091,variance_estimation,91
1.3418414019273561,full_latent_pooled,alternating_variances,64,650091,variance_estimation,91
0.0014603067933018354,qalt_pooled,exact_sharing,64,650092,variance_estimation,92
0.04155921282645777,full_latent_coordinatewise,exact_sharing,64,650092,variance_estimation,92
0.0014603067933018354,full_latent_pooled,exact_sharing,64,650092,variance_estimation,92
1.3483340864199418,qalt_pooled,alternating_variances,64,650092,variance_estimation,92
0.14164913977843746,full_latent_coordinatewise,alternating_variances,64,650092,variance_estimation,92
1.3483340864199418,full_latent_pooled,alternating_variances,64,650092,variance_estimation,92
7.659156390984068e-10,qalt_pooled,exact_sharing,64,650093,variance_estimation,93
0.08805599066993997,full_latent_coordinatewise,exact_sharing,64,650093,variance_estimation,93
7.659156390984068e-10,full_latent_pooled,exact_sharing,64,650093,variance_estimation,93
1.3390501851128511,qalt_pooled,alternating_variances,64,650093,variance_estimation,93
0.08923722539882285,full_latent_coordinatewise,alternating_variances,64,650093,variance_estimation,93
1.3390501851128511,full_latent_pooled,alternating_variances,64,650093,variance_estimation,93
0.0006509147127787517,qalt_pooled,exact_sharing,64,650094,variance_estimation,94
0.02524630072952159,full_latent_coordinatewise,exact_sharing,64,650094,variance_estimation,94
0.0006509147127787517,full_latent_pooled,exact_sharing,64,650094,variance_estimation,94
1.3438169214901503,qalt_pooled,alternating_variances,64,650094,variance_estimation,94
0.07034829743462381,full_latent_coordinatewise,alternating_variances,64,650094,variance_estimation,94
1.3438169214901503,full_latent_pooled,alternating_variances,64,650094,variance_estimation,94
0.0037198147034833012,qalt_pooled,exact_sharing,64,650095,variance_estimation,95
0.10153691832344656,full_latent_coordinatewise,exact_sharing,64,650095,variance_estimation,95
0.0037198147034833012,full_latent_pooled,exact_sharing,64,650095,variance_estimation,95
1.3759289378131676,qalt_pooled,alternating_variances,64,650095,variance_estimation,95
0.17106807207195968,full_latent_coordinatewise,alternating_variances,64,650095,variance_estimation,95
1.3759289378131676,full_latent_pooled,alternating_variances,64,650095,variance_estimation,95
0.0036246909576336944,qalt_pooled,exact_sharing,64,650096,variance_estimation,96
0.07511036427249823,full_latent_coordinatewise,exact_sharing,64,650096,variance_estimation,96
0.0036246909576336944,full_latent_pooled,exact_sharing,64,650096,variance_estimation,96
1.339004677236331,qalt_pooled,alternating_variances,64,650096,variance_estimation,96
0.10308251955040484,full_latent_coordinatewise,alternating_variances,64,650096,variance_estimation,96
1.339004677236331,full_latent_pooled,alternating_variances,64,650096,variance_estimation,96
0.024405322357392123,qalt_pooled,exact_sharing,64,650097,variance_estimation,97
0.1719882318325389,full_latent_coordinatewise,exact_sharing,64,650097,variance_estimation,97
0.024405322357392123,full_latent_pooled,exact_sharing,64,650097,variance_estimation,97
1.3534169398594704,qalt_pooled,alternating_variances,64,650097,variance_estimation,97
0.08688932142930851,full_latent_coordinatewise,alternating_variances,64,650097,variance_estimation,97
1.3534169398594704,full_latent_pooled,alternating_variances,64,650097,variance_estimation,97
0.0005949943297006398,qalt_pooled,exact_sharing,64,650098,variance_estimation,98
0.14293906698950787,full_latent_coordinatewise,exact_sharing,64,650098,variance_estimation,98
0.0005949943297006398,full_latent_pooled,exact_sharing,64,650098,variance_estimation,98
1.3752295589730628,qalt_pooled,alternating_variances,64,650098,variance_estimation,98
0.07420610385101004,full_latent_coordinatewise,alternating_variances,64,650098,variance_estimation,98
1.3752295589730628,full_latent_pooled,alternating_variances,64,650098,variance_estimation,98
3.6330821634500236e-05,qalt_pooled,exact_sharing,64,650099,variance_estimation,99
0.1210641030587602,full_latent_coordinatewise,exact_sharing,64,650099,variance_estimation,99
3.6330821634500236e-05,full_latent_pooled,exact_sharing,64,650099,variance_estimation,99
1.3388632624156114,qalt_pooled,alternating_variances,64,650099,variance_estimation,99
0.09195998448296783,full_latent_coordinatewise,alternating_variances,64,650099,variance_estimation,99
1.3388632624156114,full_latent_pooled,alternating_variances,64,650099,variance_estimation,99
0.00785295525391326,qalt_pooled,exact_sharing,64,650100,variance_estimation,100
0.09166994021384747,full_latent_coordinatewise,exact_sharing,64,650100,variance_estimation,100
0.00785295525391326,full_latent_pooled,exact_sharing,64,650100,variance_estimation,100
1.358260850408505,qalt_pooled,alternating_variances,64,650100,variance_estimation,100
0.1794799575935975,full_latent_coordinatewise,alternating_variances,64,650100,variance_estimation,100
1.358260850408505,full_latent_pooled,alternating_variances,64,650100,variance_estimation,100
0.02356613201151303,qalt_pooled,exact_sharing,64,650101,variance_estimation,101
0.14972284246523487,full_latent_coordinatewise,exact_sharing,64,650101,variance_estimation,101
0.02356613201151303,full_latent_pooled,exact_sharing,64,650101,variance_estimation,101
1.348346406168849,qalt_pooled,alternating_variances,64,650101,variance_estimation,101
0.11515899453111472,full_latent_coordinatewise,alternating_variances,64,650101,variance_estimation,101
1.348346406168849,full_latent_pooled,alternating_variances,64,650101,variance_estimation,101
0.002221744373777458,qalt_pooled,exact_sharing,64,650102,variance_estimation,102
0.07645544026189159,full_latent_coordinatewise,exact_sharing,64,650102,variance_estimation,102
0.002221744373777458,full_latent_pooled,exact_sharing,64,650102,variance_estimation,102
1.3447573594784565,qalt_pooled,alternating_variances,64,650102,variance_estimation,102
0.09181647242865457,full_latent_coordinatewise,alternating_variances,64,650102,variance_estimation,102
1.3447573594784565,full_latent_pooled,alternating_variances,64,650102,variance_estimation,102
0.0023743473984043084,qalt_pooled,exact_sharing,64,650103,variance_estimation,103
0.07011647851195693,full_latent_coordinatewise,exact_sharing,64,650103,variance_estimation,103
0.0023743473984043084,full_latent_pooled,exact_sharing,64,650103,variance_estimation,103
1.3761106578562976,qalt_pooled,alternating_variances,64,650103,variance_estimation,103
0.05387878658803778,full_latent_coordinatewise,alternating_variances,64,650103,variance_estimation,103
1.3761106578562976,full_latent_pooled,alternating_variances,64,650103,variance_estimation,103
0.007527893735980465,qalt_pooled,exact_sharing,64,650104,variance_estimation,104
0.07621806570017726,full_latent_coordinatewise,exact_sharing,64,650104,variance_estimation,104
0.007527893735980465,full_latent_pooled,exact_sharing,64,650104,variance_estimation,104
1.3565708576075637,qalt_pooled,alternating_variances,64,650104,variance_estimation,104
0.11835390617814673,full_latent_coordinatewise,alternating_variances,64,650104,variance_estimation,104
1.3565708576075637,full_latent_pooled,alternating_variances,64,650104,variance_estimation,104
0.0022124427144766187,qalt_pooled,exact_sharing,64,650105,variance_estimation,105
0.12752634348281605,full_latent_coordinatewise,exact_sharing,64,650105,variance_estimation,105
0.0022124427144766187,full_latent_pooled,exact_sharing,64,650105,variance_estimation,105
1.3425369031248464,qalt_pooled,alternating_variances,64,650105,variance_estimation,105
0.1483332334104618,full_latent_coordinatewise,alternating_variances,64,650105,variance_estimation,105
1.3425369031248464,full_latent_pooled,alternating_variances,64,650105,variance_estimation,105
0.0004906455401057913,qalt_pooled,exact_sharing,64,650106,variance_estimation,106
0.0485087307831739,full_latent_coordinatewise,exact_sharing,64,650106,variance_estimation,106
0.0004906455401057913,full_latent_pooled,exact_sharing,64,650106,variance_estimation,106
1.39079349359148,qalt_pooled,alternating_variances,64,650106,variance_estimation,106
0.18820014617170358,full_latent_coordinatewise,alternating_variances,64,650106,variance_estimation,106
1.39079349359148,full_latent_pooled,alternating_variances,64,650106,variance_estimation,106
0.012512179419891079,qalt_pooled,exact_sharing,64,650107,variance_estimation,107
0.15176474876625318,full_latent_coordinatewise,exact_sharing,64,650107,variance_estimation,107
0.012512179419891079,full_latent_pooled,exact_sharing,64,650107,variance_estimation,107
1.3389461840274552,qalt_pooled,alternating_variances,64,650107,variance_estimation,107
0.04982256950897496,full_latent_coordinatewise,alternating_variances,64,650107,variance_estimation,107
1.3389461840274552,full_latent_pooled,alternating_variances,64,650107,variance_estimation,107
0.0008046133729627258,qalt_pooled,exact_sharing,64,650108,variance_estimation,108
0.051276158390813294,full_latent_coordinatewise,exact_sharing,64,650108,variance_estimation,108
0.0008046133729627258,full_latent_pooled,exact_sharing,64,650108,variance_estimation,108
1.3518516112392744,qalt_pooled,alternating_variances,64,650108,variance_estimation,108
0.1258352149796648,full_latent_coordinatewise,alternating_variances,64,650108,variance_estimation,108
1.3518516112392744,full_latent_pooled,alternating_variances,64,650108,variance_estimation,108
0.024879337095860293,qalt_pooled,exact_sharing,64,650109,variance_estimation,109
0.06544836220587619,full_latent_coordinatewise,exact_sharing,64,650109,variance_estimation,109
0.024879337095860293,full_latent_pooled,exact_sharing,64,650109,variance_estimation,109
1.3589242273702475,qalt_pooled,alternating_variances,64,650109,variance_estimation,109
0.06556465487234406,full_latent_coordinatewise,alternating_variances,64,650109,variance_estimation,109
1.3589242273702475,full_latent_pooled,alternating_variances,64,650109,variance_estimation,109
0.007030279021414149,qalt_pooled,exact_sharing,64,650110,variance_estimation,110
0.126462402131308,full_latent_coordinatewise,exact_sharing,64,650110,variance_estimation,110
0.007030279021414149,full_latent_pooled,exact_sharing,64,650110,variance_estimation,110
1.3445932501586682,qalt_pooled,alternating_variances,64,650110,variance_estimation,110
0.06712868401009678,full_latent_coordinatewise,alternating_variances,64,650110,variance_estimation,110
1.3445932501586682,full_latent_pooled,alternating_variances,64,650110,variance_estimation,110
0.0001471364057545211,qalt_pooled,exact_sharing,64,650111,variance_estimation,111
0.07202879640563613,full_latent_coordinatewise,exact_sharing,64,650111,variance_estimation,111
0.0001471364057545211,full_latent_pooled,exact_sharing,64,650111,variance_estimation,111
1.3636910030602347,qalt_pooled,alternating_variances,64,650111,variance_estimation,111
0.12415674914024513,full_latent_coordinatewise,alternating_variances,64,650111,variance_estimation,111
1.3636910030602347,full_latent_pooled,alternating_variances,64,650111,variance_estimation,111
0.0018221943150145414,qalt_pooled,exact_sharing,64,650112,variance_estimation,112
0.14547534594613068,full_latent_coordinatewise,exact_sharing,64,650112,variance_estimation,112
0.0018221943150145414,full_latent_pooled,exact_sharing,64,650112,variance_estimation,112
1.3409748824437204,qalt_pooled,alternating_variances,64,650112,variance_estimation,112
0.11363605155546959,full_latent_coordinatewise,alternating_variances,64,650112,variance_estimation,112
1.3409748824437204,full_latent_pooled,alternating_variances,64,650112,variance_estimation,112
9.46569421379842e-05,qalt_pooled,exact_sharing,64,650113,variance_estimation,113
0.0691631680622448,full_latent_coordinatewise,exact_sharing,64,650113,variance_estimation,113
9.46569421379842e-05,full_latent_pooled,exact_sharing,64,650113,variance_estimation,113
1.3398803059249695,qalt_pooled,alternating_variances,64,650113,variance_estimation,113
0.09791151399342854,full_latent_coordinatewise,alternating_variances,64,650113,variance_estimation,113
1.3398803059249695,full_latent_pooled,alternating_variances,64,650113,variance_estimation,113
0.052521467295994884,qalt_pooled,exact_sharing,64,650114,variance_estimation,114
0.1476010654637438,full_latent_coordinatewise,exact_sharing,64,650114,variance_estimation,114
0.052521467295994884,full_latent_pooled,exact_sharing,64,650114,variance_estimation,114
1.3512757860331466,qalt_pooled,alternating_variances,64,650114,variance_estimation,114
0.08091846759073941,full_latent_coordinatewise,alternating_variances,64,650114,variance_estimation,114
1.3512757860331466,full_latent_pooled,alternating_variances,64,650114,variance_estimation,114
0.0009595322790693916,qalt_pooled,exact_sharing,64,650115,variance_estimation,115
0.05416305396455796,full_latent_coordinatewise,exact_sharing,64,650115,variance_estimation,115
0.0009595322790693916,full_latent_pooled,exact_sharing,64,650115,variance_estimation,115
1.341957710879396,qalt_pooled,alternating_variances,64,650115,variance_estimation,115
0.04268121507473939,full_latent_coordinatewise,alternating_variances,64,650115,variance_estimation,115
1.341957710879396,full_latent_pooled,alternating_variances,64,650115,variance_estimation,115
0.008047128337143689,qalt_pooled,exact_sharing,64,650116,variance_estimation,116
0.11531521720040677,full_latent_coordinatewise,exact_sharing,64,650116,variance_estimation,116
0.008047128337143689,full_latent_pooled,exact_sharing,64,650116,variance_estimation,116
1.3419309447128682,qalt_pooled,alternating_variances,64,650116,variance_estimation,116
0.06229901613931159,full_latent_coordinatewise,alternating_variances,64,650116,variance_estimation,116
1.3419309447128682,full_latent_pooled,alternating_variances,64,650116,variance_estimation,116
0.006016956007228583,qalt_pooled,exact_sharing,64,650117,variance_estimation,117
0.12029914433316001,full_latent_coordinatewise,exact_sharing,64,650117,variance_estimation,117
0.006016956007228583,full_latent_pooled,exact_sharing,64,650117,variance_estimation,117
1.3408462048794585,qalt_pooled,alternating_variances,64,650117,variance_estimation,117
0.1319596756635713,full_latent_coordinatewise,alternating_variances,64,650117,variance_estimation,117
1.3408462048794585,full_latent_pooled,alternating_variances,64,650117,variance_estimation,117
0.004251548630748711,qalt_pooled,exact_sharing,64,650118,variance_estimation,118
0.08270038437101898,full_latent_coordinatewise,exact_sharing,64,650118,variance_estimation,118
0.004251548630748711,full_latent_pooled,exact_sharing,64,650118,variance_estimation,118
1.3428160264615339,qalt_pooled,alternating_variances,64,650118,variance_estimation,118
0.0824426908187343,full_latent_coordinatewise,alternating_variances,64,650118,variance_estimation,118
1.3428160264615339,full_latent_pooled,alternating_variances,64,650118,variance_estimation,118
0.03093054829919309,qalt_pooled,exact_sharing,64,650119,variance_estimation,119
0.08255463047373529,full_latent_coordinatewise,exact_sharing,64,650119,variance_estimation,119
0.03093054829919309,full_latent_pooled,exact_sharing,64,650119,variance_estimation,119
1.34982413289825,qalt_pooled,alternating_variances,64,650119,variance_estimation,119
0.18654155004561415,full_latent_coordinatewise,alternating_variances,64,650119,variance_estimation,119
1.34982413289825,full_latent_pooled,alternating_variances,64,650119,variance_estimation,119
0.0002947556220652854,qalt_pooled,exact_sharing,64,650120,variance_estimation,120
0.17340719304367563,full_latent_coordinatewise,exact_sharing,64,650120,variance_estimation,120
0.0002947556220652854,full_latent_pooled,exact_sharing,64,650120,variance_estimation,120
1.3396091354297384,qalt_pooled,alternating_variances,64,650120,variance_estimation,120
0.14311389168520194,full_latent_coordinatewise,alternating_variances,64,650120,variance_estimation,120
1.3396091354297384,full_latent_pooled,alternating_variances,64,650120,variance_estimation,120
0.006027607851124467,qalt_pooled,exact_sharing,64,650121,variance_estimation,121
0.10020721856542988,full_latent_coordinatewise,exact_sharing,64,650121,variance_estimation,121
0.006027607851124467,full_latent_pooled,exact_sharing,64,650121,variance_estimation,121
1.3399857000116853,qalt_pooled,alternating_variances,64,650121,variance_estimation,121
0.15621175404726928,full_latent_coordinatewise,alternating_variances,64,650121,variance_estimation,121
1.3399857000116853,full_latent_pooled,alternating_variances,64,650121,variance_estimation,121
0.010824550632680952,qalt_pooled,exact_sharing,64,650122,variance_estimation,122
0.07279084262553571,full_latent_coordinatewise,exact_sharing,64,650122,variance_estimation,122
0.010824550632680952,full_latent_pooled,exact_sharing,64,650122,variance_estimation,122
1.3796829749376327,qalt_pooled,alternating_variances,64,650122,variance_estimation,122
0.16517489900908783,full_latent_coordinatewise,alternating_variances,64,650122,variance_estimation,122
1.3796829749376327,full_latent_pooled,alternating_variances,64,650122,variance_estimation,122
0.00018594142627008023,qalt_pooled,exact_sharing,64,650123,variance_estimation,123
0.06529260762742767,full_latent_coordinatewise,exact_sharing,64,650123,variance_estimation,123
0.00018594142627008023,full_latent_pooled,exact_sharing,64,650123,variance_estimation,123
1.3480263460644628,qalt_pooled,alternating_variances,64,650123,variance_estimation,123
0.06594480132743623,full_latent_coordinatewise,alternating_variances,64,650123,variance_estimation,123
1.3480263460644628,full_latent_pooled,alternating_variances,64,650123,variance_estimation,123
0.014525815895438943,qalt_pooled,exact_sharing,64,650124,variance_estimation,124
0.09340787742899731,full_latent_coordinatewise,exact_sharing,64,650124,variance_estimation,124
0.014525815895438943,full_latent_pooled,exact_sharing,64,650124,variance_estimation,124
1.3388617962335658,qalt_pooled,alternating_variances,64,650124,variance_estimation,124
0.07733889772620577,full_latent_coordinatewise,alternating_variances,64,650124,variance_estimation,124
1.3388617962335658,full_latent_pooled,alternating_variances,64,650124,variance_estimation,124
4.504019057805127e-05,qalt_pooled,exact_sharing,64,650125,variance_estimation,125
0.03765722756631274,full_latent_coordinatewise,exact_sharing,64,650125,variance_estimation,125
4.504019057805127e-05,full_latent_pooled,exact_sharing,64,650125,variance_estimation,125
1.343871867153369,qalt_pooled,alternating_variances,64,650125,variance_estimation,125
0.04303463067759815,full_latent_coordinatewise,alternating_variances,64,650125,variance_estimation,125
1.343871867153369,full_latent_pooled,alternating_variances,64,650125,variance_estimation,125
0.0005899860241532426,qalt_pooled,exact_sharing,64,650126,variance_estimation,126
0.11288352699603871,full_latent_coordinatewise,exact_sharing,64,650126,variance_estimation,126
0.0005899860241532426,full_latent_pooled,exact_sharing,64,650126,variance_estimation,126
1.359768639874074,qalt_pooled,alternating_variances,64,650126,variance_estimation,126
0.1302931523502993,full_latent_coordinatewise,alternating_variances,64,650126,variance_estimation,126
1.359768639874074,full_latent_pooled,alternating_variances,64,650126,variance_estimation,126
0.0020265800327709596,qalt_pooled,exact_sharing,64,650127,variance_estimation,127
0.07164984250170477,full_latent_coordinatewise,exact_sharing,64,650127,variance_estimation,127
0.0020265800327709596,full_latent_pooled,exact_sharing,64,650127,variance_estimation,127
1.3390525302846545,qalt_pooled,alternating_variances,64,650127,variance_estimation,127
0.11548066776279645,full_latent_coordinatewise,alternating_variances,64,650127,variance_estimation,127
1.3390525302846545,full_latent_pooled,alternating_variances,64,650127,variance_estimation,127
0.032183426326448134,qalt_pooled,exact_sharing,64,650128,variance_estimation,128
0.23894578192387042,full_latent_coordinatewise,exact_sharing,64,650128,variance_estimation,128
0.032183426326448134,full_latent_pooled,exact_sharing,64,650128,variance_estimation,128
1.3467390128718768,qalt_pooled,alternating_variances,64,650128,variance_estimation,128
0.1099267713727193,full_latent_coordinatewise,alternating_variances,64,650128,variance_estimation,128
1.3467390128718768,full_latent_pooled,alternating_variances,64,650128,variance_estimation,128
0.0029939765211964287,qalt_pooled,exact_sharing,64,650129,variance_estimation,129
0.10908417256347973,full_latent_coordinatewise,exact_sharing,64,650129,variance_estimation,129
0.0029939765211964287,full_latent_pooled,exact_sharing,64,650129,variance_estimation,129
1.3863576464028051,qalt_pooled,alternating_variances,64,650129,variance_estimation,129
0.06297767943525569,full_latent_coordinatewise,alternating_variances,64,650129,variance_estimation,129
1.3863576464028051,full_latent_pooled,alternating_variances,64,650129,variance_estimation,129
0.017688243875699505,qalt_pooled,exact_sharing,64,650130,variance_estimation,130
0.08169322681239266,full_latent_coordinatewise,exact_sharing,64,650130,variance_estimation,130
0.017688243875699505,full_latent_pooled,exact_sharing,64,650130,variance_estimation,130
1.3389307352450073,qalt_pooled,alternating_variances,64,650130,variance_estimation,130
0.05090041316512766,full_latent_coordinatewise,alternating_variances,64,650130,variance_estimation,130
1.3389307352450073,full_latent_pooled,alternating_variances,64,650130,variance_estimation,130
0.014493838295389028,qalt_pooled,exact_sharing,64,650131,variance_estimation,131
0.1516870321587735,full_latent_coordinatewise,exact_sharing,64,650131,variance_estimation,131
0.014493838295389028,full_latent_pooled,exact_sharing,64,650131,variance_estimation,131
1.3547856407282861,qalt_pooled,alternating_variances,64,650131,variance_estimation,131
0.055924045966415536,full_latent_coordinatewise,alternating_variances,64,650131,variance_estimation,131
1.3547856407282861,full_latent_pooled,alternating_variances,64,650131,variance_estimation,131
0.008124876583627358,qalt_pooled,exact_sharing,64,650132,variance_estimation,132
0.06588392976932143,full_latent_coordinatewise,exact_sharing,64,650132,variance_estimation,132
0.008124876583627358,full_latent_pooled,exact_sharing,64,650132,variance_estimation,132
1.3418097984561075,qalt_pooled,alternating_variances,64,650132,variance_estimation,132
0.06536959730627709,full_latent_coordinatewise,alternating_variances,64,650132,variance_estimation,132
1.3418097984561075,full_latent_pooled,alternating_variances,64,650132,variance_estimation,132
0.0004884612798143097,qalt_pooled,exact_sharing,64,650133,variance_estimation,133
0.11312202485452634,full_latent_coordinatewise,exact_sharing,64,650133,variance_estimation,133
0.0004884612798143097,full_latent_pooled,exact_sharing,64,650133,variance_estimation,133
1.3393583965453637,qalt_pooled,alternating_variances,64,650133,variance_estimation,133
0.060136068637881374,full_latent_coordinatewise,alternating_variances,64,650133,variance_estimation,133
1.3393583965453637,full_latent_pooled,alternating_variances,64,650133,variance_estimation,133
0.010463264651288884,qalt_pooled,exact_sharing,64,650134,variance_estimation,134
0.15907523438559285,full_latent_coordinatewise,exact_sharing,64,650134,variance_estimation,134
0.010463264651288884,full_latent_pooled,exact_sharing,64,650134,variance_estimation,134
1.341887880135289,qalt_pooled,alternating_variances,64,650134,variance_estimation,134
0.07621323924732118,full_latent_coordinatewise,alternating_variances,64,650134,variance_estimation,134
1.341887880135289,full_latent_pooled,alternating_variances,64,650134,variance_estimation,134
0.003979131809094011,qalt_pooled,exact_sharing,64,650135,variance_estimation,135
0.04028440546374941,full_latent_coordinatewise,exact_sharing,64,650135,variance_estimation,135
0.003979131809094011,full_latent_pooled,exact_sharing,64,650135,variance_estimation,135
1.3644372428751161,qalt_pooled,alternating_variances,64,650135,variance_estimation,135
0.16135271979274088,full_latent_coordinatewise,alternating_variances,64,650135,variance_estimation,135
1.3644372428751161,full_latent_pooled,alternating_variances,64,650135,variance_estimation,135
0.010623891986335926,qalt_pooled,exact_sharing,64,650136,variance_estimation,136
0.17079491218478077,full_latent_coordinatewise,exact_sharing,64,650136,variance_estimation,136
0.010623891986335926,full_latent_pooled,exact_sharing,64,650136,variance_estimation,136
1.371248398771741,qalt_pooled,alternating_variances,64,650136,variance_estimation,136
0.11554230317394266,full_latent_coordinatewise,alternating_variances,64,650136,variance_estimation,136
1.371248398771741,full_latent_pooled,alternating_variances,64,650136,variance_estimation,136
0.02785044478419091,qalt_pooled,exact_sharing,64,650137,variance_estimation,137
0.09756976568348556,full_latent_coordinatewise,exact_sharing,64,650137,variance_estimation,137
0.02785044478419091,full_latent_pooled,exact_sharing,64,650137,variance_estimation,137
1.3694914778038327,qalt_pooled,alternating_variances,64,650137,variance_estimation,137
0.12071399854122106,full_latent_coordinatewise,alternating_variances,64,650137,variance_estimation,137
1.3694914778038327,full_latent_pooled,alternating_variances,64,650137,variance_estimation,137
0.0040218786804221696,qalt_pooled,exact_sharing,64,650138,variance_estimation,138
0.03855604500092811,full_latent_coordinatewise,exact_sharing,64,650138,variance_estimation,138
0.0040218786804221696,full_latent_pooled,exact_sharing,64,650138,variance_estimation,138
1.3391156262119233,qalt_pooled,alternating_variances,64,650138,variance_estimation,138
0.06047724761721302,full_latent_coordinatewise,alternating_variances,64,650138,variance_estimation,138
1.3391156262119233,full_latent_pooled,alternating_variances,64,650138,variance_estimation,138
3.106948020119987e-05,qalt_pooled,exact_sharing,64,650139,variance_estimation,139
0.13369895125162054,full_latent_coordinatewise,exact_sharing,64,650139,variance_estimation,139
3.106948020119987e-05,full_latent_pooled,exact_sharing,64,650139,variance_estimation,139
1.343606715036705,qalt_pooled,alternating_variances,64,650139,variance_estimation,139
0.045503564692516915,full_latent_coordinatewise,alternating_variances,64,650139,variance_estimation,139
1.343606715036705,full_latent_pooled,alternating_variances,64,650139,variance_estimation,139
0.00015001437043701132,qalt_pooled,exact_sharing,64,650140,variance_estimation,140
0.06039481430756097,full_latent_coordinatewise,exact_sharing,64,650140,variance_estimation,140
0.00015001437043701132,full_latent_pooled,exact_sharing,64,650140,variance_estimation,140
1.3572055929623725,qalt_pooled,alternating_variances,64,650140,variance_estimation,140
0.1222386313161393,full_latent_coordinatewise,alternating_variances,64,650140,variance_estimation,140
1.3572055929623725,full_latent_pooled,alternating_variances,64,650140,variance_estimation,140
0.007559705970146102,qalt_pooled,exact_sharing,64,650141,variance_estimation,141
0.04092721401443945,full_latent_coordinatewise,exact_sharing,64,650141,variance_estimation,141
0.007559705970146102,full_latent_pooled,exact_sharing,64,650141,variance_estimation,141
1.3448750654057968,qalt_pooled,alternating_variances,64,650141,variance_estimation,141
0.11868399472614152,full_latent_coordinatewise,alternating_variances,64,650141,variance_estimation,141
1.3448750654057968,full_latent_pooled,alternating_variances,64,650141,variance_estimation,141
0.0002181643449635194,qalt_pooled,exact_sharing,64,650142,variance_estimation,142
0.0660039602855955,full_latent_coordinatewise,exact_sharing,64,650142,variance_estimation,142
0.0002181643449635194,full_latent_pooled,exact_sharing,64,650142,variance_estimation,142
1.3444749207024458,qalt_pooled,alternating_variances,64,650142,variance_estimation,142
0.11739535781523763,full_latent_coordinatewise,alternating_variances,64,650142,variance_estimation,142
1.3444749207024458,full_latent_pooled,alternating_variances,64,650142,variance_estimation,142
0.002692654496095487,qalt_pooled,exact_sharing,64,650143,variance_estimation,143
0.04153956544837286,full_latent_coordinatewise,exact_sharing,64,650143,variance_estimation,143
0.002692654496095487,full_latent_pooled,exact_sharing,64,650143,variance_estimation,143
1.3422306746742785,qalt_pooled,alternating_variances,64,650143,variance_estimation,143
0.15317595255487043,full_latent_coordinatewise,alternating_variances,64,650143,variance_estimation,143
1.3422306746742785,full_latent_pooled,alternating_variances,64,650143,variance_estimation,143
0.002357598187281533,qalt_pooled,exact_sharing,64,650144,variance_estimation,144
0.0572207949979295,full_latent_coordinatewise,exact_sharing,64,650144,variance_estimation,144
0.002357598187281533,full_latent_pooled,exact_sharing,64,650144,variance_estimation,144
1.3455397580690747,qalt_pooled,alternating_variances,64,650144,variance_estimation,144
0.26046217716879644,full_latent_coordinatewise,alternating_variances,64,650144,variance_estimation,144
1.3455397580690747,full_latent_pooled,alternating_variances,64,650144,variance_estimation,144
0.00042052385226454964,qalt_pooled,exact_sharing,64,650145,variance_estimation,145
0.15033420666012504,full_latent_coordinatewise,exact_sharing,64,650145,variance_estimation,145
0.00042052385226454964,full_latent_pooled,exact_sharing,64,650145,variance_estimation,145
1.3427759721975727,qalt_pooled,alternating_variances,64,650145,variance_estimation,145
0.06834720790086332,full_latent_coordinatewise,alternating_variances,64,650145,variance_estimation,145
1.3427759721975727,full_latent_pooled,alternating_variances,64,650145,variance_estimation,145
4.050760854606029e-05,qalt_pooled,exact_sharing,64,650146,variance_estimation,146
0.14835188321920836,full_latent_coordinatewise,exact_sharing,64,650146,variance_estimation,146
4.050760854606029e-05,full_latent_pooled,exact_sharing,64,650146,variance_estimation,146
1.3536623683515299,qalt_pooled,alternating_variances,64,650146,variance_estimation,146
0.06560332558887631,full_latent_coordinatewise,alternating_variances,64,650146,variance_estimation,146
1.3536623683515299,full_latent_pooled,alternating_variances,64,650146,variance_estimation,146
0.0018085762091891167,qalt_pooled,exact_sharing,64,650147,variance_estimation,147
0.0725360061580447,full_latent_coordinatewise,exact_sharing,64,650147,variance_estimation,147
0.0018085762091891167,full_latent_pooled,exact_sharing,64,650147,variance_estimation,147
1.3516290247147933,qalt_pooled,alternating_variances,64,650147,variance_estimation,147
0.11309543118920076,full_latent_coordinatewise,alternating_variances,64,650147,variance_estimation,147
1.3516290247147933,full_latent_pooled,alternating_variances,64,650147,variance_estimation,147
0.01979656603746749,qalt_pooled,exact_sharing,64,650148,variance_estimation,148
0.11965846887825582,full_latent_coordinatewise,exact_sharing,64,650148,variance_estimation,148
0.01979656603746749,full_latent_pooled,exact_sharing,64,650148,variance_estimation,148
1.3395137196180404,qalt_pooled,alternating_variances,64,650148,variance_estimation,148
0.06286229518426945,full_latent_coordinatewise,alternating_variances,64,650148,variance_estimation,148
1.3395137196180404,full_latent_pooled,alternating_variances,64,650148,variance_estimation,148
0.005034550598100734,qalt_pooled,exact_sharing,64,650149,variance_estimation,149
0.08352674065172193,full_latent_coordinatewise,exact_sharing,64,650149,variance_estimation,149
0.005034550598100734,full_latent_pooled,exact_sharing,64,650149,variance_estimation,149
1.3403684161724616,qalt_pooled,alternating_variances,64,650149,variance_estimation,149
0.1112452799148223,full_latent_coordinatewise,alternating_variances,64,650149,variance_estimation,149
1.3403684161724616,full_latent_pooled,alternating_variances,64,650149,variance_estimation,149
0.000955995976872237,qalt_pooled,exact_sharing,64,650150,variance_estimation,150
0.16632089057149868,full_latent_coordinatewise,exact_sharing,64,650150,variance_estimation,150
0.000955995976872237,full_latent_pooled,exact_sharing,64,650150,variance_estimation,150
1.3412094376411365,qalt_pooled,alternating_variances,64,650150,variance_estimation,150
0.10961944632623999,full_latent_coordinatewise,alternating_variances,64,650150,variance_estimation,150
1.3412094376411365,full_latent_pooled,alternating_variances,64,650150,variance_estimation,150
0.022496430740942958,qalt_pooled,exact_sharing,64,650151,variance_estimation,151
0.09383684317397525,full_latent_coordinatewise,exact_sharing,64,650151,variance_estimation,151
0.022496430740942958,full_latent_pooled,exact_sharing,64,650151,variance_estimation,151
1.339527715647674,qalt_pooled,alternating_variances,64,650151,variance_estimation,151
0.02837769880972211,full_latent_coordinatewise,alternating_variances,64,650151,variance_estimation,151
1.339527715647674,full_latent_pooled,alternating_variances,64,650151,variance_estimation,151
0.012508744965687046,qalt_pooled,exact_sharing,64,650152,variance_estimation,152
0.056701809653623175,full_latent_coordinatewise,exact_sharing,64,650152,variance_estimation,152
0.012508744965687046,full_latent_pooled,exact_sharing,64,650152,variance_estimation,152
1.358272761782978,qalt_pooled,alternating_variances,64,650152,variance_estimation,152
0.047314687430245674,full_latent_coordinatewise,alternating_variances,64,650152,variance_estimation,152
1.358272761782978,full_latent_pooled,alternating_variances,64,650152,variance_estimation,152
0.0026948271765072362,qalt_pooled,exact_sharing,64,650153,variance_estimation,153
0.14190118659351852,full_latent_coordinatewise,exact_sharing,64,650153,variance_estimation,153
0.0026948271765072362,full_latent_pooled,exact_sharing,64,650153,variance_estimation,153
1.3836583455715585,qalt_pooled,alternating_variances,64,650153,variance_estimation,153
0.059252148992904936,full_latent_coordinatewise,alternating_variances,64,650153,variance_estimation,153
1.3836583455715585,full_latent_pooled,alternating_variances,64,650153,variance_estimation,153
0.003856490124203263,qalt_pooled,exact_sharing,64,650154,variance_estimation,154
0.055673763637119525,full_latent_coordinatewise,exact_sharing,64,650154,variance_estimation,154
0.003856490124203263,full_latent_pooled,exact_sharing,64,650154,variance_estimation,154
1.3419855757691428,qalt_pooled,alternating_variances,64,650154,variance_estimation,154
0.10790239643068433,full_latent_coordinatewise,alternating_variances,64,650154,variance_estimation,154
1.3419855757691428,full_latent_pooled,alternating_variances,64,650154,variance_estimation,154
2.4168215404291385e-05,qalt_pooled,exact_sharing,64,650155,variance_estimation,155
0.03973236495606336,full_latent_coordinatewise,exact_sharing,64,650155,variance_estimation,155
2.4168215404291385e-05,full_latent_pooled,exact_sharing,64,650155,variance_estimation,155
1.345786312284545,qalt_pooled,alternating_variances,64,650155,variance_estimation,155
0.08168876392952579,full_latent_coordinatewise,alternating_variances,64,650155,variance_estimation,155
1.345786312284545,full_latent_pooled,alternating_variances,64,650155,variance_estimation,155
0.001624678960777906,qalt_pooled,exact_sharing,64,650156,variance_estimation,156
0.12985837337839895,full_latent_coordinatewise,exact_sharing,64,650156,variance_estimation,156
0.001624678960777906,full_latent_pooled,exact_sharing,64,650156,variance_estimation,156
1.3609923800207997,qalt_pooled,alternating_variances,64,650156,variance_estimation,156
0.04743257665881688,full_latent_coordinatewise,alternating_variances,64,650156,variance_estimation,156
1.3609923800207997,full_latent_pooled,alternating_variances,64,650156,variance_estimation,156
0.0054510722949689255,qalt_pooled,exact_sharing,64,650157,variance_estimation,157
0.07933010479380664,full_latent_coordinatewise,exact_sharing,64,650157,variance_estimation,157
0.0054510722949689255,full_latent_pooled,exact_sharing,64,650157,variance_estimation,157
1.3575800011247794,qalt_pooled,alternating_variances,64,650157,variance_estimation,157
0.10994549815112407,full_latent_coordinatewise,alternating_variances,64,650157,variance_estimation,157
1.3575800011247794,full_latent_pooled,alternating_variances,64,650157,variance_estimation,157
0.00028080869595610916,qalt_pooled,exact_sharing,64,650158,variance_estimation,158
0.02573173121698462,full_latent_coordinatewise,exact_sharing,64,650158,variance_estimation,158
0.00028080869595610916,full_latent_pooled,exact_sharing,64,650158,variance_estimation,158
1.3438248621118352,qalt_pooled,alternating_variances,64,650158,variance_estimation,158
0.0766812491171564,full_latent_coordinatewise,alternating_variances,64,650158,variance_estimation,158
1.3438248621118352,full_latent_pooled,alternating_variances,64,650158,variance_estimation,158
0.0012672873861535316,qalt_pooled,exact_sharing,64,650159,variance_estimation,159
0.12074268531772087,full_latent_coordinatewise,exact_sharing,64,650159,variance_estimation,159
0.0012672873861535316,full_latent_pooled,exact_sharing,64,650159,variance_estimation,159
1.3406849764420925,qalt_pooled,alternating_variances,64,650159,variance_estimation,159
0.07503832927694812,full_latent_coordinatewise,alternating_variances,64,650159,variance_estimation,159
1.3406849764420925,full_latent_pooled,alternating_variances,64,650159,variance_estimation,159
0.004921690984889163,qalt_pooled,exact_sharing,64,650160,variance_estimation,160
0.16209249310565288,full_latent_coordinatewise,exact_sharing,64,650160,variance_estimation,160
0.004921690984889163,full_latent_pooled,exact_sharing,64,650160,variance_estimation,160
1.3400387615391907,qalt_pooled,alternating_variances,64,650160,variance_estimation,160
0.10019824701565033,full_latent_coordinatewise,alternating_variances,64,650160,variance_estimation,160
1.3400387615391907,full_latent_pooled,alternating_variances,64,650160,variance_estimation,160
0.003893346934862721,qalt_pooled,exact_sharing,64,650161,variance_estimation,161
0.08869952315180074,full_latent_coordinatewise,exact_sharing,64,650161,variance_estimation,161
0.003893346934862721,full_latent_pooled,exact_sharing,64,650161,variance_estimation,161
1.3449769418005335,qalt_pooled,alternating_variances,64,650161,variance_estimation,161
0.04684511652448993,full_latent_coordinatewise,alternating_variances,64,650161,variance_estimation,161
1.3449769418005335,full_latent_pooled,alternating_variances,64,650161,variance_estimation,161
0.0021629692887611754,qalt_pooled,exact_sharing,64,650162,variance_estimation,162
0.05891497209189106,full_latent_coordinatewise,exact_sharing,64,650162,variance_estimation,162
0.0021629692887611754,full_latent_pooled,exact_sharing,64,650162,variance_estimation,162
1.3390090695352141,qalt_pooled,alternating_variances,64,650162,variance_estimation,162
0.0663011446038229,full_latent_coordinatewise,alternating_variances,64,650162,variance_estimation,162
1.3390090695352141,full_latent_pooled,alternating_variances,64,650162,variance_estimation,162
0.004351487700500187,qalt_pooled,exact_sharing,64,650163,variance_estimation,163
0.08400411991163012,full_latent_coordinatewise,exact_sharing,64,650163,variance_estimation,163
0.004351487700500187,full_latent_pooled,exact_sharing,64,650163,variance_estimation,163
1.3448701757757833,qalt_pooled,alternating_variances,64,650163,variance_estimation,163
0.04645519785655841,full_latent_coordinatewise,alternating_variances,64,650163,variance_estimation,163
1.3448701757757833,full_latent_pooled,alternating_variances,64,650163,variance_estimation,163
0.02166036220541734,qalt_pooled,exact_sharing,64,650164,variance_estimation,164
0.13372441586044187,full_latent_coordinatewise,exact_sharing,64,650164,variance_estimation,164
0.02166036220541734,full_latent_pooled,exact_sharing,64,650164,variance_estimation,164
1.339526348998407,qalt_pooled,alternating_variances,64,650164,variance_estimation,164
0.2078103486121407,full_latent_coordinatewise,alternating_variances,64,650164,variance_estimation,164
1.339526348998407,full_latent_pooled,alternating_variances,64,650164,variance_estimation,164
8.207503875158964e-05,qalt_pooled,exact_sharing,64,650165,variance_estimation,165
0.028566652946197965,full_latent_coordinatewise,exact_sharing,64,650165,variance_estimation,165
8.207503875158964e-05,full_latent_pooled,exact_sharing,64,650165,variance_estimation,165
1.3412954626033395,qalt_pooled,alternating_variances,64,650165,variance_estimation,165
0.1320055854630025,full_latent_coordinatewise,alternating_variances,64,650165,variance_estimation,165
1.3412954626033395,full_latent_pooled,alternating_variances,64,650165,variance_estimation,165
0.014319684423648588,qalt_pooled,exact_sharing,64,650166,variance_estimation,166
0.11867529661825077,full_latent_coordinatewise,exact_sharing,64,650166,variance_estimation,166
0.014319684423648588,full_latent_pooled,exact_sharing,64,650166,variance_estimation,166
1.338996791325716,qalt_pooled,alternating_variances,64,650166,variance_estimation,166
0.07854818348656856,full_latent_coordinatewise,alternating_variances,64,650166,variance_estimation,166
1.338996791325716,full_latent_pooled,alternating_variances,64,650166,variance_estimation,166
0.01245539885691066,qalt_pooled,exact_sharing,64,650167,variance_estimation,167
0.14975632624677385,full_latent_coordinatewise,exact_sharing,64,650167,variance_estimation,167
0.01245539885691066,full_latent_pooled,exact_sharing,64,650167,variance_estimation,167
1.340132726590026,qalt_pooled,alternating_variances,64,650167,variance_estimation,167
0.10900579490312999,full_latent_coordinatewise,alternating_variances,64,650167,variance_estimation,167
1.340132726590026,full_latent_pooled,alternating_variances,64,650167,variance_estimation,167
0.0010070428559652914,qalt_pooled,exact_sharing,64,650168,variance_estimation,168
0.0931048118845774,full_latent_coordinatewise,exact_sharing,64,650168,variance_estimation,168
0.0010070428559652914,full_latent_pooled,exact_sharing,64,650168,variance_estimation,168
1.3394239788181226,qalt_pooled,alternating_variances,64,650168,variance_estimation,168
0.05868355598143947,full_latent_coordinatewise,alternating_variances,64,650168,variance_estimation,168
1.3394239788181226,full_latent_pooled,alternating_variances,64,650168,variance_estimation,168
1.6563163029534138e-05,qalt_pooled,exact_sharing,64,650169,variance_estimation,169
0.08707414851540897,full_latent_coordinatewise,exact_sharing,64,650169,variance_estimation,169
1.6563163029534138e-05,full_latent_pooled,exact_sharing,64,650169,variance_estimation,169
1.3642224294061327,qalt_pooled,alternating_variances,64,650169,variance_estimation,169
0.0878651694207868,full_latent_coordinatewise,alternating_variances,64,650169,variance_estimation,169
1.3642224294061327,full_latent_pooled,alternating_variances,64,650169,variance_estimation,169
0.0010436357206271285,qalt_pooled,exact_sharing,64,650170,variance_estimation,170
0.07657988886030213,full_latent_coordinatewise,exact_sharing,64,650170,variance_estimation,170
0.0010436357206271285,full_latent_pooled,exact_sharing,64,650170,variance_estimation,170
1.3582284436089505,qalt_pooled,alternating_variances,64,650170,variance_estimation,170
0.12983187611950767,full_latent_coordinatewise,alternating_variances,64,650170,variance_estimation,170
1.3582284436089505,full_latent_pooled,alternating_variances,64,650170,variance_estimation,170
3.2348201059865557e-06,qalt_pooled,exact_sharing,64,650171,variance_estimation,171
0.15382129950618711,full_latent_coordinatewise,exact_sharing,64,650171,variance_estimation,171
3.2348201059865557e-06,full_latent_pooled,exact_sharing,64,650171,variance_estimation,171
1.3497295525558215,qalt_pooled,alternating_variances,64,650171,variance_estimation,171
0.05287145617163052,full_latent_coordinatewise,alternating_variances,64,650171,variance_estimation,171
1.3497295525558215,full_latent_pooled,alternating_variances,64,650171,variance_estimation,171
0.016358374285117133,qalt_pooled,exact_sharing,64,650172,variance_estimation,172
0.12740190790493644,full_latent_coordinatewise,exact_sharing,64,650172,variance_estimation,172
0.016358374285117133,full_latent_pooled,exact_sharing,64,650172,variance_estimation,172
1.3428376088952074,qalt_pooled,alternating_variances,64,650172,variance_estimation,172
0.07126007505591789,full_latent_coordinatewise,alternating_variances,64,650172,variance_estimation,172
1.3428376088952074,full_latent_pooled,alternating_variances,64,650172,variance_estimation,172
0.0023602287514138467,qalt_pooled,exact_sharing,64,650173,variance_estimation,173
0.2568856771314119,full_latent_coordinatewise,exact_sharing,64,650173,variance_estimation,173
0.0023602287514138467,full_latent_pooled,exact_sharing,64,650173,variance_estimation,173
1.344897996859887,qalt_pooled,alternating_variances,64,650173,variance_estimation,173
0.07272971924916716,full_latent_coordinatewise,alternating_variances,64,650173,variance_estimation,173
1.344897996859887,full_latent_pooled,alternating_variances,64,650173,variance_estimation,173
0.0007582621690783581,qalt_pooled,exact_sharing,64,650174,variance_estimation,174
0.0872451064307008,full_latent_coordinatewise,exact_sharing,64,650174,variance_estimation,174
0.0007582621690783581,full_latent_pooled,exact_sharing,64,650174,variance_estimation,174
1.338877856496561,qalt_pooled,alternating_variances,64,650174,variance_estimation,174
0.08090468911578355,full_latent_coordinatewise,alternating_variances,64,650174,variance_estimation,174
1.338877856496561,full_latent_pooled,alternating_variances,64,650174,variance_estimation,174
0.0012597348280532356,qalt_pooled,exact_sharing,64,650175,variance_estimation,175
0.1057583928642023,full_latent_coordinatewise,exact_sharing,64,650175,variance_estimation,175
0.0012597348280532356,full_latent_pooled,exact_sharing,64,650175,variance_estimation,175
1.4167956393982095,qalt_pooled,alternating_variances,64,650175,variance_estimation,175
0.11768315377250409,full_latent_coordinatewise,alternating_variances,64,650175,variance_estimation,175
1.4167956393982095,full_latent_pooled,alternating_variances,64,650175,variance_estimation,175
0.00035997062785608075,qalt_pooled,exact_sharing,64,650176,variance_estimation,176
0.05671407685749599,full_latent_coordinatewise,exact_sharing,64,650176,variance_estimation,176
0.00035997062785608075,full_latent_pooled,exact_sharing,64,650176,variance_estimation,176
1.3396262745425844,qalt_pooled,alternating_variances,64,650176,variance_estimation,176
0.07234822677973009,full_latent_coordinatewise,alternating_variances,64,650176,variance_estimation,176
1.3396262745425844,full_latent_pooled,alternating_variances,64,650176,variance_estimation,176
0.055163799704299854,qalt_pooled,exact_sharing,64,650177,variance_estimation,177
0.17242173935983135,full_latent_coordinatewise,exact_sharing,64,650177,variance_estimation,177
0.055163799704299854,full_latent_pooled,exact_sharing,64,650177,variance_estimation,177
1.3420664353163447,qalt_pooled,alternating_variances,64,650177,variance_estimation,177
0.07380631147053185,full_latent_coordinatewise,alternating_variances,64,650177,variance_estimation,177
1.3420664353163447,full_latent_pooled,alternating_variances,64,650177,variance_estimation,177
3.818113279992902e-05,qalt_pooled,exact_sharing,64,650178,variance_estimation,178
0.10470051422829381,full_latent_coordinatewise,exact_sharing,64,650178,variance_estimation,178
3.818113279992902e-05,full_latent_pooled,exact_sharing,64,650178,variance_estimation,178
1.3460261076625195,qalt_pooled,alternating_variances,64,650178,variance_estimation,178
0.03124443110974068,full_latent_coordinatewise,alternating_variances,64,650178,variance_estimation,178
1.3460261076625195,full_latent_pooled,alternating_variances,64,650178,variance_estimation,178
7.3374207779980036e-06,qalt_pooled,exact_sharing,64,650179,variance_estimation,179
0.051112170410979874,full_latent_coordinatewise,exact_sharing,64,650179,variance_estimation,179
7.3374207779980036e-06,full_latent_pooled,exact_sharing,64,650179,variance_estimation,179
1.3564429050562024,qalt_pooled,alternating_variances,64,650179,variance_estimation,179
0.094933515119908,full_latent_coordinatewise,alternating_variances,64,650179,variance_estimation,179
1.3564429050562024,full_latent_pooled,alternating_variances,64,650179,variance_estimation,179
0.002518357719433692,qalt_pooled,exact_sharing,64,650180,variance_estimation,180
0.029117893154311784,full_latent_coordinatewise,exact_sharing,64,650180,variance_estimation,180
0.002518357719433692,full_latent_pooled,exact_sharing,64,650180,variance_estimation,180
1.3543621109349617,qalt_pooled,alternating_variances,64,650180,variance_estimation,180
0.11128498112630243,full_latent_coordinatewise,alternating_variances,64,650180,variance_estimation,180
1.3543621109349617,full_latent_pooled,alternating_variances,64,650180,variance_estimation,180
0.007501887939020457,qalt_pooled,exact_sharing,64,650181,variance_estimation,181
0.11519737112893833,full_latent_coordinatewise,exact_sharing,64,650181,variance_estimation,181
0.007501887939020457,full_latent_pooled,exact_sharing,64,650181,variance_estimation,181
1.338870392155707,qalt_pooled,alternating_variances,64,650181,variance_estimation,181
0.11855906713910185,full_latent_coordinatewise,alternating_variances,64,650181,variance_estimation,181
1.338870392155707,full_latent_pooled,alternating_variances,64,650181,variance_estimation,181
0.014832253818586993,qalt_pooled,exact_sharing,64,650182,variance_estimation,182
0.10883834622699443,full_latent_coordinatewise,exact_sharing,64,650182,variance_estimation,182
0.014832253818586993,full_latent_pooled,exact_sharing,64,650182,variance_estimation,182
1.3708669651538983,qalt_pooled,alternating_variances,64,650182,variance_estimation,182
0.10570305963031432,full_latent_coordinatewise,alternating_variances,64,650182,variance_estimation,182
1.3708669651538983,full_latent_pooled,alternating_variances,64,650182,variance_estimation,182
9.838894744190058e-05,qalt_pooled,exact_sharing,64,650183,variance_estimation,183
0.07968265440494753,full_latent_coordinatewise,exact_sharing,64,650183,variance_estimation,183
9.838894744190058e-05,full_latent_pooled,exact_sharing,64,650183,variance_estimation,183
1.342378031849739,qalt_pooled,alternating_variances,64,650183,variance_estimation,183
0.04409828242463953,full_latent_coordinatewise,alternating_variances,64,650183,variance_estimation,183
1.342378031849739,full_latent_pooled,alternating_variances,64,650183,variance_estimation,183
3.065950623895759e-05,qalt_pooled,exact_sharing,64,650184,variance_estimation,184
0.08703379538739492,full_latent_coordinatewise,exact_sharing,64,650184,variance_estimation,184
3.065950623895759e-05,full_latent_pooled,exact_sharing,64,650184,variance_estimation,184
1.361670079084473,qalt_pooled,alternating_variances,64,650184,variance_estimation,184
0.13733926365583946,full_latent_coordinatewise,alternating_variances,64,650184,variance_estimation,184
1.361670079084473,full_latent_pooled,alternating_variances,64,650184,variance_estimation,184
0.00011734152720994755,qalt_pooled,exact_sharing,64,650185,variance_estimation,185
0.07198939148898259,full_latent_coordinatewise,exact_sharing,64,650185,variance_estimation,185
0.00011734152720994755,full_latent_pooled,exact_sharing,64,650185,variance_estimation,185
1.3487587436513488,qalt_pooled,alternating_variances,64,650185,variance_estimation,185
0.1410736539941538,full_latent_coordinatewise,alternating_variances,64,650185,variance_estimation,185
1.3487587436513488,full_latent_pooled,alternating_variances,64,650185,variance_estimation,185
0.001771363860464753,qalt_pooled,exact_sharing,64,650186,variance_estimation,186
0.10063925970561818,full_latent_coordinatewise,exact_sharing,64,650186,variance_estimation,186
0.001771363860464753,full_latent_pooled,exact_sharing,64,650186,variance_estimation,186
1.3389932864424978,qalt_pooled,alternating_variances,64,650186,variance_estimation,186
0.05947963460574968,full_latent_coordinatewise,alternating_variances,64,650186,variance_estimation,186
1.3389932864424978,full_latent_pooled,alternating_variances,64,650186,variance_estimation,186
0.03191180653214143,qalt_pooled,exact_sharing,64,650187,variance_estimation,187
0.10337015350624082,full_latent_coordinatewise,exact_sharing,64,650187,variance_estimation,187
0.03191180653214143,full_latent_pooled,exact_sharing,64,650187,variance_estimation,187
1.341081545408398,qalt_pooled,alternating_variances,64,650187,variance_estimation,187
0.07931667679183868,full_latent_coordinatewise,alternating_variances,64,650187,variance_estimation,187
1.341081545408398,full_latent_pooled,alternating_variances,64,650187,variance_estimation,187
2.769028890310405e-05,qalt_pooled,exact_sharing,64,650188,variance_estimation,188
0.12140387009028254,full_latent_coordinatewise,exact_sharing,64,650188,variance_estimation,188
2.769028890310405e-05,full_latent_pooled,exact_sharing,64,650188,variance_estimation,188
1.3397625802270878,qalt_pooled,alternating_variances,64,650188,variance_estimation,188
0.11113916938248969,full_latent_coordinatewise,alternating_variances,64,650188,variance_estimation,188
1.3397625802270878,full_latent_pooled,alternating_variances,64,650188,variance_estimation,188
0.002535142086786353,qalt_pooled,exact_sharing,64,650189,variance_estimation,189
0.09699536187437637,full_latent_coordinatewise,exact_sharing,64,650189,variance_estimation,189
0.002535142086786353,full_latent_pooled,exact_sharing,64,650189,variance_estimation,189
1.3486545098767395,qalt_pooled,alternating_variances,64,650189,variance_estimation,189
0.1356866268643725,full_latent_coordinatewise,alternating_variances,64,650189,variance_estimation,189
1.3486545098767395,full_latent_pooled,alternating_variances,64,650189,variance_estimation,189
1.7366511646506842e-05,qalt_pooled,exact_sharing,64,650190,variance_estimation,190
0.04059417553063371,full_latent_coordinatewise,exact_sharing,64,650190,variance_estimation,190
1.7366511646506842e-05,full_latent_pooled,exact_sharing,64,650190,variance_estimation,190
1.3395547510901098,qalt_pooled,alternating_variances,64,650190,variance_estimation,190
0.23229628264625507,full_latent_coordinatewise,alternating_variances,64,650190,variance_estimation,190
1.3395547510901098,full_latent_pooled,alternating_variances,64,650190,variance_estimation,190
0.006003885588829486,qalt_pooled,exact_sharing,64,650191,variance_estimation,191
0.04146374340706166,full_latent_coordinatewise,exact_sharing,64,650191,variance_estimation,191
0.006003885588829486,full_latent_pooled,exact_sharing,64,650191,variance_estimation,191
1.3554015222257076,qalt_pooled,alternating_variances,64,650191,variance_estimation,191
0.14263791325169808,full_latent_coordinatewise,alternating_variances,64,650191,variance_estimation,191
1.3554015222257076,full_latent_pooled,alternating_variances,64,650191,variance_estimation,191
0.004690702466286972,qalt_pooled,exact_sharing,64,650192,variance_estimation,192
0.09045349076282,full_latent_coordinatewise,exact_sharing,64,650192,variance_estimation,192
0.004690702466286972,full_latent_pooled,exact_sharing,64,650192,variance_estimation,192
1.3393224162315076,qalt_pooled,alternating_variances,64,650192,variance_estimation,192
0.02689037009388287,full_latent_coordinatewise,alternating_variances,64,650192,variance_estimation,192
1.3393224162315076,full_latent_pooled,alternating_variances,64,650192,variance_estimation,192
0.007856259894859649,qalt_pooled,exact_sharing,64,650193,variance_estimation,193
0.10354291593123308,full_latent_coordinatewise,exact_sharing,64,650193,variance_estimation,193
0.007856259894859649,full_latent_pooled,exact_sharing,64,650193,variance_estimation,193
1.3396239723917294,qalt_pooled,alternating_variances,64,650193,variance_estimation,193
0.12636914555613327,full_latent_coordinatewise,alternating_variances,64,650193,variance_estimation,193
1.3396239723917294,full_latent_pooled,alternating_variances,64,650193,variance_estimation,193
0.013175914443692816,qalt_pooled,exact_sharing,64,650194,variance_estimation,194
0.08040905312850836,full_latent_coordinatewise,exact_sharing,64,650194,variance_estimation,194
0.013175914443692816,full_latent_pooled,exact_sharing,64,650194,variance_estimation,194
1.339124987283759,qalt_pooled,alternating_variances,64,650194,variance_estimation,194
0.10034539774589193,full_latent_coordinatewise,alternating_variances,64,650194,variance_estimation,194
1.339124987283759,full_latent_pooled,alternating_variances,64,650194,variance_estimation,194
0.003954984299899378,qalt_pooled,exact_sharing,64,650195,variance_estimation,195
0.1064367006499863,full_latent_coordinatewise,exact_sharing,64,650195,variance_estimation,195
0.003954984299899378,full_latent_pooled,exact_sharing,64,650195,variance_estimation,195
1.3388677107956184,qalt_pooled,alternating_variances,64,650195,variance_estimation,195
0.10642211786001987,full_latent_coordinatewise,alternating_variances,64,650195,variance_estimation,195
1.3388677107956184,full_latent_pooled,alternating_variances,64,650195,variance_estimation,195
0.002026407020277003,qalt_pooled,exact_sharing,64,650196,variance_estimation,196
0.0754874431013432,full_latent_coordinatewise,exact_sharing,64,650196,variance_estimation,196
0.002026407020277003,full_latent_pooled,exact_sharing,64,650196,variance_estimation,196
1.3399624304041096,qalt_pooled,alternating_variances,64,650196,variance_estimation,196
0.1479049593741904,full_latent_coordinatewise,alternating_variances,64,650196,variance_estimation,196
1.3399624304041096,full_latent_pooled,alternating_variances,64,650196,variance_estimation,196
0.040310702842849794,qalt_pooled,exact_sharing,64,650197,variance_estimation,197
0.15967808928795751,full_latent_coordinatewise,exact_sharing,64,650197,variance_estimation,197
0.040310702842849794,full_latent_pooled,exact_sharing,64,650197,variance_estimation,197
1.3589724999221042,qalt_pooled,alternating_variances,64,650197,variance_estimation,197
0.15185333424937741,full_latent_coordinatewise,alternating_variances,64,650197,variance_estimation,197
1.3589724999221042,full_latent_pooled,alternating_variances,64,650197,variance_estimation,197
0.002071049321593771,qalt_pooled,exact_sharing,64,650198,variance_estimation,198
0.07069549636089195,full_latent_coordinatewise,exact_sharing,64,650198,variance_estimation,198
0.002071049321593771,full_latent_pooled,exact_sharing,64,650198,variance_estimation,198
1.3389266928568373,qalt_pooled,alternating_variances,64,650198,variance_estimation,198
0.19670987579561394,full_latent_coordinatewise,alternating_variances,64,650198,variance_estimation,198
1.3389266928568373,full_latent_pooled,alternating_variances,64,650198,variance_estimation,198
0.0015293878650693288,qalt_pooled,exact_sharing,64,650199,variance_estimation,199
0.10495397407277664,full_latent_coordinatewise,exact_sharing,64,650199,variance_estimation,199
0.0015293878650693288,full_latent_pooled,exact_sharing,64,650199,variance_estimation,199
1.3393358349200657,qalt_pooled,alternating_variances,64,650199,variance_estimation,199
0.11747586295097485,full_latent_coordinatewise,alternating_variances,64,650199,variance_estimation,199
1.3393358349200657,full_latent_pooled,alternating_variances,64,650199,variance_estimation,199
0.0045500610554985305,qalt_pooled,exact_sharing,128,1290000,variance_estimation,0
0.04599815536981826,full_latent_coordinatewise,exact_sharing,128,1290000,variance_estimation,0
0.0045500610554985305,full_latent_pooled,exact_sharing,128,1290000,variance_estimation,0
1.3390338378689406,qalt_pooled,alternating_variances,128,1290000,variance_estimation,0
0.04716338418428216,full_latent_coordinatewise,alternating_variances,128,1290000,variance_estimation,0
1.3390338378689406,full_latent_pooled,alternating_variances,128,1290000,variance_estimation,0
0.0008214659564104096,qalt_pooled,exact_sharing,128,1290001,variance_estimation,1
0.03725684408782524,full_latent_coordinatewise,exact_sharing,128,1290001,variance_estimation,1
0.0008214659564104096,full_latent_pooled,exact_sharing,128,1290001,variance_estimation,1
1.3451517331217986,qalt_pooled,alternating_variances,128,1290001,variance_estimation,1
0.041252871878076705,full_latent_coordinatewise,alternating_variances,128,1290001,variance_estimation,1
1.3451517331217986,full_latent_pooled,alternating_variances,128,1290001,variance_estimation,1
0.012453843973701556,qalt_pooled,exact_sharing,128,1290002,variance_estimation,2
0.04057625081476201,full_latent_coordinatewise,exact_sharing,128,1290002,variance_estimation,2
0.012453843973701556,full_latent_pooled,exact_sharing,128,1290002,variance_estimation,2
1.3507966769672834,qalt_pooled,alternating_variances,128,1290002,variance_estimation,2
0.04437797963376897,full_latent_coordinatewise,alternating_variances,128,1290002,variance_estimation,2
1.3507966769672834,full_latent_pooled,alternating_variances,128,1290002,variance_estimation,2
0.001206132163897325,qalt_pooled,exact_sharing,128,1290003,variance_estimation,3
0.017041794393282208,full_latent_coordinatewise,exact_sharing,128,1290003,variance_estimation,3
0.001206132163897325,full_latent_pooled,exact_sharing,128,1290003,variance_estimation,3
1.3419669217581964,qalt_pooled,alternating_variances,128,1290003,variance_estimation,3
0.04240755282878625,full_latent_coordinatewise,alternating_variances,128,1290003,variance_estimation,3
1.3419669217581964,full_latent_pooled,alternating_variances,128,1290003,variance_estimation,3
0.0018625550996229714,qalt_pooled,exact_sharing,128,1290004,variance_estimation,4
0.03677255826334803,full_latent_coordinatewise,exact_sharing,128,1290004,variance_estimation,4
0.0018625550996229714,full_latent_pooled,exact_sharing,128,1290004,variance_estimation,4
1.339057384615965,qalt_pooled,alternating_variances,128,1290004,variance_estimation,4
0.054226563159984593,full_latent_coordinatewise,alternating_variances,128,1290004,variance_estimation,4
1.339057384615965,full_latent_pooled,alternating_variances,128,1290004,variance_estimation,4
0.000368791533503169,qalt_pooled,exact_sharing,128,1290005,variance_estimation,5
0.06924450566623433,full_latent_coordinatewise,exact_sharing,128,1290005,variance_estimation,5
0.000368791533503169,full_latent_pooled,exact_sharing,128,1290005,variance_estimation,5
1.341884458556877,qalt_pooled,alternating_variances,128,1290005,variance_estimation,5
0.051112349732713884,full_latent_coordinatewise,alternating_variances,128,1290005,variance_estimation,5
1.341884458556877,full_latent_pooled,alternating_variances,128,1290005,variance_estimation,5
0.00039154639431137825,qalt_pooled,exact_sharing,128,1290006,variance_estimation,6
0.07328266659782517,full_latent_coordinatewise,exact_sharing,128,1290006,variance_estimation,6
0.00039154639431137825,full_latent_pooled,exact_sharing,128,1290006,variance_estimation,6
1.3388994218734225,qalt_pooled,alternating_variances,128,1290006,variance_estimation,6
0.062221045196197984,full_latent_coordinatewise,alternating_variances,128,1290006,variance_estimation,6
1.3388994218734225,full_latent_pooled,alternating_variances,128,1290006,variance_estimation,6
0.00012245977468998588,qalt_pooled,exact_sharing,128,1290007,variance_estimation,7
0.11176235954317318,full_latent_coordinatewise,exact_sharing,128,1290007,variance_estimation,7
0.00012245977468998588,full_latent_pooled,exact_sharing,128,1290007,variance_estimation,7
1.3414784092831915,qalt_pooled,alternating_variances,128,1290007,variance_estimation,7
0.027523485070605036,full_latent_coordinatewise,alternating_variances,128,1290007,variance_estimation,7
1.3414784092831915,full_latent_pooled,alternating_variances,128,1290007,variance_estimation,7
0.018921933166919508,qalt_pooled,exact_sharing,128,1290008,variance_estimation,8
0.047099748999668366,full_latent_coordinatewise,exact_sharing,128,1290008,variance_estimation,8
0.018921933166919508,full_latent_pooled,exact_sharing,128,1290008,variance_estimation,8
1.33920959605414,qalt_pooled,alternating_variances,128,1290008,variance_estimation,8
0.03791662661538067,full_latent_coordinatewise,alternating_variances,128,1290008,variance_estimation,8
1.33920959605414,full_latent_pooled,alternating_variances,128,1290008,variance_estimation,8
4.0623714023352644e-05,qalt_pooled,exact_sharing,128,1290009,variance_estimation,9
0.043079267958380796,full_latent_coordinatewise,exact_sharing,128,1290009,variance_estimation,9
4.0623714023352644e-05,full_latent_pooled,exact_sharing,128,1290009,variance_estimation,9
1.3388753803946951,qalt_pooled,alternating_variances,128,1290009,variance_estimation,9
0.009007037115090846,full_latent_coordinatewise,alternating_variances,128,1290009,variance_estimation,9
1.3388753803946951,full_latent_pooled,alternating_variances,128,1290009,variance_estimation,9
0.004249311350327911,qalt_pooled,exact_sharing,128,1290010,variance_estimation,10
0.0291984907620339,full_latent_coordinatewise,exact_sharing,128,1290010,variance_estimation,10
0.004249311350327911,full_latent_pooled,exact_sharing,128,1290010,variance_estimation,10
1.339540927173197,qalt_pooled,alternating_variances,128,1290010,variance_estimation,10
0.03661194506363906,full_latent_coordinatewise,alternating_variances,128,1290010,variance_estimation,10
1.339540927173197,full_latent_pooled,alternating_variances,128,1290010,variance_estimation,10
0.0005620848984306225,qalt_pooled,exact_sharing,128,1290011,variance_estimation,11
0.04998911373588866,full_latent_coordinatewise,exact_sharing,128,1290011,variance_estimation,11
0.0005620848984306225,full_latent_pooled,exact_sharing,128,1290011,variance_estimation,11
1.3570687058723445,qalt_pooled,alternating_variances,128,1290011,variance_estimation,11
0.05057410849482747,full_latent_coordinatewise,alternating_variances,128,1290011,variance_estimation,11
1.3570687058723445,full_latent_pooled,alternating_variances,128,1290011,variance_estimation,11
0.0005518444581105696,qalt_pooled,exact_sharing,128,1290012,variance_estimation,12
0.0798962607817244,full_latent_coordinatewise,exact_sharing,128,1290012,variance_estimation,12
0.0005518444581105696,full_latent_pooled,exact_sharing,128,1290012,variance_estimation,12
1.3399801908791067,qalt_pooled,alternating_variances,128,1290012,variance_estimation,12
0.03792837683496128,full_latent_coordinatewise,alternating_variances,128,1290012,variance_estimation,12
1.3399801908791067,full_latent_pooled,alternating_variances,128,1290012,variance_estimation,12
0.0014235427656393088,qalt_pooled,exact_sharing,128,1290013,variance_estimation,13
0.034228466914223085,full_latent_coordinatewise,exact_sharing,128,1290013,variance_estimation,13
0.0014235427656393088,full_latent_pooled,exact_sharing,128,1290013,variance_estimation,13
1.351415125291108,qalt_pooled,alternating_variances,128,1290013,variance_estimation,13
0.057600769208216177,full_latent_coordinatewise,alternating_variances,128,1290013,variance_estimation,13
1.351415125291108,full_latent_pooled,alternating_variances,128,1290013,variance_estimation,13
0.006204881906120924,qalt_pooled,exact_sharing,128,1290014,variance_estimation,14
0.030362253624954212,full_latent_coordinatewise,exact_sharing,128,1290014,variance_estimation,14
0.006204881906120924,full_latent_pooled,exact_sharing,128,1290014,variance_estimation,14
1.3405635219932828,qalt_pooled,alternating_variances,128,1290014,variance_estimation,14
0.060039093154161866,full_latent_coordinatewise,alternating_variances,128,1290014,variance_estimation,14
1.3405635219932828,full_latent_pooled,alternating_variances,128,1290014,variance_estimation,14
0.002761417999997455,qalt_pooled,exact_sharing,128,1290015,variance_estimation,15
0.05783929116695516,full_latent_coordinatewise,exact_sharing,128,1290015,variance_estimation,15
0.002761417999997455,full_latent_pooled,exact_sharing,128,1290015,variance_estimation,15
1.353976731583789,qalt_pooled,alternating_variances,128,1290015,variance_estimation,15
0.04760875811545096,full_latent_coordinatewise,alternating_variances,128,1290015,variance_estimation,15
1.353976731583789,full_latent_pooled,alternating_variances,128,1290015,variance_estimation,15
0.0011132261926811368,qalt_pooled,exact_sharing,128,1290016,variance_estimation,16
0.04207397435077569,full_latent_coordinatewise,exact_sharing,128,1290016,variance_estimation,16
0.0011132261926811368,full_latent_pooled,exact_sharing,128,1290016,variance_estimation,16
1.3393649149075675,qalt_pooled,alternating_variances,128,1290016,variance_estimation,16
0.03814860050427611,full_latent_coordinatewise,alternating_variances,128,1290016,variance_estimation,16
1.3393649149075675,full_latent_pooled,alternating_variances,128,1290016,variance_estimation,16
0.002069078614997652,qalt_pooled,exact_sharing,128,1290017,variance_estimation,17
0.030195781511195563,full_latent_coordinatewise,exact_sharing,128,1290017,variance_estimation,17
0.002069078614997652,full_latent_pooled,exact_sharing,128,1290017,variance_estimation,17
1.346417149169697,qalt_pooled,alternating_variances,128,1290017,variance_estimation,17
0.04735839198087005,full_latent_coordinatewise,alternating_variances,128,1290017,variance_estimation,17
1.346417149169697,full_latent_pooled,alternating_variances,128,1290017,variance_estimation,17
0.0011080050254138121,qalt_pooled,exact_sharing,128,1290018,variance_estimation,18
0.01517615335944483,full_latent_coordinatewise,exact_sharing,128,1290018,variance_estimation,18
0.0011080050254138121,full_latent_pooled,exact_sharing,128,1290018,variance_estimation,18
1.3398036889248472,qalt_pooled,alternating_variances,128,1290018,variance_estimation,18
0.03571808380952437,full_latent_coordinatewise,alternating_variances,128,1290018,variance_estimation,18
1.3398036889248472,full_latent_pooled,alternating_variances,128,1290018,variance_estimation,18
0.0009515046383226436,qalt_pooled,exact_sharing,128,1290019,variance_estimation,19
0.03652017012085027,full_latent_coordinatewise,exact_sharing,128,1290019,variance_estimation,19
0.0009515046383226436,full_latent_pooled,exact_sharing,128,1290019,variance_estimation,19
1.339298624457515,qalt_pooled,alternating_variances,128,1290019,variance_estimation,19
0.04731258490038591,full_latent_coordinatewise,alternating_variances,128,1290019,variance_estimation,19
1.339298624457515,full_latent_pooled,alternating_variances,128,1290019,variance_estimation,19
0.0031711963855713954,qalt_pooled,exact_sharing,128,1290020,variance_estimation,20
0.05063682881522018,full_latent_coordinatewise,exact_sharing,128,1290020,variance_estimation,20
0.0031711963855713954,full_latent_pooled,exact_sharing,128,1290020,variance_estimation,20
1.3405384802038973,qalt_pooled,alternating_variances,128,1290020,variance_estimation,20
0.034763893063795626,full_latent_coordinatewise,alternating_variances,128,1290020,variance_estimation,20
1.3405384802038973,full_latent_pooled,alternating_variances,128,1290020,variance_estimation,20
0.0024296400022088757,qalt_pooled,exact_sharing,128,1290021,variance_estimation,21
0.041227711831107794,full_latent_coordinatewise,exact_sharing,128,1290021,variance_estimation,21
0.0024296400022088757,full_latent_pooled,exact_sharing,128,1290021,variance_estimation,21
1.351535198673663,qalt_pooled,alternating_variances,128,1290021,variance_estimation,21
0.03648512555777092,full_latent_coordinatewise,alternating_variances,128,1290021,variance_estimation,21
1.351535198673663,full_latent_pooled,alternating_variances,128,1290021,variance_estimation,21
4.8712431136731585e-05,qalt_pooled,exact_sharing,128,1290022,variance_estimation,22
0.02391460487990873,full_latent_coordinatewise,exact_sharing,128,1290022,variance_estimation,22
4.8712431136731585e-05,full_latent_pooled,exact_sharing,128,1290022,variance_estimation,22
1.3393881716057845,qalt_pooled,alternating_variances,128,1290022,variance_estimation,22
0.07182926378527354,full_latent_coordinatewise,alternating_variances,128,1290022,variance_estimation,22
1.3393881716057845,full_latent_pooled,alternating_variances,128,1290022,variance_estimation,22
0.00030346986115995997,qalt_pooled,exact_sharing,128,1290023,variance_estimation,23
0.1207115402561245,full_latent_coordinatewise,exact_sharing,128,1290023,variance_estimation,23
0.00030346986115995997,full_latent_pooled,exact_sharing,128,1290023,variance_estimation,23
1.339111206391364,qalt_pooled,alternating_variances,128,1290023,variance_estimation,23
0.0753471376764891,full_latent_coordinatewise,alternating_variances,128,1290023,variance_estimation,23
1.339111206391364,full_latent_pooled,alternating_variances,128,1290023,variance_estimation,23
0.00017328008880733783,qalt_pooled,exact_sharing,128,1290024,variance_estimation,24
0.06850654532043612,full_latent_coordinatewise,exact_sharing,128,1290024,variance_estimation,24
0.00017328008880733783,full_latent_pooled,exact_sharing,128,1290024,variance_estimation,24
1.3391607409499287,qalt_pooled,alternating_variances,128,1290024,variance_estimation,24
0.04783054973205063,full_latent_coordinatewise,alternating_variances,128,1290024,variance_estimation,24
1.3391607409499287,full_latent_pooled,alternating_variances,128,1290024,variance_estimation,24
0.0024879965456765726,qalt_pooled,exact_sharing,128,1290025,variance_estimation,25
0.09541640638532692,full_latent_coordinatewise,exact_sharing,128,1290025,variance_estimation,25
0.0024879965456765726,full_latent_pooled,exact_sharing,128,1290025,variance_estimation,25
1.34876043271244,qalt_pooled,alternating_variances,128,1290025,variance_estimation,25
0.05158914702073331,full_latent_coordinatewise,alternating_variances,128,1290025,variance_estimation,25
1.34876043271244,full_latent_pooled,alternating_variances,128,1290025,variance_estimation,25
0.0015818085131186418,qalt_pooled,exact_sharing,128,1290026,variance_estimation,26
0.07359252898803338,full_latent_coordinatewise,exact_sharing,128,1290026,variance_estimation,26
0.0015818085131186418,full_latent_pooled,exact_sharing,128,1290026,variance_estimation,26
1.3411126158640665,qalt_pooled,alternating_variances,128,1290026,variance_estimation,26
0.03296401423091168,full_latent_coordinatewise,alternating_variances,128,1290026,variance_estimation,26
1.3411126158640665,full_latent_pooled,alternating_variances,128,1290026,variance_estimation,26
0.009946174827395071,qalt_pooled,exact_sharing,128,1290027,variance_estimation,27
0.08874710168005603,full_latent_coordinatewise,exact_sharing,128,1290027,variance_estimation,27
0.009946174827395071,full_latent_pooled,exact_sharing,128,1290027,variance_estimation,27
1.3639019898049531,qalt_pooled,alternating_variances,128,1290027,variance_estimation,27
0.04416191505412061,full_latent_coordinatewise,alternating_variances,128,1290027,variance_estimation,27
1.3639019898049531,full_latent_pooled,alternating_variances,128,1290027,variance_estimation,27
0.0050458111182457716,qalt_pooled,exact_sharing,128,1290028,variance_estimation,28
0.02311906160112079,full_latent_coordinatewise,exact_sharing,128,1290028,variance_estimation,28
0.0050458111182457716,full_latent_pooled,exact_sharing,128,1290028,variance_estimation,28
1.345287565172856,qalt_pooled,alternating_variances,128,1290028,variance_estimation,28
0.04789513268699647,full_latent_coordinatewise,alternating_variances,128,1290028,variance_estimation,28
1.345287565172856,full_latent_pooled,alternating_variances,128,1290028,variance_estimation,28
0.0013833967188411622,qalt_pooled,exact_sharing,128,1290029,variance_estimation,29
0.043312103165712934,full_latent_coordinatewise,exact_sharing,128,1290029,variance_estimation,29
0.0013833967188411622,full_latent_pooled,exact_sharing,128,1290029,variance_estimation,29
1.3391541816521184,qalt_pooled,alternating_variances,128,1290029,variance_estimation,29
0.040145260319913216,full_latent_coordinatewise,alternating_variances,128,1290029,variance_estimation,29
1.3391541816521184,full_latent_pooled,alternating_variances,128,1290029,variance_estimation,29
0.002613125188678643,qalt_pooled,exact_sharing,128,1290030,variance_estimation,30
0.0193578088806156,full_latent_coordinatewise,exact_sharing,128,1290030,variance_estimation,30
0.002613125188678643,full_latent_pooled,exact_sharing,128,1290030,variance_estimation,30
1.369104366928478,qalt_pooled,alternating_variances,128,1290030,variance_estimation,30
0.1188178431708941,full_latent_coordinatewise,alternating_variances,128,1290030,variance_estimation,30
1.369104366928478,full_latent_pooled,alternating_variances,128,1290030,variance_estimation,30
0.00027207989511639566,qalt_pooled,exact_sharing,128,1290031,variance_estimation,31
0.022430666052915833,full_latent_coordinatewise,exact_sharing,128,1290031,variance_estimation,31
0.00027207989511639566,full_latent_pooled,exact_sharing,128,1290031,variance_estimation,31
1.3390366993917004,qalt_pooled,alternating_variances,128,1290031,variance_estimation,31
0.029051857317731675,full_latent_coordinatewise,alternating_variances,128,1290031,variance_estimation,31
1.3390366993917004,full_latent_pooled,alternating_variances,128,1290031,variance_estimation,31
0.005053469582062056,qalt_pooled,exact_sharing,128,1290032,variance_estimation,32
0.04159164033597916,full_latent_coordinatewise,exact_sharing,128,1290032,variance_estimation,32
0.005053469582062056,full_latent_pooled,exact_sharing,128,1290032,variance_estimation,32
1.3448286382114891,qalt_pooled,alternating_variances,128,1290032,variance_estimation,32
0.06768587563371273,full_latent_coordinatewise,alternating_variances,128,1290032,variance_estimation,32
1.3448286382114891,full_latent_pooled,alternating_variances,128,1290032,variance_estimation,32
1.9358369395491327e-05,qalt_pooled,exact_sharing,128,1290033,variance_estimation,33
0.038401507361720065,full_latent_coordinatewise,exact_sharing,128,1290033,variance_estimation,33
1.9358369395491327e-05,full_latent_pooled,exact_sharing,128,1290033,variance_estimation,33
1.3392302303142996,qalt_pooled,alternating_variances,128,1290033,variance_estimation,33
0.024004161372455125,full_latent_coordinatewise,alternating_variances,128,1290033,variance_estimation,33
1.3392302303142996,full_latent_pooled,alternating_variances,128,1290033,variance_estimation,33
0.0025017155462297783,qalt_pooled,exact_sharing,128,1290034,variance_estimation,34
0.05179894372150151,full_latent_coordinatewise,exact_sharing,128,1290034,variance_estimation,34
0.0025017155462297783,full_latent_pooled,exact_sharing,128,1290034,variance_estimation,34
1.348214171875751,qalt_pooled,alternating_variances,128,1290034,variance_estimation,34
0.038955933285673136,full_latent_coordinatewise,alternating_variances,128,1290034,variance_estimation,34
1.348214171875751,full_latent_pooled,alternating_variances,128,1290034,variance_estimation,34
3.328552858567011e-07,qalt_pooled,exact_sharing,128,1290035,variance_estimation,35
0.059529610084782636,full_latent_coordinatewise,exact_sharing,128,1290035,variance_estimation,35
3.328552858567011e-07,full_latent_pooled,exact_sharing,128,1290035,variance_estimation,35
1.3424264128957324,qalt_pooled,alternating_variances,128,1290035,variance_estimation,35
0.04398470160306062,full_latent_coordinatewise,alternating_variances,128,1290035,variance_estimation,35
1.3424264128957324,full_latent_pooled,alternating_variances,128,1290035,variance_estimation,35
3.337406725420749e-05,qalt_pooled,exact_sharing,128,1290036,variance_estimation,36
0.0326265366694533,full_latent_coordinatewise,exact_sharing,128,1290036,variance_estimation,36
3.337406725420749e-05,full_latent_pooled,exact_sharing,128,1290036,variance_estimation,36
1.3619381197502278,qalt_pooled,alternating_variances,128,1290036,variance_estimation,36
0.04820893346519421,full_latent_coordinatewise,alternating_variances,128,1290036,variance_estimation,36
1.3619381197502278,full_latent_pooled,alternating_variances,128,1290036,variance_estimation,36
0.007721256611242844,qalt_pooled,exact_sharing,128,1290037,variance_estimation,37
0.05223533911569971,full_latent_coordinatewise,exact_sharing,128,1290037,variance_estimation,37
0.007721256611242844,full_latent_pooled,exact_sharing,128,1290037,variance_estimation,37
1.3485857113453636,qalt_pooled,alternating_variances,128,1290037,variance_estimation,37
0.031069187099391445,full_latent_coordinatewise,alternating_variances,128,1290037,variance_estimation,37
1.3485857113453636,full_latent_pooled,alternating_variances,128,1290037,variance_estimation,37
0.004318451772273801,qalt_pooled,exact_sharing,128,1290038,variance_estimation,38
0.07340568144187408,full_latent_coordinatewise,exact_sharing,128,1290038,variance_estimation,38
0.004318451772273801,full_latent_pooled,exact_sharing,128,1290038,variance_estimation,38
1.3470603993098114,qalt_pooled,alternating_variances,128,1290038,variance_estimation,38
0.04170160940673661,full_latent_coordinatewise,alternating_variances,128,1290038,variance_estimation,38
1.3470603993098114,full_latent_pooled,alternating_variances,128,1290038,variance_estimation,38
0.014145455694962339,qalt_pooled,exact_sharing,128,1290039,variance_estimation,39
0.054000456606288647,full_latent_coordinatewise,exact_sharing,128,1290039,variance_estimation,39
0.014145455694962339,full_latent_pooled,exact_sharing,128,1290039,variance_estimation,39
1.343209536215899,qalt_pooled,alternating_variances,128,1290039,variance_estimation,39
0.055350449352743136,full_latent_coordinatewise,alternating_variances,128,1290039,variance_estimation,39
1.343209536215899,full_latent_pooled,alternating_variances,128,1290039,variance_estimation,39
0.007622757784124773,qalt_pooled,exact_sharing,128,1290040,variance_estimation,40
0.02501980020855253,full_latent_coordinatewise,exact_sharing,128,1290040,variance_estimation,40
0.007622757784124773,full_latent_pooled,exact_sharing,128,1290040,variance_estimation,40
1.3473523545335389,qalt_pooled,alternating_variances,128,1290040,variance_estimation,40
0.03768753672128902,full_latent_coordinatewise,alternating_variances,128,1290040,variance_estimation,40
1.3473523545335389,full_latent_pooled,alternating_variances,128,1290040,variance_estimation,40
0.0006049574735610443,qalt_pooled,exact_sharing,128,1290041,variance_estimation,41
0.03324577514050811,full_latent_coordinatewise,exact_sharing,128,1290041,variance_estimation,41
0.0006049574735610443,full_latent_pooled,exact_sharing,128,1290041,variance_estimation,41
1.3388715017809762,qalt_pooled,alternating_variances,128,1290041,variance_estimation,41
0.020853637467318477,full_latent_coordinatewise,alternating_variances,128,1290041,variance_estimation,41
1.3388715017809762,full_latent_pooled,alternating_variances,128,1290041,variance_estimation,41
5.2921780177243166e-05,qalt_pooled,exact_sharing,128,1290042,variance_estimation,42
0.026524358763075004,full_latent_coordinatewise,exact_sharing,128,1290042,variance_estimation,42
5.2921780177243166e-05,full_latent_pooled,exact_sharing,128,1290042,variance_estimation,42
1.3421844167158066,qalt_pooled,alternating_variances,128,1290042,variance_estimation,42
0.02500515469563709,full_latent_coordinatewise,alternating_variances,128,1290042,variance_estimation,42
1.3421844167158066,full_latent_pooled,alternating_variances,128,1290042,variance_estimation,42
0.001046513901745566,qalt_pooled,exact_sharing,128,1290043,variance_estimation,43
0.022767569728668013,full_latent_coordinatewise,exact_sharing,128,1290043,variance_estimation,43
0.001046513901745566,full_latent_pooled,exact_sharing,128,1290043,variance_estimation,43
1.3389835794743894,qalt_pooled,alternating_variances,128,1290043,variance_estimation,43
0.03153275909469033,full_latent_coordinatewise,alternating_variances,128,1290043,variance_estimation,43
1.3389835794743894,full_latent_pooled,alternating_variances,128,1290043,variance_estimation,43
0.0038422559251606037,qalt_pooled,exact_sharing,128,1290044,variance_estimation,44
0.04619035203781,full_latent_coordinatewise,exact_sharing,128,1290044,variance_estimation,44
0.0038422559251606037,full_latent_pooled,exact_sharing,128,1290044,variance_estimation,44
1.3468828567124072,qalt_pooled,alternating_variances,128,1290044,variance_estimation,44
0.03906117834596674,full_latent_coordinatewise,alternating_variances,128,1290044,variance_estimation,44
1.3468828567124072,full_latent_pooled,alternating_variances,128,1290044,variance_estimation,44
0.0029875996523753556,qalt_pooled,exact_sharing,128,1290045,variance_estimation,45
0.05651798682307303,full_latent_coordinatewise,exact_sharing,128,1290045,variance_estimation,45
0.0029875996523753556,full_latent_pooled,exact_sharing,128,1290045,variance_estimation,45
1.3408460980504482,qalt_pooled,alternating_variances,128,1290045,variance_estimation,45
0.02990820986998315,full_latent_coordinatewise,alternating_variances,128,1290045,variance_estimation,45
1.3408460980504482,full_latent_pooled,alternating_variances,128,1290045,variance_estimation,45
0.0020454620843497542,qalt_pooled,exact_sharing,128,1290046,variance_estimation,46
0.03177456806108957,full_latent_coordinatewise,exact_sharing,128,1290046,variance_estimation,46
0.0020454620843497542,full_latent_pooled,exact_sharing,128,1290046,variance_estimation,46
1.341285456036469,qalt_pooled,alternating_variances,128,1290046,variance_estimation,46
0.05440370656308655,full_latent_coordinatewise,alternating_variances,128,1290046,variance_estimation,46
1.341285456036469,full_latent_pooled,alternating_variances,128,1290046,variance_estimation,46
0.005037355703955623,qalt_pooled,exact_sharing,128,1290047,variance_estimation,47
0.04760475283946593,full_latent_coordinatewise,exact_sharing,128,1290047,variance_estimation,47
0.005037355703955623,full_latent_pooled,exact_sharing,128,1290047,variance_estimation,47
1.340419743665194,qalt_pooled,alternating_variances,128,1290047,variance_estimation,47
0.03982897058068254,full_latent_coordinatewise,alternating_variances,128,1290047,variance_estimation,47
1.340419743665194,full_latent_pooled,alternating_variances,128,1290047,variance_estimation,47
0.010574690834315698,qalt_pooled,exact_sharing,128,1290048,variance_estimation,48
0.06210874876323124,full_latent_coordinatewise,exact_sharing,128,1290048,variance_estimation,48
0.010574690834315698,full_latent_pooled,exact_sharing,128,1290048,variance_estimation,48
1.3399654223528712,qalt_pooled,alternating_variances,128,1290048,variance_estimation,48
0.033142572053346975,full_latent_coordinatewise,alternating_variances,128,1290048,variance_estimation,48
1.3399654223528712,full_latent_pooled,alternating_variances,128,1290048,variance_estimation,48
9.032377757738595e-05,qalt_pooled,exact_sharing,128,1290049,variance_estimation,49
0.02612114652916797,full_latent_coordinatewise,exact_sharing,128,1290049,variance_estimation,49
9.032377757738595e-05,full_latent_pooled,exact_sharing,128,1290049,variance_estimation,49
1.3392523565935839,qalt_pooled,alternating_variances,128,1290049,variance_estimation,49
0.018864567070309896,full_latent_coordinatewise,alternating_variances,128,1290049,variance_estimation,49
1.3392523565935839,full_latent_pooled,alternating_variances,128,1290049,variance_estimation,49
4.724037945172052e-05,qalt_pooled,exact_sharing,128,1290050,variance_estimation,50
0.038363935667311236,full_latent_coordinatewise,exact_sharing,128,1290050,variance_estimation,50
4.724037945172052e-05,full_latent_pooled,exact_sharing,128,1290050,variance_estimation,50
1.3856410235562158,qalt_pooled,alternating_variances,128,1290050,variance_estimation,50
0.06964627851197319,full_latent_coordinatewise,alternating_variances,128,1290050,variance_estimation,50
1.3856410235562158,full_latent_pooled,alternating_variances,128,1290050,variance_estimation,50
0.010713753048304644,qalt_pooled,exact_sharing,128,1290051,variance_estimation,51
0.03824347420885085,full_latent_coordinatewise,exact_sharing,128,1290051,variance_estimation,51
0.010713753048304644,full_latent_pooled,exact_sharing,128,1290051,variance_estimation,51
1.3412653203350071,qalt_pooled,alternating_variances,128,1290051,variance_estimation,51
0.09539355619499727,full_latent_coordinatewise,alternating_variances,128,1290051,variance_estimation,51
1.3412653203350071,full_latent_pooled,alternating_variances,128,1290051,variance_estimation,51
0.012320755095852787,qalt_pooled,exact_sharing,128,1290052,variance_estimation,52
0.06648663647711084,full_latent_coordinatewise,exact_sharing,128,1290052,variance_estimation,52
0.012320755095852787,full_latent_pooled,exact_sharing,128,1290052,variance_estimation,52
1.3390982440463184,qalt_pooled,alternating_variances,128,1290052,variance_estimation,52
0.03233895414709779,full_latent_coordinatewise,alternating_variances,128,1290052,variance_estimation,52
1.3390982440463184,full_latent_pooled,alternating_variances,128,1290052,variance_estimation,52
0.0007235902909765099,qalt_pooled,exact_sharing,128,1290053,variance_estimation,53
0.06397912802420767,full_latent_coordinatewise,exact_sharing,128,1290053,variance_estimation,53
0.0007235902909765099,full_latent_pooled,exact_sharing,128,1290053,variance_estimation,53
1.3407042388287163,qalt_pooled,alternating_variances,128,1290053,variance_estimation,53
0.04088347521719288,full_latent_coordinatewise,alternating_variances,128,1290053,variance_estimation,53
1.3407042388287163,full_latent_pooled,alternating_variances,128,1290053,variance_estimation,53
0.0034316821732470193,qalt_pooled,exact_sharing,128,1290054,variance_estimation,54
0.05703973214743398,full_latent_coordinatewise,exact_sharing,128,1290054,variance_estimation,54
0.0034316821732470193,full_latent_pooled,exact_sharing,128,1290054,variance_estimation,54
1.3442474338624764,qalt_pooled,alternating_variances,128,1290054,variance_estimation,54
0.026163994040505546,full_latent_coordinatewise,alternating_variances,128,1290054,variance_estimation,54
1.3442474338624764,full_latent_pooled,alternating_variances,128,1290054,variance_estimation,54
0.0005070078010398216,qalt_pooled,exact_sharing,128,1290055,variance_estimation,55
0.03582827823068199,full_latent_coordinatewise,exact_sharing,128,1290055,variance_estimation,55
0.0005070078010398216,full_latent_pooled,exact_sharing,128,1290055,variance_estimation,55
1.3419657252149944,qalt_pooled,alternating_variances,128,1290055,variance_estimation,55
0.046760052785142336,full_latent_coordinatewise,alternating_variances,128,1290055,variance_estimation,55
1.3419657252149944,full_latent_pooled,alternating_variances,128,1290055,variance_estimation,55
0.011660413731527403,qalt_pooled,exact_sharing,128,1290056,variance_estimation,56
0.06136327957304709,full_latent_coordinatewise,exact_sharing,128,1290056,variance_estimation,56
0.011660413731527403,full_latent_pooled,exact_sharing,128,1290056,variance_estimation,56
1.3406956476219307,qalt_pooled,alternating_variances,128,1290056,variance_estimation,56
0.033944152466548395,full_latent_coordinatewise,alternating_variances,128,1290056,variance_estimation,56
1.3406956476219307,full_latent_pooled,alternating_variances,128,1290056,variance_estimation,56
0.001428388886121422,qalt_pooled,exact_sharing,128,1290057,variance_estimation,57
0.013752716713659166,full_latent_coordinatewise,exact_sharing,128,1290057,variance_estimation,57
0.001428388886121422,full_latent_pooled,exact_sharing,128,1290057,variance_estimation,57
1.3477031450475492,qalt_pooled,alternating_variances,128,1290057,variance_estimation,57
0.08898750895733977,full_latent_coordinatewise,alternating_variances,128,1290057,variance_estimation,57
1.3477031450475492,full_latent_pooled,alternating_variances,128,1290057,variance_estimation,57
0.0008791071289897465,qalt_pooled,exact_sharing,128,1290058,variance_estimation,58
0.03731319950759726,full_latent_coordinatewise,exact_sharing,128,1290058,variance_estimation,58
0.0008791071289897465,full_latent_pooled,exact_sharing,128,1290058,variance_estimation,58
1.344737058595135,qalt_pooled,alternating_variances,128,1290058,variance_estimation,58
0.031011634401214735,full_latent_coordinatewise,alternating_variances,128,1290058,variance_estimation,58
1.344737058595135,full_latent_pooled,alternating_variances,128,1290058,variance_estimation,58
0.017631163450563064,qalt_pooled,exact_sharing,128,1290059,variance_estimation,59
0.06122389204417702,full_latent_coordinatewise,exact_sharing,128,1290059,variance_estimation,59
0.017631163450563064,full_latent_pooled,exact_sharing,128,1290059,variance_estimation,59
1.344358659226741,qalt_pooled,alternating_variances,128,1290059,variance_estimation,59
0.03173528855634774,full_latent_coordinatewise,alternating_variances,128,1290059,variance_estimation,59
1.344358659226741,full_latent_pooled,alternating_variances,128,1290059,variance_estimation,59
0.005444156061802,qalt_pooled,exact_sharing,128,1290060,variance_estimation,60
0.06456297855679183,full_latent_coordinatewise,exact_sharing,128,1290060,variance_estimation,60
0.005444156061802,full_latent_pooled,exact_sharing,128,1290060,variance_estimation,60
1.3402747892174414,qalt_pooled,alternating_variances,128,1290060,variance_estimation,60
0.03163548894664584,full_latent_coordinatewise,alternating_variances,128,1290060,variance_estimation,60
1.3402747892174414,full_latent_pooled,alternating_variances,128,1290060,variance_estimation,60
0.00469644763135349,qalt_pooled,exact_sharing,128,1290061,variance_estimation,61
0.06940544257780944,full_latent_coordinatewise,exact_sharing,128,1290061,variance_estimation,61
0.00469644763135349,full_latent_pooled,exact_sharing,128,1290061,variance_estimation,61
1.3505561225550076,qalt_pooled,alternating_variances,128,1290061,variance_estimation,61
0.038986149570688106,full_latent_coordinatewise,alternating_variances,128,1290061,variance_estimation,61
1.3505561225550076,full_latent_pooled,alternating_variances,128,1290061,variance_estimation,61
0.003109937865632864,qalt_pooled,exact_sharing,128,1290062,variance_estimation,62
0.054706097251697464,full_latent_coordinatewise,exact_sharing,128,1290062,variance_estimation,62
0.003109937865632864,full_latent_pooled,exact_sharing,128,1290062,variance_estimation,62
1.3388628399187508,qalt_pooled,alternating_variances,128,1290062,variance_estimation,62
0.027188285101812447,full_latent_coordinatewise,alternating_variances,128,1290062,variance_estimation,62
1.3388628399187508,full_latent_pooled,alternating_variances,128,1290062,variance_estimation,62
0.012046778940339259,qalt_pooled,exact_sharing,128,1290063,variance_estimation,63
0.06034611894753463,full_latent_coordinatewise,exact_sharing,128,1290063,variance_estimation,63
0.012046778940339259,full_latent_pooled,exact_sharing,128,1290063,variance_estimation,63
1.3432276976144997,qalt_pooled,alternating_variances,128,1290063,variance_estimation,63
0.06327146152769886,full_latent_coordinatewise,alternating_variances,128,1290063,variance_estimation,63
1.3432276976144997,full_latent_pooled,alternating_variances,128,1290063,variance_estimation,63
0.0007906448283145281,qalt_pooled,exact_sharing,128,1290064,variance_estimation,64
0.01630528426340808,full_latent_coordinatewise,exact_sharing,128,1290064,variance_estimation,64
0.0007906448283145281,full_latent_pooled,exact_sharing,128,1290064,variance_estimation,64
1.3422004231466151,qalt_pooled,alternating_variances,128,1290064,variance_estimation,64
0.04787262208245954,full_latent_coordinatewise,alternating_variances,128,1290064,variance_estimation,64
1.3422004231466151,full_latent_pooled,alternating_variances,128,1290064,variance_estimation,64
0.0021284598252457737,qalt_pooled,exact_sharing,128,1290065,variance_estimation,65
0.053904986764595486,full_latent_coordinatewise,exact_sharing,128,1290065,variance_estimation,65
0.0021284598252457737,full_latent_pooled,exact_sharing,128,1290065,variance_estimation,65
1.3388616184565267,qalt_pooled,alternating_variances,128,1290065,variance_estimation,65
0.03312274173313523,full_latent_coordinatewise,alternating_variances,128,1290065,variance_estimation,65
1.3388616184565267,full_latent_pooled,alternating_variances,128,1290065,variance_estimation,65
0.020927944792518527,qalt_pooled,exact_sharing,128,1290066,variance_estimation,66
0.061857419887965004,full_latent_coordinatewise,exact_sharing,128,1290066,variance_estimation,66
0.020927944792518527,full_latent_pooled,exact_sharing,128,1290066,variance_estimation,66
1.33987538834861,qalt_pooled,alternating_variances,128,1290066,variance_estimation,66
0.06363204699803013,full_latent_coordinatewise,alternating_variances,128,1290066,variance_estimation,66
1.33987538834861,full_latent_pooled,alternating_variances,128,1290066,variance_estimation,66
0.002194368055250903,qalt_pooled,exact_sharing,128,1290067,variance_estimation,67
0.11792620856087575,full_latent_coordinatewise,exact_sharing,128,1290067,variance_estimation,67
0.002194368055250903,full_latent_pooled,exact_sharing,128,1290067,variance_estimation,67
1.3390820578670048,qalt_pooled,alternating_variances,128,1290067,variance_estimation,67
0.019529223436971114,full_latent_coordinatewise,alternating_variances,128,1290067,variance_estimation,67
1.3390820578670048,full_latent_pooled,alternating_variances,128,1290067,variance_estimation,67
0.005396530329592253,qalt_pooled,exact_sharing,128,1290068,variance_estimation,68
0.0414204389752542,full_latent_coordinatewise,exact_sharing,128,1290068,variance_estimation,68
0.005396530329592253,full_latent_pooled,exact_sharing,128,1290068,variance_estimation,68
1.339164780180816,qalt_pooled,alternating_variances,128,1290068,variance_estimation,68
0.05793897464266705,full_latent_coordinatewise,alternating_variances,128,1290068,variance_estimation,68
1.339164780180816,full_latent_pooled,alternating_variances,128,1290068,variance_estimation,68
0.003929197802122308,qalt_pooled,exact_sharing,128,1290069,variance_estimation,69
0.047262152679492936,full_latent_coordinatewise,exact_sharing,128,1290069,variance_estimation,69
0.003929197802122308,full_latent_pooled,exact_sharing,128,1290069,variance_estimation,69
1.341975659790871,qalt_pooled,alternating_variances,128,1290069,variance_estimation,69
0.030707572204141106,full_latent_coordinatewise,alternating_variances,128,1290069,variance_estimation,69
1.341975659790871,full_latent_pooled,alternating_variances,128,1290069,variance_estimation,69
0.014362347242622003,qalt_pooled,exact_sharing,128,1290070,variance_estimation,70
0.07224592191709332,full_latent_coordinatewise,exact_sharing,128,1290070,variance_estimation,70
0.014362347242622003,full_latent_pooled,exact_sharing,128,1290070,variance_estimation,70
1.3426651444610807,qalt_pooled,alternating_variances,128,1290070,variance_estimation,70
0.14006561460372322,full_latent_coordinatewise,alternating_variances,128,1290070,variance_estimation,70
1.3426651444610807,full_latent_pooled,alternating_variances,128,1290070,variance_estimation,70
0.005297866771031695,qalt_pooled,exact_sharing,128,1290071,variance_estimation,71
0.027155390885265494,full_latent_coordinatewise,exact_sharing,128,1290071,variance_estimation,71
0.005297866771031695,full_latent_pooled,exact_sharing,128,1290071,variance_estimation,71
1.339552285021826,qalt_pooled,alternating_variances,128,1290071,variance_estimation,71
0.03838134523510513,full_latent_coordinatewise,alternating_variances,128,1290071,variance_estimation,71
1.339552285021826,full_latent_pooled,alternating_variances,128,1290071,variance_estimation,71
0.0002128182723498684,qalt_pooled,exact_sharing,128,1290072,variance_estimation,72
0.07012363912958906,full_latent_coordinatewise,exact_sharing,128,1290072,variance_estimation,72
0.0002128182723498684,full_latent_pooled,exact_sharing,128,1290072,variance_estimation,72
1.340777559077245,qalt_pooled,alternating_variances,128,1290072,variance_estimation,72
0.021030970463528066,full_latent_coordinatewise,alternating_variances,128,1290072,variance_estimation,72
1.340777559077245,full_latent_pooled,alternating_variances,128,1290072,variance_estimation,72
0.0034244778956594446,qalt_pooled,exact_sharing,128,1290073,variance_estimation,73
0.025973789648128992,full_latent_coordinatewise,exact_sharing,128,1290073,variance_estimation,73
0.0034244778956594446,full_latent_pooled,exact_sharing,128,1290073,variance_estimation,73
1.339402706484429,qalt_pooled,alternating_variances,128,1290073,variance_estimation,73
0.05434657493317663,full_latent_coordinatewise,alternating_variances,128,1290073,variance_estimation,73
1.339402706484429,full_latent_pooled,alternating_variances,128,1290073,variance_estimation,73
0.00592897550954799,qalt_pooled,exact_sharing,128,1290074,variance_estimation,74
0.030957388436225707,full_latent_coordinatewise,exact_sharing,128,1290074,variance_estimation,74
0.00592897550954799,full_latent_pooled,exact_sharing,128,1290074,variance_estimation,74
1.3390339389348367,qalt_pooled,alternating_variances,128,1290074,variance_estimation,74
0.02938542330603252,full_latent_coordinatewise,alternating_variances,128,1290074,variance_estimation,74
1.3390339389348367,full_latent_pooled,alternating_variances,128,1290074,variance_estimation,74
0.0014235505381050215,qalt_pooled,exact_sharing,128,1290075,variance_estimation,75
0.05350466173707391,full_latent_coordinatewise,exact_sharing,128,1290075,variance_estimation,75
0.0014235505381050215,full_latent_pooled,exact_sharing,128,1290075,variance_estimation,75
1.3402663349124424,qalt_pooled,alternating_variances,128,1290075,variance_estimation,75
0.031597126022556724,full_latent_coordinatewise,alternating_variances,128,1290075,variance_estimation,75
1.3402663349124424,full_latent_pooled,alternating_variances,128,1290075,variance_estimation,75
0.0022459584922042627,qalt_pooled,exact_sharing,128,1290076,variance_estimation,76
0.042095877087422746,full_latent_coordinatewise,exact_sharing,128,1290076,variance_estimation,76
0.0022459584922042627,full_latent_pooled,exact_sharing,128,1290076,variance_estimation,76
1.3440739159261212,qalt_pooled,alternating_variances,128,1290076,variance_estimation,76
0.06477181458267244,full_latent_coordinatewise,alternating_variances,128,1290076,variance_estimation,76
1.3440739159261212,full_latent_pooled,alternating_variances,128,1290076,variance_estimation,76
0.007303188056835469,qalt_pooled,exact_sharing,128,1290077,variance_estimation,77
0.0892301677803902,full_latent_coordinatewise,exact_sharing,128,1290077,variance_estimation,77
0.007303188056835469,full_latent_pooled,exact_sharing,128,1290077,variance_estimation,77
1.3401256228619438,qalt_pooled,alternating_variances,128,1290077,variance_estimation,77
0.02578570799080043,full_latent_coordinatewise,alternating_variances,128,1290077,variance_estimation,77
1.3401256228619438,full_latent_pooled,alternating_variances,128,1290077,variance_estimation,77
0.0008401984859933986,qalt_pooled,exact_sharing,128,1290078,variance_estimation,78
0.04461544914766212,full_latent_coordinatewise,exact_sharing,128,1290078,variance_estimation,78
0.0008401984859933986,full_latent_pooled,exact_sharing,128,1290078,variance_estimation,78
1.359949179390903,qalt_pooled,alternating_variances,128,1290078,variance_estimation,78
0.03769304988675612,full_latent_coordinatewise,alternating_variances,128,1290078,variance_estimation,78
1.359949179390903,full_latent_pooled,alternating_variances,128,1290078,variance_estimation,78
0.003450046619891234,qalt_pooled,exact_sharing,128,1290079,variance_estimation,79
0.034620948796274316,full_latent_coordinatewise,exact_sharing,128,1290079,variance_estimation,79
0.003450046619891234,full_latent_pooled,exact_sharing,128,1290079,variance_estimation,79
1.3401668314957957,qalt_pooled,alternating_variances,128,1290079,variance_estimation,79
0.055330101690029145,full_latent_coordinatewise,alternating_variances,128,1290079,variance_estimation,79
1.3401668314957957,full_latent_pooled,alternating_variances,128,1290079,variance_estimation,79
0.0027144896919170727,qalt_pooled,exact_sharing,128,1290080,variance_estimation,80
0.04949623415703902,full_latent_coordinatewise,exact_sharing,128,1290080,variance_estimation,80
0.0027144896919170727,full_latent_pooled,exact_sharing,128,1290080,variance_estimation,80
1.3400954111917416,qalt_pooled,alternating_variances,128,1290080,variance_estimation,80
0.03914733804339142,full_latent_coordinatewise,alternating_variances,128,1290080,variance_estimation,80
1.3400954111917416,full_latent_pooled,alternating_variances,128,1290080,variance_estimation,80
0.011275013646591864,qalt_pooled,exact_sharing,128,1290081,variance_estimation,81
0.048898322795914724,full_latent_coordinatewise,exact_sharing,128,1290081,variance_estimation,81
0.011275013646591864,full_latent_pooled,exact_sharing,128,1290081,variance_estimation,81
1.353332645432954,qalt_pooled,alternating_variances,128,1290081,variance_estimation,81
0.05465144099491613,full_latent_coordinatewise,alternating_variances,128,1290081,variance_estimation,81
1.353332645432954,full_latent_pooled,alternating_variances,128,1290081,variance_estimation,81
0.0014219232168772508,qalt_pooled,exact_sharing,128,1290082,variance_estimation,82
0.024518654405253783,full_latent_coordinatewise,exact_sharing,128,1290082,variance_estimation,82
0.0014219232168772508,full_latent_pooled,exact_sharing,128,1290082,variance_estimation,82
1.3582931519668981,qalt_pooled,alternating_variances,128,1290082,variance_estimation,82
0.04537314100082653,full_latent_coordinatewise,alternating_variances,128,1290082,variance_estimation,82
1.3582931519668981,full_latent_pooled,alternating_variances,128,1290082,variance_estimation,82
3.783973761463822e-05,qalt_pooled,exact_sharing,128,1290083,variance_estimation,83
0.023113094719720336,full_latent_coordinatewise,exact_sharing,128,1290083,variance_estimation,83
3.783973761463822e-05,full_latent_pooled,exact_sharing,128,1290083,variance_estimation,83
1.353086157529734,qalt_pooled,alternating_variances,128,1290083,variance_estimation,83
0.03617146402937861,full_latent_coordinatewise,alternating_variances,128,1290083,variance_estimation,83
1.353086157529734,full_latent_pooled,alternating_variances,128,1290083,variance_estimation,83
0.00010485612095024847,qalt_pooled,exact_sharing,128,1290084,variance_estimation,84
0.07718257948719581,full_latent_coordinatewise,exact_sharing,128,1290084,variance_estimation,84
0.00010485612095024847,full_latent_pooled,exact_sharing,128,1290084,variance_estimation,84
1.3396976262534914,qalt_pooled,alternating_variances,128,1290084,variance_estimation,84
0.04433187031727111,full_latent_coordinatewise,alternating_variances,128,1290084,variance_estimation,84
1.3396976262534914,full_latent_pooled,alternating_variances,128,1290084,variance_estimation,84
0.006218805554871185,qalt_pooled,exact_sharing,128,1290085,variance_estimation,85
0.05235541131703312,full_latent_coordinatewise,exact_sharing,128,1290085,variance_estimation,85
0.006218805554871185,full_latent_pooled,exact_sharing,128,1290085,variance_estimation,85
1.3487161888282007,qalt_pooled,alternating_variances,128,1290085,variance_estimation,85
0.07152975719320312,full_latent_coordinatewise,alternating_variances,128,1290085,variance_estimation,85
1.3487161888282007,full_latent_pooled,alternating_variances,128,1290085,variance_estimation,85
0.005484684067947318,qalt_pooled,exact_sharing,128,1290086,variance_estimation,86
0.045890062148861,full_latent_coordinatewise,exact_sharing,128,1290086,variance_estimation,86
0.005484684067947318,full_latent_pooled,exact_sharing,128,1290086,variance_estimation,86
1.3470252556197135,qalt_pooled,alternating_variances,128,1290086,variance_estimation,86
0.030351123888639343,full_latent_coordinatewise,alternating_variances,128,1290086,variance_estimation,86
1.3470252556197135,full_latent_pooled,alternating_variances,128,1290086,variance_estimation,86
0.0020148400237811268,qalt_pooled,exact_sharing,128,1290087,variance_estimation,87
0.07947627782368426,full_latent_coordinatewise,exact_sharing,128,1290087,variance_estimation,87
0.0020148400237811268,full_latent_pooled,exact_sharing,128,1290087,variance_estimation,87
1.341119365409334,qalt_pooled,alternating_variances,128,1290087,variance_estimation,87
0.026871819670598037,full_latent_coordinatewise,alternating_variances,128,1290087,variance_estimation,87
1.341119365409334,full_latent_pooled,alternating_variances,128,1290087,variance_estimation,87
0.0017466478081384212,qalt_pooled,exact_sharing,128,1290088,variance_estimation,88
0.041198243182367866,full_latent_coordinatewise,exact_sharing,128,1290088,variance_estimation,88
0.0017466478081384212,full_latent_pooled,exact_sharing,128,1290088,variance_estimation,88
1.3427451632731446,qalt_pooled,alternating_variances,128,1290088,variance_estimation,88
0.04139002752449568,full_latent_coordinatewise,alternating_variances,128,1290088,variance_estimation,88
1.3427451632731446,full_latent_pooled,alternating_variances,128,1290088,variance_estimation,88
1.5124400813105836e-05,qalt_pooled,exact_sharing,128,1290089,variance_estimation,89
0.0714752181396022,full_latent_coordinatewise,exact_sharing,128,1290089,variance_estimation,89
1.5124400813105836e-05,full_latent_pooled,exact_sharing,128,1290089,variance_estimation,89
1.3481339666211443,qalt_pooled,alternating_variances,128,1290089,variance_estimation,89
0.05832788573425132,full_latent_coordinatewise,alternating_variances,128,1290089,variance_estimation,89
1.3481339666211443,full_latent_pooled,alternating_variances,128,1290089,variance_estimation,89
0.01626135880227164,qalt_pooled,exact_sharing,128,1290090,variance_estimation,90
0.05683301892818805,full_latent_coordinatewise,exact_sharing,128,1290090,variance_estimation,90
0.01626135880227164,full_latent_pooled,exact_sharing,128,1290090,variance_estimation,90
1.3433104794195634,qalt_pooled,alternating_variances,128,1290090,variance_estimation,90
0.04928215605684698,full_latent_coordinatewise,alternating_variances,128,1290090,variance_estimation,90
1.3433104794195634,full_latent_pooled,alternating_variances,128,1290090,variance_estimation,90
0.00012634802542177935,qalt_pooled,exact_sharing,128,1290091,variance_estimation,91
0.03813230730872172,full_latent_coordinatewise,exact_sharing,128,1290091,variance_estimation,91
0.00012634802542177935,full_latent_pooled,exact_sharing,128,1290091,variance_estimation,91
1.342730530124309,qalt_pooled,alternating_variances,128,1290091,variance_estimation,91
0.07480079526758601,full_latent_coordinatewise,alternating_variances,128,1290091,variance_estimation,91
1.342730530124309,full_latent_pooled,alternating_variances,128,1290091,variance_estimation,91
0.001476692115926402,qalt_pooled,exact_sharing,128,1290092,variance_estimation,92
0.02884885817956907,full_latent_coordinatewise,exact_sharing,128,1290092,variance_estimation,92
0.001476692115926402,full_latent_pooled,exact_sharing,128,1290092,variance_estimation,92
1.3449812293978138,qalt_pooled,alternating_variances,128,1290092,variance_estimation,92
0.038432839599905934,full_latent_coordinatewise,alternating_variances,128,1290092,variance_estimation,92
1.3449812293978138,full_latent_pooled,alternating_variances,128,1290092,variance_estimation,92
0.016932966328240706,qalt_pooled,exact_sharing,128,1290093,variance_estimation,93
0.04495674037470476,full_latent_coordinatewise,exact_sharing,128,1290093,variance_estimation,93
0.016932966328240706,full_latent_pooled,exact_sharing,128,1290093,variance_estimation,93
1.3396287215282392,qalt_pooled,alternating_variances,128,1290093,variance_estimation,93
0.03760798382526574,full_latent_coordinatewise,alternating_variances,128,1290093,variance_estimation,93
1.3396287215282392,full_latent_pooled,alternating_variances,128,1290093,variance_estimation,93
0.006968249912986307,qalt_pooled,exact_sharing,128,1290094,variance_estimation,94
0.05830185589372372,full_latent_coordinatewise,exact_sharing,128,1290094,variance_estimation,94
0.006968249912986307,full_latent_pooled,exact_sharing,128,1290094,variance_estimation,94
1.3461323000983354,qalt_pooled,alternating_variances,128,1290094,variance_estimation,94
0.0487269060851073,full_latent_coordinatewise,alternating_variances,128,1290094,variance_estimation,94
1.3461323000983354,full_latent_pooled,alternating_variances,128,1290094,variance_estimation,94
0.01507544737014127,qalt_pooled,exact_sharing,128,1290095,variance_estimation,95
0.0568527168388277,full_latent_coordinatewise,exact_sharing,128,1290095,variance_estimation,95
0.01507544737014127,full_latent_pooled,exact_sharing,128,1290095,variance_estimation,95
1.3396610634770556,qalt_pooled,alternating_variances,128,1290095,variance_estimation,95
0.07733665492333931,full_latent_coordinatewise,alternating_variances,128,1290095,variance_estimation,95
1.3396610634770556,full_latent_pooled,alternating_variances,128,1290095,variance_estimation,95
0.0017310505214759228,qalt_pooled,exact_sharing,128,1290096,variance_estimation,96
0.04419818320678332,full_latent_coordinatewise,exact_sharing,128,1290096,variance_estimation,96
0.0017310505214759228,full_latent_pooled,exact_sharing,128,1290096,variance_estimation,96
1.3459843819356416,qalt_pooled,alternating_variances,128,1290096,variance_estimation,96
0.07659820150930555,full_latent_coordinatewise,alternating_variances,128,1290096,variance_estimation,96
1.3459843819356416,full_latent_pooled,alternating_variances,128,1290096,variance_estimation,96
0.003782504900749689,qalt_pooled,exact_sharing,128,1290097,variance_estimation,97
0.02911841461657336,full_latent_coordinatewise,exact_sharing,128,1290097,variance_estimation,97
0.003782504900749689,full_latent_pooled,exact_sharing,128,1290097,variance_estimation,97
1.3388694864754713,qalt_pooled,alternating_variances,128,1290097,variance_estimation,97
0.03329788477522478,full_latent_coordinatewise,alternating_variances,128,1290097,variance_estimation,97
1.3388694864754713,full_latent_pooled,alternating_variances,128,1290097,variance_estimation,97
0.006566618680761388,qalt_pooled,exact_sharing,128,1290098,variance_estimation,98
0.04498583947944003,full_latent_coordinatewise,exact_sharing,128,1290098,variance_estimation,98
0.006566618680761388,full_latent_pooled,exact_sharing,128,1290098,variance_estimation,98
1.3430764582185317,qalt_pooled,alternating_variances,128,1290098,variance_estimation,98
0.061143736979784466,full_latent_coordinatewise,alternating_variances,128,1290098,variance_estimation,98
1.3430764582185317,full_latent_pooled,alternating_variances,128,1290098,variance_estimation,98
0.010267156919510967,qalt_pooled,exact_sharing,128,1290099,variance_estimation,99
0.06709757477676553,full_latent_coordinatewise,exact_sharing,128,1290099,variance_estimation,99
0.010267156919510967,full_latent_pooled,exact_sharing,128,1290099,variance_estimation,99
1.3399757829777492,qalt_pooled,alternating_variances,128,1290099,variance_estimation,99
0.05076509706044463,full_latent_coordinatewise,alternating_variances,128,1290099,variance_estimation,99
1.3399757829777492,full_latent_pooled,alternating_variances,128,1290099,variance_estimation,99
5.278975162504272e-05,qalt_pooled,exact_sharing,128,1290100,variance_estimation,100
0.04572792263559913,full_latent_coordinatewise,exact_sharing,128,1290100,variance_estimation,100
5.278975162504272e-05,full_latent_pooled,exact_sharing,128,1290100,variance_estimation,100
1.3405944595970267,qalt_pooled,alternating_variances,128,1290100,variance_estimation,100
0.01887454160211583,full_latent_coordinatewise,alternating_variances,128,1290100,variance_estimation,100
1.3405944595970267,full_latent_pooled,alternating_variances,128,1290100,variance_estimation,100
0.0024961520197520973,qalt_pooled,exact_sharing,128,1290101,variance_estimation,101
0.02307163782682069,full_latent_coordinatewise,exact_sharing,128,1290101,variance_estimation,101
0.0024961520197520973,full_latent_pooled,exact_sharing,128,1290101,variance_estimation,101
1.341952918616009,qalt_pooled,alternating_variances,128,1290101,variance_estimation,101
0.051373608560819996,full_latent_coordinatewise,alternating_variances,128,1290101,variance_estimation,101
1.341952918616009,full_latent_pooled,alternating_variances,128,1290101,variance_estimation,101
0.0014255792405045292,qalt_pooled,exact_sharing,128,1290102,variance_estimation,102
0.04599271688156106,full_latent_coordinatewise,exact_sharing,128,1290102,variance_estimation,102
0.0014255792405045292,full_latent_pooled,exact_sharing,128,1290102,variance_estimation,102
1.3417624139873283,qalt_pooled,alternating_variances,128,1290102,variance_estimation,102
0.05306162373701341,full_latent_coordinatewise,alternating_variances,128,1290102,variance_estimation,102
1.3417624139873283,full_latent_pooled,alternating_variances,128,1290102,variance_estimation,102
0.0003373532854617778,qalt_pooled,exact_sharing,128,1290103,variance_estimation,103
0.03462443809757996,full_latent_coordinatewise,exact_sharing,128,1290103,variance_estimation,103
0.0003373532854617778,full_latent_pooled,exact_sharing,128,1290103,variance_estimation,103
1.343056233591708,qalt_pooled,alternating_variances,128,1290103,variance_estimation,103
0.09208396075124975,full_latent_coordinatewise,alternating_variances,128,1290103,variance_estimation,103
1.343056233591708,full_latent_pooled,alternating_variances,128,1290103,variance_estimation,103
0.015187393962547424,qalt_pooled,exact_sharing,128,1290104,variance_estimation,104
0.059123527356840164,full_latent_coordinatewise,exact_sharing,128,1290104,variance_estimation,104
0.015187393962547424,full_latent_pooled,exact_sharing,128,1290104,variance_estimation,104
1.339335626419561,qalt_pooled,alternating_variances,128,1290104,variance_estimation,104
0.056431787684803225,full_latent_coordinatewise,alternating_variances,128,1290104,variance_estimation,104
1.339335626419561,full_latent_pooled,alternating_variances,128,1290104,variance_estimation,104
0.008281899425281972,qalt_pooled,exact_sharing,128,1290105,variance_estimation,105
0.03620377287896277,full_latent_coordinatewise,exact_sharing,128,1290105,variance_estimation,105
0.008281899425281972,full_latent_pooled,exact_sharing,128,1290105,variance_estimation,105
1.3455055603838433,qalt_pooled,alternating_variances,128,1290105,variance_estimation,105
0.056368998102586734,full_latent_coordinatewise,alternating_variances,128,1290105,variance_estimation,105
1.3455055603838433,full_latent_pooled,alternating_variances,128,1290105,variance_estimation,105
0.0009687381090027897,qalt_pooled,exact_sharing,128,1290106,variance_estimation,106
0.0389821577165682,full_latent_coordinatewise,exact_sharing,128,1290106,variance_estimation,106
0.0009687381090027897,full_latent_pooled,exact_sharing,128,1290106,variance_estimation,106
1.3593018667455183,qalt_pooled,alternating_variances,128,1290106,variance_estimation,106
0.048361594876897875,full_latent_coordinatewise,alternating_variances,128,1290106,variance_estimation,106
1.3593018667455183,full_latent_pooled,alternating_variances,128,1290106,variance_estimation,106
0.0010098120778668507,qalt_pooled,exact_sharing,128,1290107,variance_estimation,107
0.021578171805594713,full_latent_coordinatewise,exact_sharing,128,1290107,variance_estimation,107
0.0010098120778668507,full_latent_pooled,exact_sharing,128,1290107,variance_estimation,107
1.3394234173033062,qalt_pooled,alternating_variances,128,1290107,variance_estimation,107
0.04978736075270035,full_latent_coordinatewise,alternating_variances,128,1290107,variance_estimation,107
1.3394234173033062,full_latent_pooled,alternating_variances,128,1290107,variance_estimation,107
0.006759517940994025,qalt_pooled,exact_sharing,128,1290108,variance_estimation,108
0.06867949666499444,full_latent_coordinatewise,exact_sharing,128,1290108,variance_estimation,108
0.006759517940994025,full_latent_pooled,exact_sharing,128,1290108,variance_estimation,108
1.3424430843459136,qalt_pooled,alternating_variances,128,1290108,variance_estimation,108
0.05580006958489472,full_latent_coordinatewise,alternating_variances,128,1290108,variance_estimation,108
1.3424430843459136,full_latent_pooled,alternating_variances,128,1290108,variance_estimation,108
0.02256571388509465,qalt_pooled,exact_sharing,128,1290109,variance_estimation,109
0.05189406582254604,full_latent_coordinatewise,exact_sharing,128,1290109,variance_estimation,109
0.02256571388509465,full_latent_pooled,exact_sharing,128,1290109,variance_estimation,109
1.3389502354807616,qalt_pooled,alternating_variances,128,1290109,variance_estimation,109
0.022597433619961665,full_latent_coordinatewise,alternating_variances,128,1290109,variance_estimation,109
1.3389502354807616,full_latent_pooled,alternating_variances,128,1290109,variance_estimation,109
0.0009718823151122213,qalt_pooled,exact_sharing,128,1290110,variance_estimation,110
0.05059496027987605,full_latent_coordinatewise,exact_sharing,128,1290110,variance_estimation,110
0.0009718823151122213,full_latent_pooled,exact_sharing,128,1290110,variance_estimation,110
1.3388621656921658,qalt_pooled,alternating_variances,128,1290110,variance_estimation,110
0.021449524169250705,full_latent_coordinatewise,alternating_variances,128,1290110,variance_estimation,110
1.3388621656921658,full_latent_pooled,alternating_variances,128,1290110,variance_estimation,110
0.015168991815845634,qalt_pooled,exact_sharing,128,1290111,variance_estimation,111
0.0390641870643127,full_latent_coordinatewise,exact_sharing,128,1290111,variance_estimation,111
0.015168991815845634,full_latent_pooled,exact_sharing,128,1290111,variance_estimation,111
1.3452760667453547,qalt_pooled,alternating_variances,128,1290111,variance_estimation,111
0.04930937857841984,full_latent_coordinatewise,alternating_variances,128,1290111,variance_estimation,111
1.3452760667453547,full_latent_pooled,alternating_variances,128,1290111,variance_estimation,111
0.0055109570695043575,qalt_pooled,exact_sharing,128,1290112,variance_estimation,112
0.03242820023158863,full_latent_coordinatewise,exact_sharing,128,1290112,variance_estimation,112
0.0055109570695043575,full_latent_pooled,exact_sharing,128,1290112,variance_estimation,112
1.33886145080459,qalt_pooled,alternating_variances,128,1290112,variance_estimation,112
0.022574706981598306,full_latent_coordinatewise,alternating_variances,128,1290112,variance_estimation,112
1.33886145080459,full_latent_pooled,alternating_variances,128,1290112,variance_estimation,112
0.00025597495538697,qalt_pooled,exact_sharing,128,1290113,variance_estimation,113
0.03369124588125436,full_latent_coordinatewise,exact_sharing,128,1290113,variance_estimation,113
0.00025597495538697,full_latent_pooled,exact_sharing,128,1290113,variance_estimation,113
1.3482524412034578,qalt_pooled,alternating_variances,128,1290113,variance_estimation,113
0.03340802476173001,full_latent_coordinatewise,alternating_variances,128,1290113,variance_estimation,113
1.3482524412034578,full_latent_pooled,alternating_variances,128,1290113,variance_estimation,113
0.007019678863949899,qalt_pooled,exact_sharing,128,1290114,variance_estimation,114
0.02885809329295461,full_latent_coordinatewise,exact_sharing,128,1290114,variance_estimation,114
0.007019678863949899,full_latent_pooled,exact_sharing,128,1290114,variance_estimation,114
1.3441392769489666,qalt_pooled,alternating_variances,128,1290114,variance_estimation,114
0.06618138698677835,full_latent_coordinatewise,alternating_variances,128,1290114,variance_estimation,114
1.3441392769489666,full_latent_pooled,alternating_variances,128,1290114,variance_estimation,114
0.00012214631549089389,qalt_pooled,exact_sharing,128,1290115,variance_estimation,115
0.07146627269726667,full_latent_coordinatewise,exact_sharing,128,1290115,variance_estimation,115
0.00012214631549089389,full_latent_pooled,exact_sharing,128,1290115,variance_estimation,115
1.3479557476430335,qalt_pooled,alternating_variances,128,1290115,variance_estimation,115
0.05772899016076884,full_latent_coordinatewise,alternating_variances,128,1290115,variance_estimation,115
1.3479557476430335,full_latent_pooled,alternating_variances,128,1290115,variance_estimation,115
0.005618573515033948,qalt_pooled,exact_sharing,128,1290116,variance_estimation,116
0.043414533073196634,full_latent_coordinatewise,exact_sharing,128,1290116,variance_estimation,116
0.005618573515033948,full_latent_pooled,exact_sharing,128,1290116,variance_estimation,116
1.338931449085219,qalt_pooled,alternating_variances,128,1290116,variance_estimation,116
0.051975416755138476,full_latent_coordinatewise,alternating_variances,128,1290116,variance_estimation,116
1.338931449085219,full_latent_pooled,alternating_variances,128,1290116,variance_estimation,116
0.001076179906561836,qalt_pooled,exact_sharing,128,1290117,variance_estimation,117
0.0341352942374944,full_latent_coordinatewise,exact_sharing,128,1290117,variance_estimation,117
0.001076179906561836,full_latent_pooled,exact_sharing,128,1290117,variance_estimation,117
1.3417340462079603,qalt_pooled,alternating_variances,128,1290117,variance_estimation,117
0.045720654468813876,full_latent_coordinatewise,alternating_variances,128,1290117,variance_estimation,117
1.3417340462079603,full_latent_pooled,alternating_variances,128,1290117,variance_estimation,117
2.762599979546504e-05,qalt_pooled,exact_sharing,128,1290118,variance_estimation,118
0.07617636244659026,full_latent_coordinatewise,exact_sharing,128,1290118,variance_estimation,118
2.762599979546504e-05,full_latent_pooled,exact_sharing,128,1290118,variance_estimation,118
1.3389082711220206,qalt_pooled,alternating_variances,128,1290118,variance_estimation,118
0.07385011666171806,full_latent_coordinatewise,alternating_variances,128,1290118,variance_estimation,118
1.3389082711220206,full_latent_pooled,alternating_variances,128,1290118,variance_estimation,118
0.0008470820053497891,qalt_pooled,exact_sharing,128,1290119,variance_estimation,119
0.05995297688971598,full_latent_coordinatewise,exact_sharing,128,1290119,variance_estimation,119
0.0008470820053497891,full_latent_pooled,exact_sharing,128,1290119,variance_estimation,119
1.3407760176803953,qalt_pooled,alternating_variances,128,1290119,variance_estimation,119
0.0628876811943711,full_latent_coordinatewise,alternating_variances,128,1290119,variance_estimation,119
1.3407760176803953,full_latent_pooled,alternating_variances,128,1290119,variance_estimation,119
0.026052828900017033,qalt_pooled,exact_sharing,128,1290120,variance_estimation,120
0.1047637530915646,full_latent_coordinatewise,exact_sharing,128,1290120,variance_estimation,120
0.026052828900017033,full_latent_pooled,exact_sharing,128,1290120,variance_estimation,120
1.347052458154415,qalt_pooled,alternating_variances,128,1290120,variance_estimation,120
0.035390154329345204,full_latent_coordinatewise,alternating_variances,128,1290120,variance_estimation,120
1.347052458154415,full_latent_pooled,alternating_variances,128,1290120,variance_estimation,120
0.0031222730210238164,qalt_pooled,exact_sharing,128,1290121,variance_estimation,121
0.0599036036221421,full_latent_coordinatewise,exact_sharing,128,1290121,variance_estimation,121
0.0031222730210238164,full_latent_pooled,exact_sharing,128,1290121,variance_estimation,121
1.341536841742418,qalt_pooled,alternating_variances,128,1290121,variance_estimation,121
0.01522720587598202,full_latent_coordinatewise,alternating_variances,128,1290121,variance_estimation,121
1.341536841742418,full_latent_pooled,alternating_variances,128,1290121,variance_estimation,121
0.015068469391200184,qalt_pooled,exact_sharing,128,1290122,variance_estimation,122
0.055926391333805184,full_latent_coordinatewise,exact_sharing,128,1290122,variance_estimation,122
0.015068469391200184,full_latent_pooled,exact_sharing,128,1290122,variance_estimation,122
1.3389607426782357,qalt_pooled,alternating_variances,128,1290122,variance_estimation,122
0.0188462875875408,full_latent_coordinatewise,alternating_variances,128,1290122,variance_estimation,122
1.3389607426782357,full_latent_pooled,alternating_variances,128,1290122,variance_estimation,122
0.0038356551720262755,qalt_pooled,exact_sharing,128,1290123,variance_estimation,123
0.05106597161964331,full_latent_coordinatewise,exact_sharing,128,1290123,variance_estimation,123
0.0038356551720262755,full_latent_pooled,exact_sharing,128,1290123,variance_estimation,123
1.3400622706934195,qalt_pooled,alternating_variances,128,1290123,variance_estimation,123
0.029943735316792983,full_latent_coordinatewise,alternating_variances,128,1290123,variance_estimation,123
1.3400622706934195,full_latent_pooled,alternating_variances,128,1290123,variance_estimation,123
0.002160270826727956,qalt_pooled,exact_sharing,128,1290124,variance_estimation,124
0.10870164884717992,full_latent_coordinatewise,exact_sharing,128,1290124,variance_estimation,124
0.002160270826727956,full_latent_pooled,exact_sharing,128,1290124,variance_estimation,124
1.3409626543565742,qalt_pooled,alternating_variances,128,1290124,variance_estimation,124
0.043180402669090456,full_latent_coordinatewise,alternating_variances,128,1290124,variance_estimation,124
1.3409626543565742,full_latent_pooled,alternating_variances,128,1290124,variance_estimation,124
0.0001872292449778476,qalt_pooled,exact_sharing,128,1290125,variance_estimation,125
0.02689245876705683,full_latent_coordinatewise,exact_sharing,128,1290125,variance_estimation,125
0.0001872292449778476,full_latent_pooled,exact_sharing,128,1290125,variance_estimation,125
1.3442910850679493,qalt_pooled,alternating_variances,128,1290125,variance_estimation,125
0.038682796796512146,full_latent_coordinatewise,alternating_variances,128,1290125,variance_estimation,125
1.3442910850679493,full_latent_pooled,alternating_variances,128,1290125,variance_estimation,125
3.847206848355423e-05,qalt_pooled,exact_sharing,128,1290126,variance_estimation,126
0.02775926890910549,full_latent_coordinatewise,exact_sharing,128,1290126,variance_estimation,126
3.847206848355423e-05,full_latent_pooled,exact_sharing,128,1290126,variance_estimation,126
1.3394599986284752,qalt_pooled,alternating_variances,128,1290126,variance_estimation,126
0.07582810011112881,full_latent_coordinatewise,alternating_variances,128,1290126,variance_estimation,126
1.3394599986284752,full_latent_pooled,alternating_variances,128,1290126,variance_estimation,126
0.005785740237247011,qalt_pooled,exact_sharing,128,1290127,variance_estimation,127
0.04184411481253423,full_latent_coordinatewise,exact_sharing,128,1290127,variance_estimation,127
0.005785740237247011,full_latent_pooled,exact_sharing,128,1290127,variance_estimation,127
1.3388619240471247,qalt_pooled,alternating_variances,128,1290127,variance_estimation,127
0.0465564475284196,full_latent_coordinatewise,alternating_variances,128,1290127,variance_estimation,127
1.3388619240471247,full_latent_pooled,alternating_variances,128,1290127,variance_estimation,127
0.00011872185364175843,qalt_pooled,exact_sharing,128,1290128,variance_estimation,128
0.05979552318460467,full_latent_coordinatewise,exact_sharing,128,1290128,variance_estimation,128
0.00011872185364175843,full_latent_pooled,exact_sharing,128,1290128,variance_estimation,128
1.3407110748435436,qalt_pooled,alternating_variances,128,1290128,variance_estimation,128
0.029108564060958707,full_latent_coordinatewise,alternating_variances,128,1290128,variance_estimation,128
1.3407110748435436,full_latent_pooled,alternating_variances,128,1290128,variance_estimation,128
0.0004045107455206212,qalt_pooled,exact_sharing,128,1290129,variance_estimation,129
0.034161167814514865,full_latent_coordinatewise,exact_sharing,128,1290129,variance_estimation,129
0.0004045107455206212,full_latent_pooled,exact_sharing,128,1290129,variance_estimation,129
1.3391302066034796,qalt_pooled,alternating_variances,128,1290129,variance_estimation,129
0.024150168013090542,full_latent_coordinatewise,alternating_variances,128,1290129,variance_estimation,129
1.3391302066034796,full_latent_pooled,alternating_variances,128,1290129,variance_estimation,129
0.01576564184183521,qalt_pooled,exact_sharing,128,1290130,variance_estimation,130
0.06275089021202625,full_latent_coordinatewise,exact_sharing,128,1290130,variance_estimation,130
0.01576564184183521,full_latent_pooled,exact_sharing,128,1290130,variance_estimation,130
1.3493066054317202,qalt_pooled,alternating_variances,128,1290130,variance_estimation,130
0.0608686481842059,full_latent_coordinatewise,alternating_variances,128,1290130,variance_estimation,130
1.3493066054317202,full_latent_pooled,alternating_variances,128,1290130,variance_estimation,130
0.0054626866779652755,qalt_pooled,exact_sharing,128,1290131,variance_estimation,131
0.04191563847593047,full_latent_coordinatewise,exact_sharing,128,1290131,variance_estimation,131
0.0054626866779652755,full_latent_pooled,exact_sharing,128,1290131,variance_estimation,131
1.3388613097379038,qalt_pooled,alternating_variances,128,1290131,variance_estimation,131
0.04323778443702552,full_latent_coordinatewise,alternating_variances,128,1290131,variance_estimation,131
1.3388613097379038,full_latent_pooled,alternating_variances,128,1290131,variance_estimation,131
0.0026598915600389503,qalt_pooled,exact_sharing,128,1290132,variance_estimation,132
0.07712222908477463,full_latent_coordinatewise,exact_sharing,128,1290132,variance_estimation,132
0.0026598915600389503,full_latent_pooled,exact_sharing,128,1290132,variance_estimation,132
1.3388614527106784,qalt_pooled,alternating_variances,128,1290132,variance_estimation,132
0.054901597608998556,full_latent_coordinatewise,alternating_variances,128,1290132,variance_estimation,132
1.3388614527106784,full_latent_pooled,alternating_variances,128,1290132,variance_estimation,132
0.0013986897564365122,qalt_pooled,exact_sharing,128,1290133,variance_estimation,133
0.04355022089376024,full_latent_coordinatewise,exact_sharing,128,1290133,variance_estimation,133
0.0013986897564365122,full_latent_pooled,exact_sharing,128,1290133,variance_estimation,133
1.3545553895497733,qalt_pooled,alternating_variances,128,1290133,variance_estimation,133
0.08953988375617418,full_latent_coordinatewise,alternating_variances,128,1290133,variance_estimation,133
1.3545553895497733,full_latent_pooled,alternating_variances,128,1290133,variance_estimation,133
0.007841042137863366,qalt_pooled,exact_sharing,128,1290134,variance_estimation,134
0.05760219382543022,full_latent_coordinatewise,exact_sharing,128,1290134,variance_estimation,134
0.007841042137863366,full_latent_pooled,exact_sharing,128,1290134,variance_estimation,134
1.3393723029642286,qalt_pooled,alternating_variances,128,1290134,variance_estimation,134
0.09107706270620482,full_latent_coordinatewise,alternating_variances,128,1290134,variance_estimation,134
1.3393723029642286,full_latent_pooled,alternating_variances,128,1290134,variance_estimation,134
0.008883103341784604,qalt_pooled,exact_sharing,128,1290135,variance_estimation,135
0.04223761730498272,full_latent_coordinatewise,exact_sharing,128,1290135,variance_estimation,135
0.008883103341784604,full_latent_pooled,exact_sharing,128,1290135,variance_estimation,135
1.3445778690061108,qalt_pooled,alternating_variances,128,1290135,variance_estimation,135
0.054456719116970025,full_latent_coordinatewise,alternating_variances,128,1290135,variance_estimation,135
1.3445778690061108,full_latent_pooled,alternating_variances,128,1290135,variance_estimation,135
9.494121263924765e-05,qalt_pooled,exact_sharing,128,1290136,variance_estimation,136
0.009460843695247724,full_latent_coordinatewise,exact_sharing,128,1290136,variance_estimation,136
9.494121263924765e-05,full_latent_pooled,exact_sharing,128,1290136,variance_estimation,136
1.338871446113622,qalt_pooled,alternating_variances,128,1290136,variance_estimation,136
0.030113030918713708,full_latent_coordinatewise,alternating_variances,128,1290136,variance_estimation,136
1.338871446113622,full_latent_pooled,alternating_variances,128,1290136,variance_estimation,136
0.002643323797133647,qalt_pooled,exact_sharing,128,1290137,variance_estimation,137
0.01924174634358705,full_latent_coordinatewise,exact_sharing,128,1290137,variance_estimation,137
0.002643323797133647,full_latent_pooled,exact_sharing,128,1290137,variance_estimation,137
1.3854762708047308,qalt_pooled,alternating_variances,128,1290137,variance_estimation,137
0.11348807077179981,full_latent_coordinatewise,alternating_variances,128,1290137,variance_estimation,137
1.3854762708047308,full_latent_pooled,alternating_variances,128,1290137,variance_estimation,137
0.0007743580600154953,qalt_pooled,exact_sharing,128,1290138,variance_estimation,138
0.04790121986034163,full_latent_coordinatewise,exact_sharing,128,1290138,variance_estimation,138
0.0007743580600154953,full_latent_pooled,exact_sharing,128,1290138,variance_estimation,138
1.3396779626700548,qalt_pooled,alternating_variances,128,1290138,variance_estimation,138
0.03304365493781225,full_latent_coordinatewise,alternating_variances,128,1290138,variance_estimation,138
1.3396779626700548,full_latent_pooled,alternating_variances,128,1290138,variance_estimation,138
0.00029918777650421446,qalt_pooled,exact_sharing,128,1290139,variance_estimation,139
0.04924254874641916,full_latent_coordinatewise,exact_sharing,128,1290139,variance_estimation,139
0.00029918777650421446,full_latent_pooled,exact_sharing,128,1290139,variance_estimation,139
1.3392350229991545,qalt_pooled,alternating_variances,128,1290139,variance_estimation,139
0.026900531142451042,full_latent_coordinatewise,alternating_variances,128,1290139,variance_estimation,139
1.3392350229991545,full_latent_pooled,alternating_variances,128,1290139,variance_estimation,139
0.010571656567361129,qalt_pooled,exact_sharing,128,1290140,variance_estimation,140
0.056564418967476146,full_latent_coordinatewise,exact_sharing,128,1290140,variance_estimation,140
0.010571656567361129,full_latent_pooled,exact_sharing,128,1290140,variance_estimation,140
1.3436739660961172,qalt_pooled,alternating_variances,128,1290140,variance_estimation,140
0.04325040957338771,full_latent_coordinatewise,alternating_variances,128,1290140,variance_estimation,140
1.3436739660961172,full_latent_pooled,alternating_variances,128,1290140,variance_estimation,140
0.000552284725591802,qalt_pooled,exact_sharing,128,1290141,variance_estimation,141
0.045568769005549986,full_latent_coordinatewise,exact_sharing,128,1290141,variance_estimation,141
0.000552284725591802,full_latent_pooled,exact_sharing,128,1290141,variance_estimation,141
1.3500085266151076,qalt_pooled,alternating_variances,128,1290141,variance_estimation,141
0.05464876175514992,full_latent_coordinatewise,alternating_variances,128,1290141,variance_estimation,141
1.3500085266151076,full_latent_pooled,alternating_variances,128,1290141,variance_estimation,141
0.00746557562305708,qalt_pooled,exact_sharing,128,1290142,variance_estimation,142
0.02635148382893748,full_latent_coordinatewise,exact_sharing,128,1290142,variance_estimation,142
0.00746557562305708,full_latent_pooled,exact_sharing,128,1290142,variance_estimation,142
1.3408891717988825,qalt_pooled,alternating_variances,128,1290142,variance_estimation,142
0.06085735592832943,full_latent_coordinatewise,alternating_variances,128,1290142,variance_estimation,142
1.3408891717988825,full_latent_pooled,alternating_variances,128,1290142,variance_estimation,142
0.01931922376477016,qalt_pooled,exact_sharing,128,1290143,variance_estimation,143
0.075414837660566,full_latent_coordinatewise,exact_sharing,128,1290143,variance_estimation,143
0.01931922376477016,full_latent_pooled,exact_sharing,128,1290143,variance_estimation,143
1.3390977581530785,qalt_pooled,alternating_variances,128,1290143,variance_estimation,143
0.0273217268927702,full_latent_coordinatewise,alternating_variances,128,1290143,variance_estimation,143
1.3390977581530785,full_latent_pooled,alternating_variances,128,1290143,variance_estimation,143
0.005117219078893176,qalt_pooled,exact_sharing,128,1290144,variance_estimation,144
0.05958916283065583,full_latent_coordinatewise,exact_sharing,128,1290144,variance_estimation,144
0.005117219078893176,full_latent_pooled,exact_sharing,128,1290144,variance_estimation,144
1.3462888954370569,qalt_pooled,alternating_variances,128,1290144,variance_estimation,144
0.07717510625089244,full_latent_coordinatewise,alternating_variances,128,1290144,variance_estimation,144
1.3462888954370569,full_latent_pooled,alternating_variances,128,1290144,variance_estimation,144
0.0006404573934395072,qalt_pooled,exact_sharing,128,1290145,variance_estimation,145
0.06036232574999214,full_latent_coordinatewise,exact_sharing,128,1290145,variance_estimation,145
0.0006404573934395072,full_latent_pooled,exact_sharing,128,1290145,variance_estimation,145
1.349096332107873,qalt_pooled,alternating_variances,128,1290145,variance_estimation,145
0.029630625474220962,full_latent_coordinatewise,alternating_variances,128,1290145,variance_estimation,145
1.349096332107873,full_latent_pooled,alternating_variances,128,1290145,variance_estimation,145
0.007296856800556556,qalt_pooled,exact_sharing,128,1290146,variance_estimation,146
0.031549250140707814,full_latent_coordinatewise,exact_sharing,128,1290146,variance_estimation,146
0.007296856800556556,full_latent_pooled,exact_sharing,128,1290146,variance_estimation,146
1.3730783425128104,qalt_pooled,alternating_variances,128,1290146,variance_estimation,146
0.05337445211841932,full_latent_coordinatewise,alternating_variances,128,1290146,variance_estimation,146
1.3730783425128104,full_latent_pooled,alternating_variances,128,1290146,variance_estimation,146
0.004552521992805925,qalt_pooled,exact_sharing,128,1290147,variance_estimation,147
0.02846380283250579,full_latent_coordinatewise,exact_sharing,128,1290147,variance_estimation,147
0.004552521992805925,full_latent_pooled,exact_sharing,128,1290147,variance_estimation,147
1.3394308526551213,qalt_pooled,alternating_variances,128,1290147,variance_estimation,147
0.06799561205169094,full_latent_coordinatewise,alternating_variances,128,1290147,variance_estimation,147
1.3394308526551213,full_latent_pooled,alternating_variances,128,1290147,variance_estimation,147
0.003549185484311712,qalt_pooled,exact_sharing,128,1290148,variance_estimation,148
0.0373175492688157,full_latent_coordinatewise,exact_sharing,128,1290148,variance_estimation,148
0.003549185484311712,full_latent_pooled,exact_sharing,128,1290148,variance_estimation,148
1.3512581937602361,qalt_pooled,alternating_variances,128,1290148,variance_estimation,148
0.05073904194763731,full_latent_coordinatewise,alternating_variances,128,1290148,variance_estimation,148
1.3512581937602361,full_latent_pooled,alternating_variances,128,1290148,variance_estimation,148
0.005742853232148598,qalt_pooled,exact_sharing,128,1290149,variance_estimation,149
0.042525343454914,full_latent_coordinatewise,exact_sharing,128,1290149,variance_estimation,149
0.005742853232148598,full_latent_pooled,exact_sharing,128,1290149,variance_estimation,149
1.3470707788277105,qalt_pooled,alternating_variances,128,1290149,variance_estimation,149
0.07169164251264826,full_latent_coordinatewise,alternating_variances,128,1290149,variance_estimation,149
1.3470707788277105,full_latent_pooled,alternating_variances,128,1290149,variance_estimation,149
0.002880309058950793,qalt_pooled,exact_sharing,128,1290150,variance_estimation,150
0.06991543538079718,full_latent_coordinatewise,exact_sharing,128,1290150,variance_estimation,150
0.002880309058950793,full_latent_pooled,exact_sharing,128,1290150,variance_estimation,150
1.3408756015677186,qalt_pooled,alternating_variances,128,1290150,variance_estimation,150
0.06715330602199722,full_latent_coordinatewise,alternating_variances,128,1290150,variance_estimation,150
1.3408756015677186,full_latent_pooled,alternating_variances,128,1290150,variance_estimation,150
2.121948288906928e-05,qalt_pooled,exact_sharing,128,1290151,variance_estimation,151
0.05740305774998256,full_latent_coordinatewise,exact_sharing,128,1290151,variance_estimation,151
2.121948288906928e-05,full_latent_pooled,exact_sharing,128,1290151,variance_estimation,151
1.340787307652539,qalt_pooled,alternating_variances,128,1290151,variance_estimation,151
0.017623626716223865,full_latent_coordinatewise,alternating_variances,128,1290151,variance_estimation,151
1.340787307652539,full_latent_pooled,alternating_variances,128,1290151,variance_estimation,151
1.3864268331642213e-05,qalt_pooled,exact_sharing,128,1290152,variance_estimation,152
0.0350097479442018,full_latent_coordinatewise,exact_sharing,128,1290152,variance_estimation,152
1.3864268331642213e-05,full_latent_pooled,exact_sharing,128,1290152,variance_estimation,152
1.3444016961427523,qalt_pooled,alternating_variances,128,1290152,variance_estimation,152
0.04935887822507419,full_latent_coordinatewise,alternating_variances,128,1290152,variance_estimation,152
1.3444016961427523,full_latent_pooled,alternating_variances,128,1290152,variance_estimation,152
0.0004428127276982635,qalt_pooled,exact_sharing,128,1290153,variance_estimation,153
0.02854554449240862,full_latent_coordinatewise,exact_sharing,128,1290153,variance_estimation,153
0.0004428127276982635,full_latent_pooled,exact_sharing,128,1290153,variance_estimation,153
1.3455276038444106,qalt_pooled,alternating_variances,128,1290153,variance_estimation,153
0.04511069767562893,full_latent_coordinatewise,alternating_variances,128,1290153,variance_estimation,153
1.3455276038444106,full_latent_pooled,alternating_variances,128,1290153,variance_estimation,153
0.0004687857927388253,qalt_pooled,exact_sharing,128,1290154,variance_estimation,154
0.03663800291978045,full_latent_coordinatewise,exact_sharing,128,1290154,variance_estimation,154
0.0004687857927388253,full_latent_pooled,exact_sharing,128,1290154,variance_estimation,154
1.340553637153635,qalt_pooled,alternating_variances,128,1290154,variance_estimation,154
0.04491413740800959,full_latent_coordinatewise,alternating_variances,128,1290154,variance_estimation,154
1.340553637153635,full_latent_pooled,alternating_variances,128,1290154,variance_estimation,154
0.0043332444791397,qalt_pooled,exact_sharing,128,1290155,variance_estimation,155
0.051995738809991546,full_latent_coordinatewise,exact_sharing,128,1290155,variance_estimation,155
0.0043332444791397,full_latent_pooled,exact_sharing,128,1290155,variance_estimation,155
1.341178213280906,qalt_pooled,alternating_variances,128,1290155,variance_estimation,155
0.1012057846347456,full_latent_coordinatewise,alternating_variances,128,1290155,variance_estimation,155
1.341178213280906,full_latent_pooled,alternating_variances,128,1290155,variance_estimation,155
0.010292652257871002,qalt_pooled,exact_sharing,128,1290156,variance_estimation,156
0.047772216928259,full_latent_coordinatewise,exact_sharing,128,1290156,variance_estimation,156
0.010292652257871002,full_latent_pooled,exact_sharing,128,1290156,variance_estimation,156
1.3400407317297076,qalt_pooled,alternating_variances,128,1290156,variance_estimation,156
0.031240899810237147,full_latent_coordinatewise,alternating_variances,128,1290156,variance_estimation,156
1.3400407317297076,full_latent_pooled,alternating_variances,128,1290156,variance_estimation,156
0.003512918309068705,qalt_pooled,exact_sharing,128,1290157,variance_estimation,157
0.034004080760437816,full_latent_coordinatewise,exact_sharing,128,1290157,variance_estimation,157
0.003512918309068705,full_latent_pooled,exact_sharing,128,1290157,variance_estimation,157
1.3399739464350158,qalt_pooled,alternating_variances,128,1290157,variance_estimation,157
0.06477605912193768,full_latent_coordinatewise,alternating_variances,128,1290157,variance_estimation,157
1.3399739464350158,full_latent_pooled,alternating_variances,128,1290157,variance_estimation,157
8.854636518043461e-05,qalt_pooled,exact_sharing,128,1290158,variance_estimation,158
0.05402765034867581,full_latent_coordinatewise,exact_sharing,128,1290158,variance_estimation,158
8.854636518043461e-05,full_latent_pooled,exact_sharing,128,1290158,variance_estimation,158
1.3422737342382196,qalt_pooled,alternating_variances,128,1290158,variance_estimation,158
0.04914427963490825,full_latent_coordinatewise,alternating_variances,128,1290158,variance_estimation,158
1.3422737342382196,full_latent_pooled,alternating_variances,128,1290158,variance_estimation,158
0.0049456111168999645,qalt_pooled,exact_sharing,128,1290159,variance_estimation,159
0.026147879936578293,full_latent_coordinatewise,exact_sharing,128,1290159,variance_estimation,159
0.0049456111168999645,full_latent_pooled,exact_sharing,128,1290159,variance_estimation,159
1.3422534577427156,qalt_pooled,alternating_variances,128,1290159,variance_estimation,159
0.033337366446441634,full_latent_coordinatewise,alternating_variances,128,1290159,variance_estimation,159
1.3422534577427156,full_latent_pooled,alternating_variances,128,1290159,variance_estimation,159
0.0017758893834816658,qalt_pooled,exact_sharing,128,1290160,variance_estimation,160
0.038955500327537446,full_latent_coordinatewise,exact_sharing,128,1290160,variance_estimation,160
0.0017758893834816658,full_latent_pooled,exact_sharing,128,1290160,variance_estimation,160
1.359382190016078,qalt_pooled,alternating_variances,128,1290160,variance_estimation,160
0.09960447283403843,full_latent_coordinatewise,alternating_variances,128,1290160,variance_estimation,160
1.359382190016078,full_latent_pooled,alternating_variances,128,1290160,variance_estimation,160
0.000960086082982349,qalt_pooled,exact_sharing,128,1290161,variance_estimation,161
0.025601029170398155,full_latent_coordinatewise,exact_sharing,128,1290161,variance_estimation,161
0.000960086082982349,full_latent_pooled,exact_sharing,128,1290161,variance_estimation,161
1.3389688039160066,qalt_pooled,alternating_variances,128,1290161,variance_estimation,161
0.0443733812464995,full_latent_coordinatewise,alternating_variances,128,1290161,variance_estimation,161
1.3389688039160066,full_latent_pooled,alternating_variances,128,1290161,variance_estimation,161
9.253837173221584e-05,qalt_pooled,exact_sharing,128,1290162,variance_estimation,162
0.015678404257428606,full_latent_coordinatewise,exact_sharing,128,1290162,variance_estimation,162
9.253837173221584e-05,full_latent_pooled,exact_sharing,128,1290162,variance_estimation,162
1.3417776086681579,qalt_pooled,alternating_variances,128,1290162,variance_estimation,162
0.025844028029258996,full_latent_coordinatewise,alternating_variances,128,1290162,variance_estimation,162
1.3417776086681579,full_latent_pooled,alternating_variances,128,1290162,variance_estimation,162
0.0005149790815280574,qalt_pooled,exact_sharing,128,1290163,variance_estimation,163
0.03848665342599061,full_latent_coordinatewise,exact_sharing,128,1290163,variance_estimation,163
0.0005149790815280574,full_latent_pooled,exact_sharing,128,1290163,variance_estimation,163
1.3844717677288139,qalt_pooled,alternating_variances,128,1290163,variance_estimation,163
0.09584756406445238,full_latent_coordinatewise,alternating_variances,128,1290163,variance_estimation,163
1.3844717677288139,full_latent_pooled,alternating_variances,128,1290163,variance_estimation,163
0.012221083382646464,qalt_pooled,exact_sharing,128,1290164,variance_estimation,164
0.08189404443194934,full_latent_coordinatewise,exact_sharing,128,1290164,variance_estimation,164
0.012221083382646464,full_latent_pooled,exact_sharing,128,1290164,variance_estimation,164
1.3393833161570552,qalt_pooled,alternating_variances,128,1290164,variance_estimation,164
0.03288064606867802,full_latent_coordinatewise,alternating_variances,128,1290164,variance_estimation,164
1.3393833161570552,full_latent_pooled,alternating_variances,128,1290164,variance_estimation,164
0.0069973872467309906,qalt_pooled,exact_sharing,128,1290165,variance_estimation,165
0.02637614308140702,full_latent_coordinatewise,exact_sharing,128,1290165,variance_estimation,165
0.0069973872467309906,full_latent_pooled,exact_sharing,128,1290165,variance_estimation,165
1.3427760878053223,qalt_pooled,alternating_variances,128,1290165,variance_estimation,165
0.04279285068272427,full_latent_coordinatewise,alternating_variances,128,1290165,variance_estimation,165
1.3427760878053223,full_latent_pooled,alternating_variances,128,1290165,variance_estimation,165
0.003927468555346494,qalt_pooled,exact_sharing,128,1290166,variance_estimation,166
0.046360986325027394,full_latent_coordinatewise,exact_sharing,128,1290166,variance_estimation,166
0.003927468555346494,full_latent_pooled,exact_sharing,128,1290166,variance_estimation,166
1.3441558794270894,qalt_pooled,alternating_variances,128,1290166,variance_estimation,166
0.0786474598079807,full_latent_coordinatewise,alternating_variances,128,1290166,variance_estimation,166
1.3441558794270894,full_latent_pooled,alternating_variances,128,1290166,variance_estimation,166
0.0014021329469119798,qalt_pooled,exact_sharing,128,1290167,variance_estimation,167
0.032815570024274564,full_latent_coordinatewise,exact_sharing,128,1290167,variance_estimation,167
0.0014021329469119798,full_latent_pooled,exact_sharing,128,1290167,variance_estimation,167
1.3389866319008834,qalt_pooled,alternating_variances,128,1290167,variance_estimation,167
0.041857279272822547,full_latent_coordinatewise,alternating_variances,128,1290167,variance_estimation,167
1.3389866319008834,full_latent_pooled,alternating_variances,128,1290167,variance_estimation,167
3.468976229792538e-05,qalt_pooled,exact_sharing,128,1290168,variance_estimation,168
0.06315545360767107,full_latent_coordinatewise,exact_sharing,128,1290168,variance_estimation,168
3.468976229792538e-05,full_latent_pooled,exact_sharing,128,1290168,variance_estimation,168
1.3392432564934496,qalt_pooled,alternating_variances,128,1290168,variance_estimation,168
0.050556116410266215,full_latent_coordinatewise,alternating_variances,128,1290168,variance_estimation,168
1.3392432564934496,full_latent_pooled,alternating_variances,128,1290168,variance_estimation,168
0.00463766601818065,qalt_pooled,exact_sharing,128,1290169,variance_estimation,169
0.04324889549643471,full_latent_coordinatewise,exact_sharing,128,1290169,variance_estimation,169
0.00463766601818065,full_latent_pooled,exact_sharing,128,1290169,variance_estimation,169
1.338891546725809,qalt_pooled,alternating_variances,128,1290169,variance_estimation,169
0.05594939614469877,full_latent_coordinatewise,alternating_variances,128,1290169,variance_estimation,169
1.338891546725809,full_latent_pooled,alternating_variances,128,1290169,variance_estimation,169
0.03964021335056295,qalt_pooled,exact_sharing,128,1290170,variance_estimation,170
0.06149902585249048,full_latent_coordinatewise,exact_sharing,128,1290170,variance_estimation,170
0.03964021335056295,full_latent_pooled,exact_sharing,128,1290170,variance_estimation,170
1.3407302170043,qalt_pooled,alternating_variances,128,1290170,variance_estimation,170
0.06116126270448288,full_latent_coordinatewise,alternating_variances,128,1290170,variance_estimation,170
1.3407302170043,full_latent_pooled,alternating_variances,128,1290170,variance_estimation,170
0.0052054270536083525,qalt_pooled,exact_sharing,128,1290171,variance_estimation,171
0.061039864710014324,full_latent_coordinatewise,exact_sharing,128,1290171,variance_estimation,171
0.0052054270536083525,full_latent_pooled,exact_sharing,128,1290171,variance_estimation,171
1.3389201979497782,qalt_pooled,alternating_variances,128,1290171,variance_estimation,171
0.04315553972547821,full_latent_coordinatewise,alternating_variances,128,1290171,variance_estimation,171
1.3389201979497782,full_latent_pooled,alternating_variances,128,1290171,variance_estimation,171
0.0013856952712606868,qalt_pooled,exact_sharing,128,1290172,variance_estimation,172
0.028196661506996772,full_latent_coordinatewise,exact_sharing,128,1290172,variance_estimation,172
0.0013856952712606868,full_latent_pooled,exact_sharing,128,1290172,variance_estimation,172
1.3392295473178795,qalt_pooled,alternating_variances,128,1290172,variance_estimation,172
0.05273300987976827,full_latent_coordinatewise,alternating_variances,128,1290172,variance_estimation,172
1.3392295473178795,full_latent_pooled,alternating_variances,128,1290172,variance_estimation,172
0.0003422641826882969,qalt_pooled,exact_sharing,128,1290173,variance_estimation,173
0.03221817362111537,full_latent_coordinatewise,exact_sharing,128,1290173,variance_estimation,173
0.0003422641826882969,full_latent_pooled,exact_sharing,128,1290173,variance_estimation,173
1.3443638715613353,qalt_pooled,alternating_variances,128,1290173,variance_estimation,173
0.06185044982289631,full_latent_coordinatewise,alternating_variances,128,1290173,variance_estimation,173
1.3443638715613353,full_latent_pooled,alternating_variances,128,1290173,variance_estimation,173
0.007711364050940583,qalt_pooled,exact_sharing,128,1290174,variance_estimation,174
0.03174289936319123,full_latent_coordinatewise,exact_sharing,128,1290174,variance_estimation,174
0.007711364050940583,full_latent_pooled,exact_sharing,128,1290174,variance_estimation,174
1.35019768719334,qalt_pooled,alternating_variances,128,1290174,variance_estimation,174
0.08173785448954159,full_latent_coordinatewise,alternating_variances,128,1290174,variance_estimation,174
1.35019768719334,full_latent_pooled,alternating_variances,128,1290174,variance_estimation,174
0.006141226111902348,qalt_pooled,exact_sharing,128,1290175,variance_estimation,175
0.03487867122352578,full_latent_coordinatewise,exact_sharing,128,1290175,variance_estimation,175
0.006141226111902348,full_latent_pooled,exact_sharing,128,1290175,variance_estimation,175
1.3400769031620623,qalt_pooled,alternating_variances,128,1290175,variance_estimation,175
0.05654555380552918,full_latent_coordinatewise,alternating_variances,128,1290175,variance_estimation,175
1.3400769031620623,full_latent_pooled,alternating_variances,128,1290175,variance_estimation,175
7.700308210647176e-05,qalt_pooled,exact_sharing,128,1290176,variance_estimation,176
0.031437816549528534,full_latent_coordinatewise,exact_sharing,128,1290176,variance_estimation,176
7.700308210647176e-05,full_latent_pooled,exact_sharing,128,1290176,variance_estimation,176
1.3394844671542938,qalt_pooled,alternating_variances,128,1290176,variance_estimation,176
0.04084524082148816,full_latent_coordinatewise,alternating_variances,128,1290176,variance_estimation,176
1.3394844671542938,full_latent_pooled,alternating_variances,128,1290176,variance_estimation,176
4.1864974509698595e-05,qalt_pooled,exact_sharing,128,1290177,variance_estimation,177
0.01950053445154502,full_latent_coordinatewise,exact_sharing,128,1290177,variance_estimation,177
4.1864974509698595e-05,full_latent_pooled,exact_sharing,128,1290177,variance_estimation,177
1.3420341304566061,qalt_pooled,alternating_variances,128,1290177,variance_estimation,177
0.03427876906433499,full_latent_coordinatewise,alternating_variances,128,1290177,variance_estimation,177
1.3420341304566061,full_latent_pooled,alternating_variances,128,1290177,variance_estimation,177
0.00011428070001428918,qalt_pooled,exact_sharing,128,1290178,variance_estimation,178
0.029726038869570683,full_latent_coordinatewise,exact_sharing,128,1290178,variance_estimation,178
0.00011428070001428918,full_latent_pooled,exact_sharing,128,1290178,variance_estimation,178
1.3430425782540036,qalt_pooled,alternating_variances,128,1290178,variance_estimation,178
0.02406540997343125,full_latent_coordinatewise,alternating_variances,128,1290178,variance_estimation,178
1.3430425782540036,full_latent_pooled,alternating_variances,128,1290178,variance_estimation,178
0.003565657251968432,qalt_pooled,exact_sharing,128,1290179,variance_estimation,179
0.03454269067157889,full_latent_coordinatewise,exact_sharing,128,1290179,variance_estimation,179
0.003565657251968432,full_latent_pooled,exact_sharing,128,1290179,variance_estimation,179
1.3410369403850915,qalt_pooled,alternating_variances,128,1290179,variance_estimation,179
0.029238614178538395,full_latent_coordinatewise,alternating_variances,128,1290179,variance_estimation,179
1.3410369403850915,full_latent_pooled,alternating_variances,128,1290179,variance_estimation,179
0.01147041598611409,qalt_pooled,exact_sharing,128,1290180,variance_estimation,180
0.053042214354373694,full_latent_coordinatewise,exact_sharing,128,1290180,variance_estimation,180
0.01147041598611409,full_latent_pooled,exact_sharing,128,1290180,variance_estimation,180
1.3484590746432286,qalt_pooled,alternating_variances,128,1290180,variance_estimation,180
0.042403915622192825,full_latent_coordinatewise,alternating_variances,128,1290180,variance_estimation,180
1.3484590746432286,full_latent_pooled,alternating_variances,128,1290180,variance_estimation,180
1.0470514193500549e-05,qalt_pooled,exact_sharing,128,1290181,variance_estimation,181
0.021689325012964656,full_latent_coordinatewise,exact_sharing,128,1290181,variance_estimation,181
1.0470514193500549e-05,full_latent_pooled,exact_sharing,128,1290181,variance_estimation,181
1.3596592969597818,qalt_pooled,alternating_variances,128,1290181,variance_estimation,181
0.06527926095469139,full_latent_coordinatewise,alternating_variances,128,1290181,variance_estimation,181
1.3596592969597818,full_latent_pooled,alternating_variances,128,1290181,variance_estimation,181
0.005668260811963838,qalt_pooled,exact_sharing,128,1290182,variance_estimation,182
0.09087897065256083,full_latent_coordinatewise,exact_sharing,128,1290182,variance_estimation,182
0.005668260811963838,full_latent_pooled,exact_sharing,128,1290182,variance_estimation,182
1.3454649491377249,qalt_pooled,alternating_variances,128,1290182,variance_estimation,182
0.047914837899436895,full_latent_coordinatewise,alternating_variances,128,1290182,variance_estimation,182
1.3454649491377249,full_latent_pooled,alternating_variances,128,1290182,variance_estimation,182
0.0022490954525727705,qalt_pooled,exact_sharing,128,1290183,variance_estimation,183
0.03567402745010943,full_latent_coordinatewise,exact_sharing,128,1290183,variance_estimation,183
0.0022490954525727705,full_latent_pooled,exact_sharing,128,1290183,variance_estimation,183
1.338959194167953,qalt_pooled,alternating_variances,128,1290183,variance_estimation,183
0.027757163639310328,full_latent_coordinatewise,alternating_variances,128,1290183,variance_estimation,183
1.338959194167953,full_latent_pooled,alternating_variances,128,1290183,variance_estimation,183
0.021704777526612762,qalt_pooled,exact_sharing,128,1290184,variance_estimation,184
0.04808290179464091,full_latent_coordinatewise,exact_sharing,128,1290184,variance_estimation,184
0.021704777526612762,full_latent_pooled,exact_sharing,128,1290184,variance_estimation,184
1.3479586030058124,qalt_pooled,alternating_variances,128,1290184,variance_estimation,184
0.07031585696280254,full_latent_coordinatewise,alternating_variances,128,1290184,variance_estimation,184
1.3479586030058124,full_latent_pooled,alternating_variances,128,1290184,variance_estimation,184
4.897548567481605e-05,qalt_pooled,exact_sharing,128,1290185,variance_estimation,185
0.02813886114842149,full_latent_coordinatewise,exact_sharing,128,1290185,variance_estimation,185
4.897548567481605e-05,full_latent_pooled,exact_sharing,128,1290185,variance_estimation,185
1.3425009536532164,qalt_pooled,alternating_variances,128,1290185,variance_estimation,185
0.028153231287703168,full_latent_coordinatewise,alternating_variances,128,1290185,variance_estimation,185
1.3425009536532164,full_latent_pooled,alternating_variances,128,1290185,variance_estimation,185
0.015358928268384253,qalt_pooled,exact_sharing,128,1290186,variance_estimation,186
0.07339468154389474,full_latent_coordinatewise,exact_sharing,128,1290186,variance_estimation,186
0.015358928268384253,full_latent_pooled,exact_sharing,128,1290186,variance_estimation,186
1.3388943058990252,qalt_pooled,alternating_variances,128,1290186,variance_estimation,186
0.07558134264811885,full_latent_coordinatewise,alternating_variances,128,1290186,variance_estimation,186
1.3388943058990252,full_latent_pooled,alternating_variances,128,1290186,variance_estimation,186
0.008035471994225635,qalt_pooled,exact_sharing,128,1290187,variance_estimation,187
0.042490608105766006,full_latent_coordinatewise,exact_sharing,128,1290187,variance_estimation,187
0.008035471994225635,full_latent_pooled,exact_sharing,128,1290187,variance_estimation,187
1.3391389277561672,qalt_pooled,alternating_variances,128,1290187,variance_estimation,187
0.032268746418608364,full_latent_coordinatewise,alternating_variances,128,1290187,variance_estimation,187
1.3391389277561672,full_latent_pooled,alternating_variances,128,1290187,variance_estimation,187
0.0008767123826461456,qalt_pooled,exact_sharing,128,1290188,variance_estimation,188
0.04007135116081184,full_latent_coordinatewise,exact_sharing,128,1290188,variance_estimation,188
0.0008767123826461456,full_latent_pooled,exact_sharing,128,1290188,variance_estimation,188
1.3431171406231193,qalt_pooled,alternating_variances,128,1290188,variance_estimation,188
0.03700704290812138,full_latent_coordinatewise,alternating_variances,128,1290188,variance_estimation,188
1.3431171406231193,full_latent_pooled,alternating_variances,128,1290188,variance_estimation,188
0.0016777698505450953,qalt_pooled,exact_sharing,128,1290189,variance_estimation,189
0.0505096084873482,full_latent_coordinatewise,exact_sharing,128,1290189,variance_estimation,189
0.0016777698505450953,full_latent_pooled,exact_sharing,128,1290189,variance_estimation,189
1.3413327771843226,qalt_pooled,alternating_variances,128,1290189,variance_estimation,189
0.05437334076880572,full_latent_coordinatewise,alternating_variances,128,1290189,variance_estimation,189
1.3413327771843226,full_latent_pooled,alternating_variances,128,1290189,variance_estimation,189
0.01822201969788556,qalt_pooled,exact_sharing,128,1290190,variance_estimation,190
0.04165507171946384,full_latent_coordinatewise,exact_sharing,128,1290190,variance_estimation,190
0.01822201969788556,full_latent_pooled,exact_sharing,128,1290190,variance_estimation,190
1.3388927515351265,qalt_pooled,alternating_variances,128,1290190,variance_estimation,190
0.015720193992300395,full_latent_coordinatewise,alternating_variances,128,1290190,variance_estimation,190
1.3388927515351265,full_latent_pooled,alternating_variances,128,1290190,variance_estimation,190
0.0003253659273872618,qalt_pooled,exact_sharing,128,1290191,variance_estimation,191
0.07056019623453286,full_latent_coordinatewise,exact_sharing,128,1290191,variance_estimation,191
0.0003253659273872618,full_latent_pooled,exact_sharing,128,1290191,variance_estimation,191
1.3398231010218953,qalt_pooled,alternating_variances,128,1290191,variance_estimation,191
0.04905869445654253,full_latent_coordinatewise,alternating_variances,128,1290191,variance_estimation,191
1.3398231010218953,full_latent_pooled,alternating_variances,128,1290191,variance_estimation,191
0.0018935520069927603,qalt_pooled,exact_sharing,128,1290192,variance_estimation,192
0.06329044139375771,full_latent_coordinatewise,exact_sharing,128,1290192,variance_estimation,192
0.0018935520069927603,full_latent_pooled,exact_sharing,128,1290192,variance_estimation,192
1.3393750027049602,qalt_pooled,alternating_variances,128,1290192,variance_estimation,192
0.03622106059672228,full_latent_coordinatewise,alternating_variances,128,1290192,variance_estimation,192
1.3393750027049602,full_latent_pooled,alternating_variances,128,1290192,variance_estimation,192
0.0004098472321258477,qalt_pooled,exact_sharing,128,1290193,variance_estimation,193
0.05397834051849985,full_latent_coordinatewise,exact_sharing,128,1290193,variance_estimation,193
0.0004098472321258477,full_latent_pooled,exact_sharing,128,1290193,variance_estimation,193
1.3391882681677312,qalt_pooled,alternating_variances,128,1290193,variance_estimation,193
0.049124191487749824,full_latent_coordinatewise,alternating_variances,128,1290193,variance_estimation,193
1.3391882681677312,full_latent_pooled,alternating_variances,128,1290193,variance_estimation,193
6.383534878908305e-07,qalt_pooled,exact_sharing,128,1290194,variance_estimation,194
0.027031529555177552,full_latent_coordinatewise,exact_sharing,128,1290194,variance_estimation,194
6.383534878908305e-07,full_latent_pooled,exact_sharing,128,1290194,variance_estimation,194
1.345011963612981,qalt_pooled,alternating_variances,128,1290194,variance_estimation,194
0.03949614732532801,full_latent_coordinatewise,alternating_variances,128,1290194,variance_estimation,194
1.345011963612981,full_latent_pooled,alternating_variances,128,1290194,variance_estimation,194
0.00013331296877993476,qalt_pooled,exact_sharing,128,1290195,variance_estimation,195
0.04744717034555596,full_latent_coordinatewise,exact_sharing,128,1290195,variance_estimation,195
0.00013331296877993476,full_latent_pooled,exact_sharing,128,1290195,variance_estimation,195
1.342373018272927,qalt_pooled,alternating_variances,128,1290195,variance_estimation,195
0.04483222341432953,full_latent_coordinatewise,alternating_variances,128,1290195,variance_estimation,195
1.342373018272927,full_latent_pooled,alternating_variances,128,1290195,variance_estimation,195
9.458685392025462e-05,qalt_pooled,exact_sharing,128,1290196,variance_estimation,196
0.07242743651244199,full_latent_coordinatewise,exact_sharing,128,1290196,variance_estimation,196
9.458685392025462e-05,full_latent_pooled,exact_sharing,128,1290196,variance_estimation,196
1.4056521044480252,qalt_pooled,alternating_variances,128,1290196,variance_estimation,196
0.1418517658661017,full_latent_coordinatewise,alternating_variances,128,1290196,variance_estimation,196
1.4056521044480252,full_latent_pooled,alternating_variances,128,1290196,variance_estimation,196
0.006760724232338006,qalt_pooled,exact_sharing,128,1290197,variance_estimation,197
0.027993833907591577,full_latent_coordinatewise,exact_sharing,128,1290197,variance_estimation,197
0.006760724232338006,full_latent_pooled,exact_sharing,128,1290197,variance_estimation,197
1.3442843274431184,qalt_pooled,alternating_variances,128,1290197,variance_estimation,197
0.03324155527020024,full_latent_coordinatewise,alternating_variances,128,1290197,variance_estimation,197
1.3442843274431184,full_latent_pooled,alternating_variances,128,1290197,variance_estimation,197
3.891748680897016e-06,qalt_pooled,exact_sharing,128,1290198,variance_estimation,198
0.033876294966346546,full_latent_coordinatewise,exact_sharing,128,1290198,variance_estimation,198
3.891748680897016e-06,full_latent_pooled,exact_sharing,128,1290198,variance_estimation,198
1.342118495722305,qalt_pooled,alternating_variances,128,1290198,variance_estimation,198
0.016464394225699067,full_latent_coordinatewise,alternating_variances,128,1290198,variance_estimation,198
1.342118495722305,full_latent_pooled,alternating_variances,128,1290198,variance_estimation,198
0.002534372960934908,qalt_pooled,exact_sharing,128,1290199,variance_estimation,199
0.039610523255601215,full_latent_coordinatewise,exact_sharing,128,1290199,variance_estimation,199
0.002534372960934908,full_latent_pooled,exact_sharing,128,1290199,variance_estimation,199
1.3454012210863022,qalt_pooled,alternating_variances,128,1290199,variance_estimation,199
0.04148214538280709,full_latent_coordinatewise,alternating_variances,128,1290199,variance_estimation,199
1.3454012210863022,full_latent_pooled,alternating_variances,128,1290199,variance_estimation,199
0.0024817398467866306,qalt_pooled,exact_sharing,512,5130000,variance_estimation,0
0.008101486972534176,full_latent_coordinatewise,exact_sharing,512,5130000,variance_estimation,0
0.0024817398467866306,full_latent_pooled,exact_sharing,512,5130000,variance_estimation,0
1.3439160739303226,qalt_pooled,alternating_variances,512,5130000,variance_estimation,0
0.011175377825964929,full_latent_coordinatewise,alternating_variances,512,5130000,variance_estimation,0
1.3439160739303226,full_latent_pooled,alternating_variances,512,5130000,variance_estimation,0
0.004030253082577817,qalt_pooled,exact_sharing,512,5130001,variance_estimation,1
0.012251746815816613,full_latent_coordinatewise,exact_sharing,512,5130001,variance_estimation,1
0.004030253082577817,full_latent_pooled,exact_sharing,512,5130001,variance_estimation,1
1.3433065179176005,qalt_pooled,alternating_variances,512,5130001,variance_estimation,1
0.005234848931511818,full_latent_coordinatewise,alternating_variances,512,5130001,variance_estimation,1
1.3433065179176005,full_latent_pooled,alternating_variances,512,5130001,variance_estimation,1
0.006012709704683039,qalt_pooled,exact_sharing,512,5130002,variance_estimation,2
0.015160809603505365,full_latent_coordinatewise,exact_sharing,512,5130002,variance_estimation,2
0.006012709704683039,full_latent_pooled,exact_sharing,512,5130002,variance_estimation,2
1.3410123090846804,qalt_pooled,alternating_variances,512,5130002,variance_estimation,2
0.012439166101392457,full_latent_coordinatewise,alternating_variances,512,5130002,variance_estimation,2
1.3410123090846804,full_latent_pooled,alternating_variances,512,5130002,variance_estimation,2
0.0005416183420062885,qalt_pooled,exact_sharing,512,5130003,variance_estimation,3
0.008584795071478524,full_latent_coordinatewise,exact_sharing,512,5130003,variance_estimation,3
0.0005416183420062885,full_latent_pooled,exact_sharing,512,5130003,variance_estimation,3
1.3459289943519965,qalt_pooled,alternating_variances,512,5130003,variance_estimation,3
0.021746160900513574,full_latent_coordinatewise,alternating_variances,512,5130003,variance_estimation,3
1.3459289943519965,full_latent_pooled,alternating_variances,512,5130003,variance_estimation,3
0.003226018626451166,qalt_pooled,exact_sharing,512,5130004,variance_estimation,4
0.013966075585868036,full_latent_coordinatewise,exact_sharing,512,5130004,variance_estimation,4
0.003226018626451166,full_latent_pooled,exact_sharing,512,5130004,variance_estimation,4
1.3393943851681622,qalt_pooled,alternating_variances,512,5130004,variance_estimation,4
0.009955430075950528,full_latent_coordinatewise,alternating_variances,512,5130004,variance_estimation,4
1.3393943851681622,full_latent_pooled,alternating_variances,512,5130004,variance_estimation,4
0.003974879240417062,qalt_pooled,exact_sharing,512,5130005,variance_estimation,5
0.010153654855980642,full_latent_coordinatewise,exact_sharing,512,5130005,variance_estimation,5
0.003974879240417062,full_latent_pooled,exact_sharing,512,5130005,variance_estimation,5
1.3403314200629382,qalt_pooled,alternating_variances,512,5130005,variance_estimation,5
0.010201521481422776,full_latent_coordinatewise,alternating_variances,512,5130005,variance_estimation,5
1.3403314200629382,full_latent_pooled,alternating_variances,512,5130005,variance_estimation,5
0.004658157683822023,qalt_pooled,exact_sharing,512,5130006,variance_estimation,6
0.010675377382011457,full_latent_coordinatewise,exact_sharing,512,5130006,variance_estimation,6
0.004658157683822023,full_latent_pooled,exact_sharing,512,5130006,variance_estimation,6
1.3396129555224519,qalt_pooled,alternating_variances,512,5130006,variance_estimation,6
0.01506860603451671,full_latent_coordinatewise,alternating_variances,512,5130006,variance_estimation,6
1.3396129555224519,full_latent_pooled,alternating_variances,512,5130006,variance_estimation,6
0.00029909646684570315,qalt_pooled,exact_sharing,512,5130007,variance_estimation,7
0.014747586710814048,full_latent_coordinatewise,exact_sharing,512,5130007,variance_estimation,7
0.00029909646684570315,full_latent_pooled,exact_sharing,512,5130007,variance_estimation,7
1.339242935623861,qalt_pooled,alternating_variances,512,5130007,variance_estimation,7
0.015689680818719166,full_latent_coordinatewise,alternating_variances,512,5130007,variance_estimation,7
1.339242935623861,full_latent_pooled,alternating_variances,512,5130007,variance_estimation,7
0.004514153659200368,qalt_pooled,exact_sharing,512,5130008,variance_estimation,8
0.012154631608084226,full_latent_coordinatewise,exact_sharing,512,5130008,variance_estimation,8
0.004514153659200368,full_latent_pooled,exact_sharing,512,5130008,variance_estimation,8
1.3388940586079294,qalt_pooled,alternating_variances,512,5130008,variance_estimation,8
0.008497743098186015,full_latent_coordinatewise,alternating_variances,512,5130008,variance_estimation,8
1.3388940586079294,full_latent_pooled,alternating_variances,512,5130008,variance_estimation,8
1.702291033390136e-05,qalt_pooled,exact_sharing,512,5130009,variance_estimation,9
0.019673738982857014,full_latent_coordinatewise,exact_sharing,512,5130009,variance_estimation,9
1.702291033390136e-05,full_latent_pooled,exact_sharing,512,5130009,variance_estimation,9
1.3393748587927958,qalt_pooled,alternating_variances,512,5130009,variance_estimation,9
0.00731820597073171,full_latent_coordinatewise,alternating_variances,512,5130009,variance_estimation,9
1.3393748587927958,full_latent_pooled,alternating_variances,512,5130009,variance_estimation,9
0.0010090181099344508,qalt_pooled,exact_sharing,512,5130010,variance_estimation,10
0.008818672477620922,full_latent_coordinatewise,exact_sharing,512,5130010,variance_estimation,10
0.0010090181099344508,full_latent_pooled,exact_sharing,512,5130010,variance_estimation,10
1.3405848495374932,qalt_pooled,alternating_variances,512,5130010,variance_estimation,10
0.008876511350018833,full_latent_coordinatewise,alternating_variances,512,5130010,variance_estimation,10
1.3405848495374932,full_latent_pooled,alternating_variances,512,5130010,variance_estimation,10
0.0009049725204869144,qalt_pooled,exact_sharing,512,5130011,variance_estimation,11
0.009400078247855308,full_latent_coordinatewise,exact_sharing,512,5130011,variance_estimation,11
0.0009049725204869144,full_latent_pooled,exact_sharing,512,5130011,variance_estimation,11
1.3389132648781432,qalt_pooled,alternating_variances,512,5130011,variance_estimation,11
0.0068221484657969445,full_latent_coordinatewise,alternating_variances,512,5130011,variance_estimation,11
1.3389132648781432,full_latent_pooled,alternating_variances,512,5130011,variance_estimation,11
0.00429545590166916,qalt_pooled,exact_sharing,512,5130012,variance_estimation,12
0.009396722548704418,full_latent_coordinatewise,exact_sharing,512,5130012,variance_estimation,12
0.00429545590166916,full_latent_pooled,exact_sharing,512,5130012,variance_estimation,12
1.3393592644401173,qalt_pooled,alternating_variances,512,5130012,variance_estimation,12
0.013605246117436992,full_latent_coordinatewise,alternating_variances,512,5130012,variance_estimation,12
1.3393592644401173,full_latent_pooled,alternating_variances,512,5130012,variance_estimation,12
0.002500312946209962,qalt_pooled,exact_sharing,512,5130013,variance_estimation,13
0.011945515941578468,full_latent_coordinatewise,exact_sharing,512,5130013,variance_estimation,13
0.002500312946209962,full_latent_pooled,exact_sharing,512,5130013,variance_estimation,13
1.3419568647589541,qalt_pooled,alternating_variances,512,5130013,variance_estimation,13
0.022670936984495703,full_latent_coordinatewise,alternating_variances,512,5130013,variance_estimation,13
1.3419568647589541,full_latent_pooled,alternating_variances,512,5130013,variance_estimation,13
0.00017220613767401222,qalt_pooled,exact_sharing,512,5130014,variance_estimation,14
0.008442717466530188,full_latent_coordinatewise,exact_sharing,512,5130014,variance_estimation,14
0.00017220613767401222,full_latent_pooled,exact_sharing,512,5130014,variance_estimation,14
1.345029453342963,qalt_pooled,alternating_variances,512,5130014,variance_estimation,14
0.014253380431385887,full_latent_coordinatewise,alternating_variances,512,5130014,variance_estimation,14
1.345029453342963,full_latent_pooled,alternating_variances,512,5130014,variance_estimation,14
0.002561501589813546,qalt_pooled,exact_sharing,512,5130015,variance_estimation,15
0.008618874755034714,full_latent_coordinatewise,exact_sharing,512,5130015,variance_estimation,15
0.002561501589813546,full_latent_pooled,exact_sharing,512,5130015,variance_estimation,15
1.3395495599047968,qalt_pooled,alternating_variances,512,5130015,variance_estimation,15
0.011770314874800337,full_latent_coordinatewise,alternating_variances,512,5130015,variance_estimation,15
1.3395495599047968,full_latent_pooled,alternating_variances,512,5130015,variance_estimation,15
0.00010466866371024175,qalt_pooled,exact_sharing,512,5130016,variance_estimation,16
0.010698576565427269,full_latent_coordinatewise,exact_sharing,512,5130016,variance_estimation,16
0.00010466866371024175,full_latent_pooled,exact_sharing,512,5130016,variance_estimation,16
1.3394729210710015,qalt_pooled,alternating_variances,512,5130016,variance_estimation,16
0.012909939250573809,full_latent_coordinatewise,alternating_variances,512,5130016,variance_estimation,16
1.3394729210710015,full_latent_pooled,alternating_variances,512,5130016,variance_estimation,16
0.004128413206906323,qalt_pooled,exact_sharing,512,5130017,variance_estimation,17
0.010014509179815825,full_latent_coordinatewise,exact_sharing,512,5130017,variance_estimation,17
0.004128413206906323,full_latent_pooled,exact_sharing,512,5130017,variance_estimation,17
1.3388621728428016,qalt_pooled,alternating_variances,512,5130017,variance_estimation,17
0.016527065073926685,full_latent_coordinatewise,alternating_variances,512,5130017,variance_estimation,17
1.3388621728428016,full_latent_pooled,alternating_variances,512,5130017,variance_estimation,17
0.0009898237586258712,qalt_pooled,exact_sharing,512,5130018,variance_estimation,18
0.01614958036862512,full_latent_coordinatewise,exact_sharing,512,5130018,variance_estimation,18
0.0009898237586258712,full_latent_pooled,exact_sharing,512,5130018,variance_estimation,18
1.339382017089631,qalt_pooled,alternating_variances,512,5130018,variance_estimation,18
0.005003660601847214,full_latent_coordinatewise,alternating_variances,512,5130018,variance_estimation,18
1.339382017089631,full_latent_pooled,alternating_variances,512,5130018,variance_estimation,18
0.0036236786885263245,qalt_pooled,exact_sharing,512,5130019,variance_estimation,19
0.01032845992816343,full_latent_coordinatewise,exact_sharing,512,5130019,variance_estimation,19
0.0036236786885263245,full_latent_pooled,exact_sharing,512,5130019,variance_estimation,19
1.338999177665821,qalt_pooled,alternating_variances,512,5130019,variance_estimation,19
0.010328455663354379,full_latent_coordinatewise,alternating_variances,512,5130019,variance_estimation,19
1.338999177665821,full_latent_pooled,alternating_variances,512,5130019,variance_estimation,19
0.003945609390690566,qalt_pooled,exact_sharing,512,5130020,variance_estimation,20
0.019998948818690118,full_latent_coordinatewise,exact_sharing,512,5130020,variance_estimation,20
0.003945609390690566,full_latent_pooled,exact_sharing,512,5130020,variance_estimation,20
1.3388989084213794,qalt_pooled,alternating_variances,512,5130020,variance_estimation,20
0.0141771080972922,full_latent_coordinatewise,alternating_variances,512,5130020,variance_estimation,20
1.3388989084213794,full_latent_pooled,alternating_variances,512,5130020,variance_estimation,20
0.004088217706904915,qalt_pooled,exact_sharing,512,5130021,variance_estimation,21
0.025824088625844822,full_latent_coordinatewise,exact_sharing,512,5130021,variance_estimation,21
0.004088217706904915,full_latent_pooled,exact_sharing,512,5130021,variance_estimation,21
1.3412373376905793,qalt_pooled,alternating_variances,512,5130021,variance_estimation,21
0.012160200793948965,full_latent_coordinatewise,alternating_variances,512,5130021,variance_estimation,21
1.3412373376905793,full_latent_pooled,alternating_variances,512,5130021,variance_estimation,21
0.000843215815171515,qalt_pooled,exact_sharing,512,5130022,variance_estimation,22
0.009735329106670507,full_latent_coordinatewise,exact_sharing,512,5130022,variance_estimation,22
0.000843215815171515,full_latent_pooled,exact_sharing,512,5130022,variance_estimation,22
1.3390917890914464,qalt_pooled,alternating_variances,512,5130022,variance_estimation,22
0.006424068227343219,full_latent_coordinatewise,alternating_variances,512,5130022,variance_estimation,22
1.3390917890914464,full_latent_pooled,alternating_variances,512,5130022,variance_estimation,22
0.00202635117124296,qalt_pooled,exact_sharing,512,5130023,variance_estimation,23
0.010234526553418395,full_latent_coordinatewise,exact_sharing,512,5130023,variance_estimation,23
0.00202635117124296,full_latent_pooled,exact_sharing,512,5130023,variance_estimation,23
1.3391177804890564,qalt_pooled,alternating_variances,512,5130023,variance_estimation,23
0.010723289512204831,full_latent_coordinatewise,alternating_variances,512,5130023,variance_estimation,23
1.3391177804890564,full_latent_pooled,alternating_variances,512,5130023,variance_estimation,23
0.00014970076553798804,qalt_pooled,exact_sharing,512,5130024,variance_estimation,24
0.012024659361593047,full_latent_coordinatewise,exact_sharing,512,5130024,variance_estimation,24
0.00014970076553798804,full_latent_pooled,exact_sharing,512,5130024,variance_estimation,24
1.3415090768328273,qalt_pooled,alternating_variances,512,5130024,variance_estimation,24
0.013586930046650233,full_latent_coordinatewise,alternating_variances,512,5130024,variance_estimation,24
1.3415090768328273,full_latent_pooled,alternating_variances,512,5130024,variance_estimation,24
7.882476078232593e-05,qalt_pooled,exact_sharing,512,5130025,variance_estimation,25
0.011476847322683979,full_latent_coordinatewise,exact_sharing,512,5130025,variance_estimation,25
7.882476078232593e-05,full_latent_pooled,exact_sharing,512,5130025,variance_estimation,25
1.3393269926417195,qalt_pooled,alternating_variances,512,5130025,variance_estimation,25
0.007610243834052851,full_latent_coordinatewise,alternating_variances,512,5130025,variance_estimation,25
1.3393269926417195,full_latent_pooled,alternating_variances,512,5130025,variance_estimation,25
0.000375954130153823,qalt_pooled,exact_sharing,512,5130026,variance_estimation,26
0.008327789244994584,full_latent_coordinatewise,exact_sharing,512,5130026,variance_estimation,26
0.000375954130153823,full_latent_pooled,exact_sharing,512,5130026,variance_estimation,26
1.3407004166556153,qalt_pooled,alternating_variances,512,5130026,variance_estimation,26
0.014111618547340408,full_latent_coordinatewise,alternating_variances,512,5130026,variance_estimation,26
1.3407004166556153,full_latent_pooled,alternating_variances,512,5130026,variance_estimation,26
0.0017984749470966108,qalt_pooled,exact_sharing,512,5130027,variance_estimation,27
0.016532491931901223,full_latent_coordinatewise,exact_sharing,512,5130027,variance_estimation,27
0.0017984749470966108,full_latent_pooled,exact_sharing,512,5130027,variance_estimation,27
1.3404233785307582,qalt_pooled,alternating_variances,512,5130027,variance_estimation,27
0.015591423660320526,full_latent_coordinatewise,alternating_variances,512,5130027,variance_estimation,27
1.3404233785307582,full_latent_pooled,alternating_variances,512,5130027,variance_estimation,27
1.5233819704407563e-06,qalt_pooled,exact_sharing,512,5130028,variance_estimation,28
0.003895791596622816,full_latent_coordinatewise,exact_sharing,512,5130028,variance_estimation,28
1.5233819704407563e-06,full_latent_pooled,exact_sharing,512,5130028,variance_estimation,28
1.3417670210881634,qalt_pooled,alternating_variances,512,5130028,variance_estimation,28
0.008492673285198527,full_latent_coordinatewise,alternating_variances,512,5130028,variance_estimation,28
1.3417670210881634,full_latent_pooled,alternating_variances,512,5130028,variance_estimation,28
0.0016162425694670537,qalt_pooled,exact_sharing,512,5130029,variance_estimation,29
0.012438456664289695,full_latent_coordinatewise,exact_sharing,512,5130029,variance_estimation,29
0.0016162425694670537,full_latent_pooled,exact_sharing,512,5130029,variance_estimation,29
1.3433305200489278,qalt_pooled,alternating_variances,512,5130029,variance_estimation,29
0.014620716886720665,full_latent_coordinatewise,alternating_variances,512,5130029,variance_estimation,29
1.3433305200489278,full_latent_pooled,alternating_variances,512,5130029,variance_estimation,29
0.0008566408226286029,qalt_pooled,exact_sharing,512,5130030,variance_estimation,30
0.0063397111391774496,full_latent_coordinatewise,exact_sharing,512,5130030,variance_estimation,30
0.0008566408226286029,full_latent_pooled,exact_sharing,512,5130030,variance_estimation,30
1.3409171552697967,qalt_pooled,alternating_variances,512,5130030,variance_estimation,30
0.009806662346454685,full_latent_coordinatewise,alternating_variances,512,5130030,variance_estimation,30
1.3409171552697967,full_latent_pooled,alternating_variances,512,5130030,variance_estimation,30
0.001163511785766999,qalt_pooled,exact_sharing,512,5130031,variance_estimation,31
0.007603885540378793,full_latent_coordinatewise,exact_sharing,512,5130031,variance_estimation,31
0.001163511785766999,full_latent_pooled,exact_sharing,512,5130031,variance_estimation,31
1.3389325638074316,qalt_pooled,alternating_variances,512,5130031,variance_estimation,31
0.014597603854413627,full_latent_coordinatewise,alternating_variances,512,5130031,variance_estimation,31
1.3389325638074316,full_latent_pooled,alternating_variances,512,5130031,variance_estimation,31
0.0005283073969393481,qalt_pooled,exact_sharing,512,5130032,variance_estimation,32
0.004559435773630691,full_latent_coordinatewise,exact_sharing,512,5130032,variance_estimation,32
0.0005283073969393481,full_latent_pooled,exact_sharing,512,5130032,variance_estimation,32
1.339222898790821,qalt_pooled,alternating_variances,512,5130032,variance_estimation,32
0.01617614645424904,full_latent_coordinatewise,alternating_variances,512,5130032,variance_estimation,32
1.339222898790821,full_latent_pooled,alternating_variances,512,5130032,variance_estimation,32
0.0004893204553858103,qalt_pooled,exact_sharing,512,5130033,variance_estimation,33
0.014071554094419247,full_latent_coordinatewise,exact_sharing,512,5130033,variance_estimation,33
0.0004893204553858103,full_latent_pooled,exact_sharing,512,5130033,variance_estimation,33
1.3389993725788212,qalt_pooled,alternating_variances,512,5130033,variance_estimation,33
0.012332622861306326,full_latent_coordinatewise,alternating_variances,512,5130033,variance_estimation,33
1.3389993725788212,full_latent_pooled,alternating_variances,512,5130033,variance_estimation,33
6.68126728793645e-05,qalt_pooled,exact_sharing,512,5130034,variance_estimation,34
0.011983286409235159,full_latent_coordinatewise,exact_sharing,512,5130034,variance_estimation,34
6.68126728793645e-05,full_latent_pooled,exact_sharing,512,5130034,variance_estimation,34
1.340290577424714,qalt_pooled,alternating_variances,512,5130034,variance_estimation,34
0.012004402468360046,full_latent_coordinatewise,alternating_variances,512,5130034,variance_estimation,34
1.340290577424714,full_latent_pooled,alternating_variances,512,5130034,variance_estimation,34
0.0007236614172564694,qalt_pooled,exact_sharing,512,5130035,variance_estimation,35
0.01569324837167893,full_latent_coordinatewise,exact_sharing,512,5130035,variance_estimation,35
0.0007236614172564694,full_latent_pooled,exact_sharing,512,5130035,variance_estimation,35
1.3393384253876506,qalt_pooled,alternating_variances,512,5130035,variance_estimation,35
0.011501632544547027,full_latent_coordinatewise,alternating_variances,512,5130035,variance_estimation,35
1.3393384253876506,full_latent_pooled,alternating_variances,512,5130035,variance_estimation,35
0.0017847853714668405,qalt_pooled,exact_sharing,512,5130036,variance_estimation,36
0.015901943047879785,full_latent_coordinatewise,exact_sharing,512,5130036,variance_estimation,36
0.0017847853714668405,full_latent_pooled,exact_sharing,512,5130036,variance_estimation,36
1.3389259029280396,qalt_pooled,alternating_variances,512,5130036,variance_estimation,36
0.007500613329693555,full_latent_coordinatewise,alternating_variances,512,5130036,variance_estimation,36
1.3389259029280396,full_latent_pooled,alternating_variances,512,5130036,variance_estimation,36
2.466814572050103e-05,qalt_pooled,exact_sharing,512,5130037,variance_estimation,37
0.005190084042981472,full_latent_coordinatewise,exact_sharing,512,5130037,variance_estimation,37
2.466814572050103e-05,full_latent_pooled,exact_sharing,512,5130037,variance_estimation,37
1.340869900768154,qalt_pooled,alternating_variances,512,5130037,variance_estimation,37
0.010764419053102851,full_latent_coordinatewise,alternating_variances,512,5130037,variance_estimation,37
1.340869900768154,full_latent_pooled,alternating_variances,512,5130037,variance_estimation,37
0.0024906931428766085,qalt_pooled,exact_sharing,512,5130038,variance_estimation,38
0.012365460334198199,full_latent_coordinatewise,exact_sharing,512,5130038,variance_estimation,38
0.0024906931428766085,full_latent_pooled,exact_sharing,512,5130038,variance_estimation,38
1.3394527079655885,qalt_pooled,alternating_variances,512,5130038,variance_estimation,38
0.015362038531846693,full_latent_coordinatewise,alternating_variances,512,5130038,variance_estimation,38
1.3394527079655885,full_latent_pooled,alternating_variances,512,5130038,variance_estimation,38
0.0007242877759011807,qalt_pooled,exact_sharing,512,5130039,variance_estimation,39
0.018411025617225338,full_latent_coordinatewise,exact_sharing,512,5130039,variance_estimation,39
0.0007242877759011807,full_latent_pooled,exact_sharing,512,5130039,variance_estimation,39
1.3394409151926687,qalt_pooled,alternating_variances,512,5130039,variance_estimation,39
0.0100229562166218,full_latent_coordinatewise,alternating_variances,512,5130039,variance_estimation,39
1.3394409151926687,full_latent_pooled,alternating_variances,512,5130039,variance_estimation,39
3.845387650692079e-06,qalt_pooled,exact_sharing,512,5130040,variance_estimation,40
0.014435792399468184,full_latent_coordinatewise,exact_sharing,512,5130040,variance_estimation,40
3.845387650692079e-06,full_latent_pooled,exact_sharing,512,5130040,variance_estimation,40
1.339214609510254,qalt_pooled,alternating_variances,512,5130040,variance_estimation,40
0.006612619470629667,full_latent_coordinatewise,alternating_variances,512,5130040,variance_estimation,40
1.339214609510254,full_latent_pooled,alternating_variances,512,5130040,variance_estimation,40
6.518502772260085e-06,qalt_pooled,exact_sharing,512,5130041,variance_estimation,41
0.009513956182919028,full_latent_coordinatewise,exact_sharing,512,5130041,variance_estimation,41
6.518502772260085e-06,full_latent_pooled,exact_sharing,512,5130041,variance_estimation,41
1.3395618410953176,qalt_pooled,alternating_variances,512,5130041,variance_estimation,41
0.008306393331551329,full_latent_coordinatewise,alternating_variances,512,5130041,variance_estimation,41
1.3395618410953176,full_latent_pooled,alternating_variances,512,5130041,variance_estimation,41
4.471577422382293e-05,qalt_pooled,exact_sharing,512,5130042,variance_estimation,42
0.008133842487087744,full_latent_coordinatewise,exact_sharing,512,5130042,variance_estimation,42
4.471577422382293e-05,full_latent_pooled,exact_sharing,512,5130042,variance_estimation,42
1.3393100619579879,qalt_pooled,alternating_variances,512,5130042,variance_estimation,42
0.00965567329332229,full_latent_coordinatewise,alternating_variances,512,5130042,variance_estimation,42
1.3393100619579879,full_latent_pooled,alternating_variances,512,5130042,variance_estimation,42
8.218766609143988e-05,qalt_pooled,exact_sharing,512,5130043,variance_estimation,43
0.009130543029586238,full_latent_coordinatewise,exact_sharing,512,5130043,variance_estimation,43
8.218766609143988e-05,full_latent_pooled,exact_sharing,512,5130043,variance_estimation,43
1.3392428566471366,qalt_pooled,alternating_variances,512,5130043,variance_estimation,43
0.022112282083423866,full_latent_coordinatewise,alternating_variances,512,5130043,variance_estimation,43
1.3392428566471366,full_latent_pooled,alternating_variances,512,5130043,variance_estimation,43
0.0016455224727984774,qalt_pooled,exact_sharing,512,5130044,variance_estimation,44
0.011253282257736447,full_latent_coordinatewise,exact_sharing,512,5130044,variance_estimation,44
0.0016455224727984774,full_latent_pooled,exact_sharing,512,5130044,variance_estimation,44
1.340477644286614,qalt_pooled,alternating_variances,512,5130044,variance_estimation,44
0.02113824952507014,full_latent_coordinatewise,alternating_variances,512,5130044,variance_estimation,44
1.340477644286614,full_latent_pooled,alternating_variances,512,5130044,variance_estimation,44
0.00016534618034389457,qalt_pooled,exact_sharing,512,5130045,variance_estimation,45
0.02002221354840565,full_latent_coordinatewise,exact_sharing,512,5130045,variance_estimation,45
0.00016534618034389457,full_latent_pooled,exact_sharing,512,5130045,variance_estimation,45
1.34286818597249,qalt_pooled,alternating_variances,512,5130045,variance_estimation,45
0.01356298428818797,full_latent_coordinatewise,alternating_variances,512,5130045,variance_estimation,45
1.34286818597249,full_latent_pooled,alternating_variances,512,5130045,variance_estimation,45
0.004096174921891335,qalt_pooled,exact_sharing,512,5130046,variance_estimation,46
0.016493255537282685,full_latent_coordinatewise,exact_sharing,512,5130046,variance_estimation,46
0.004096174921891335,full_latent_pooled,exact_sharing,512,5130046,variance_estimation,46
1.339402435529359,qalt_pooled,alternating_variances,512,5130046,variance_estimation,46
0.007775209432760142,full_latent_coordinatewise,alternating_variances,512,5130046,variance_estimation,46
1.339402435529359,full_latent_pooled,alternating_variances,512,5130046,variance_estimation,46
0.0012202405280478529,qalt_pooled,exact_sharing,512,5130047,variance_estimation,47
0.011622777015349034,full_latent_coordinatewise,exact_sharing,512,5130047,variance_estimation,47
0.0012202405280478529,full_latent_pooled,exact_sharing,512,5130047,variance_estimation,47
1.3394581689078624,qalt_pooled,alternating_variances,512,5130047,variance_estimation,47
0.018850885095284462,full_latent_coordinatewise,alternating_variances,512,5130047,variance_estimation,47
1.3394581689078624,full_latent_pooled,alternating_variances,512,5130047,variance_estimation,47
6.654424911129234e-05,qalt_pooled,exact_sharing,512,5130048,variance_estimation,48
0.014322094191606821,full_latent_coordinatewise,exact_sharing,512,5130048,variance_estimation,48
6.654424911129234e-05,full_latent_pooled,exact_sharing,512,5130048,variance_estimation,48
1.3392570287180932,qalt_pooled,alternating_variances,512,5130048,variance_estimation,48
0.009502153054523,full_latent_coordinatewise,alternating_variances,512,5130048,variance_estimation,48
1.3392570287180932,full_latent_pooled,alternating_variances,512,5130048,variance_estimation,48
0.0021248123261283225,qalt_pooled,exact_sharing,512,5130049,variance_estimation,49
0.012900272447015467,full_latent_coordinatewise,exact_sharing,512,5130049,variance_estimation,49
0.0021248123261283225,full_latent_pooled,exact_sharing,512,5130049,variance_estimation,49
1.3388628089001497,qalt_pooled,alternating_variances,512,5130049,variance_estimation,49
0.006486518897039353,full_latent_coordinatewise,alternating_variances,512,5130049,variance_estimation,49
1.3388628089001497,full_latent_pooled,alternating_variances,512,5130049,variance_estimation,49
1.0609347045674716e-05,qalt_pooled,exact_sharing,512,5130050,variance_estimation,50
0.013584942609738354,full_latent_coordinatewise,exact_sharing,512,5130050,variance_estimation,50
1.0609347045674716e-05,full_latent_pooled,exact_sharing,512,5130050,variance_estimation,50
1.3389069873101007,qalt_pooled,alternating_variances,512,5130050,variance_estimation,50
0.012732960770694666,full_latent_coordinatewise,alternating_variances,512,5130050,variance_estimation,50
1.3389069873101007,full_latent_pooled,alternating_variances,512,5130050,variance_estimation,50
4.530698306690235e-06,qalt_pooled,exact_sharing,512,5130051,variance_estimation,51
0.011009379972299045,full_latent_coordinatewise,exact_sharing,512,5130051,variance_estimation,51
4.530698306690235e-06,full_latent_pooled,exact_sharing,512,5130051,variance_estimation,51
1.33958221533717,qalt_pooled,alternating_variances,512,5130051,variance_estimation,51
0.004255494492981617,full_latent_coordinatewise,alternating_variances,512,5130051,variance_estimation,51
1.33958221533717,full_latent_pooled,alternating_variances,512,5130051,variance_estimation,51
0.0004019236152180486,qalt_pooled,exact_sharing,512,5130052,variance_estimation,52
0.00924077205088604,full_latent_coordinatewise,exact_sharing,512,5130052,variance_estimation,52
0.0004019236152180486,full_latent_pooled,exact_sharing,512,5130052,variance_estimation,52
1.339180213774251,qalt_pooled,alternating_variances,512,5130052,variance_estimation,52
0.005129436064386333,full_latent_coordinatewise,alternating_variances,512,5130052,variance_estimation,52
1.339180213774251,full_latent_pooled,alternating_variances,512,5130052,variance_estimation,52
1.6434461080779526e-06,qalt_pooled,exact_sharing,512,5130053,variance_estimation,53
0.016519108948152054,full_latent_coordinatewise,exact_sharing,512,5130053,variance_estimation,53
1.6434461080779526e-06,full_latent_pooled,exact_sharing,512,5130053,variance_estimation,53
1.339290818987502,qalt_pooled,alternating_variances,512,5130053,variance_estimation,53
0.012482179687249602,full_latent_coordinatewise,alternating_variances,512,5130053,variance_estimation,53
1.339290818987502,full_latent_pooled,alternating_variances,512,5130053,variance_estimation,53
4.647999467254386e-07,qalt_pooled,exact_sharing,512,5130054,variance_estimation,54
0.01089704505263023,full_latent_coordinatewise,exact_sharing,512,5130054,variance_estimation,54
4.647999467254386e-07,full_latent_pooled,exact_sharing,512,5130054,variance_estimation,54
1.3399848297903758,qalt_pooled,alternating_variances,512,5130054,variance_estimation,54
0.013997874552393564,full_latent_coordinatewise,alternating_variances,512,5130054,variance_estimation,54
1.3399848297903758,full_latent_pooled,alternating_variances,512,5130054,variance_estimation,54
3.2118423790323397e-06,qalt_pooled,exact_sharing,512,5130055,variance_estimation,55
0.00641690233566431,full_latent_coordinatewise,exact_sharing,512,5130055,variance_estimation,55
3.2118423790323397e-06,full_latent_pooled,exact_sharing,512,5130055,variance_estimation,55
1.339464950514133,qalt_pooled,alternating_variances,512,5130055,variance_estimation,55
0.007462102030899875,full_latent_coordinatewise,alternating_variances,512,5130055,variance_estimation,55
1.339464950514133,full_latent_pooled,alternating_variances,512,5130055,variance_estimation,55
0.0065780977595340795,qalt_pooled,exact_sharing,512,5130056,variance_estimation,56
0.022541016724604946,full_latent_coordinatewise,exact_sharing,512,5130056,variance_estimation,56
0.0065780977595340795,full_latent_pooled,exact_sharing,512,5130056,variance_estimation,56
1.3388965074322958,qalt_pooled,alternating_variances,512,5130056,variance_estimation,56
0.013166376756623983,full_latent_coordinatewise,alternating_variances,512,5130056,variance_estimation,56
1.3388965074322958,full_latent_pooled,alternating_variances,512,5130056,variance_estimation,56
0.003551048265815218,qalt_pooled,exact_sharing,512,5130057,variance_estimation,57
0.019890048025798912,full_latent_coordinatewise,exact_sharing,512,5130057,variance_estimation,57
0.003551048265815218,full_latent_pooled,exact_sharing,512,5130057,variance_estimation,57
1.3389561677172295,qalt_pooled,alternating_variances,512,5130057,variance_estimation,57
0.007951128891119444,full_latent_coordinatewise,alternating_variances,512,5130057,variance_estimation,57
1.3389561677172295,full_latent_pooled,alternating_variances,512,5130057,variance_estimation,57
0.00046858274285288895,qalt_pooled,exact_sharing,512,5130058,variance_estimation,58
0.013048654961229535,full_latent_coordinatewise,exact_sharing,512,5130058,variance_estimation,58
0.00046858274285288895,full_latent_pooled,exact_sharing,512,5130058,variance_estimation,58
1.3390909428746405,qalt_pooled,alternating_variances,512,5130058,variance_estimation,58
0.01264801698240371,full_latent_coordinatewise,alternating_variances,512,5130058,variance_estimation,58
1.3390909428746405,full_latent_pooled,alternating_variances,512,5130058,variance_estimation,58
0.004054132335578026,qalt_pooled,exact_sharing,512,5130059,variance_estimation,59
0.03380311139104514,full_latent_coordinatewise,exact_sharing,512,5130059,variance_estimation,59
0.004054132335578026,full_latent_pooled,exact_sharing,512,5130059,variance_estimation,59
1.3388802350407758,qalt_pooled,alternating_variances,512,5130059,variance_estimation,59
0.010700763111458674,full_latent_coordinatewise,alternating_variances,512,5130059,variance_estimation,59
1.3388802350407758,full_latent_pooled,alternating_variances,512,5130059,variance_estimation,59
0.00028609173664888993,qalt_pooled,exact_sharing,512,5130060,variance_estimation,60
0.012667363494112278,full_latent_coordinatewise,exact_sharing,512,5130060,variance_estimation,60
0.00028609173664888993,full_latent_pooled,exact_sharing,512,5130060,variance_estimation,60
1.338873777928827,qalt_pooled,alternating_variances,512,5130060,variance_estimation,60
0.014251289548276586,full_latent_coordinatewise,alternating_variances,512,5130060,variance_estimation,60
1.338873777928827,full_latent_pooled,alternating_variances,512,5130060,variance_estimation,60
0.0012195303620664358,qalt_pooled,exact_sharing,512,5130061,variance_estimation,61
0.008429177799478303,full_latent_coordinatewise,exact_sharing,512,5130061,variance_estimation,61
0.0012195303620664358,full_latent_pooled,exact_sharing,512,5130061,variance_estimation,61
1.342347431240845,qalt_pooled,alternating_variances,512,5130061,variance_estimation,61
0.01136307531051674,full_latent_coordinatewise,alternating_variances,512,5130061,variance_estimation,61
1.342347431240845,full_latent_pooled,alternating_variances,512,5130061,variance_estimation,61
0.0014774661797299152,qalt_pooled,exact_sharing,512,5130062,variance_estimation,62
0.010497298797129793,full_latent_coordinatewise,exact_sharing,512,5130062,variance_estimation,62
0.0014774661797299152,full_latent_pooled,exact_sharing,512,5130062,variance_estimation,62
1.3398585979077742,qalt_pooled,alternating_variances,512,5130062,variance_estimation,62
0.011914142447665421,full_latent_coordinatewise,alternating_variances,512,5130062,variance_estimation,62
1.3398585979077742,full_latent_pooled,alternating_variances,512,5130062,variance_estimation,62
0.0051894336165814875,qalt_pooled,exact_sharing,512,5130063,variance_estimation,63
0.017527749480367203,full_latent_coordinatewise,exact_sharing,512,5130063,variance_estimation,63
0.0051894336165814875,full_latent_pooled,exact_sharing,512,5130063,variance_estimation,63
1.339804516202158,qalt_pooled,alternating_variances,512,5130063,variance_estimation,63
0.016484735068699623,full_latent_coordinatewise,alternating_variances,512,5130063,variance_estimation,63
1.339804516202158,full_latent_pooled,alternating_variances,512,5130063,variance_estimation,63
0.00012733456223957412,qalt_pooled,exact_sharing,512,5130064,variance_estimation,64
0.01620550564416514,full_latent_coordinatewise,exact_sharing,512,5130064,variance_estimation,64
0.00012733456223957412,full_latent_pooled,exact_sharing,512,5130064,variance_estimation,64
1.3396926342007278,qalt_pooled,alternating_variances,512,5130064,variance_estimation,64
0.013669299713425738,full_latent_coordinatewise,alternating_variances,512,5130064,variance_estimation,64
1.3396926342007278,full_latent_pooled,alternating_variances,512,5130064,variance_estimation,64
0.00014773116602322806,qalt_pooled,exact_sharing,512,5130065,variance_estimation,65
0.011846359204914027,full_latent_coordinatewise,exact_sharing,512,5130065,variance_estimation,65
0.00014773116602322806,full_latent_pooled,exact_sharing,512,5130065,variance_estimation,65
1.33952515974557,qalt_pooled,alternating_variances,512,5130065,variance_estimation,65
0.008600666733862405,full_latent_coordinatewise,alternating_variances,512,5130065,variance_estimation,65
1.33952515974557,full_latent_pooled,alternating_variances,512,5130065,variance_estimation,65
0.0007388315192569384,qalt_pooled,exact_sharing,512,5130066,variance_estimation,66
0.011302191191583084,full_latent_coordinatewise,exact_sharing,512,5130066,variance_estimation,66
0.0007388315192569384,full_latent_pooled,exact_sharing,512,5130066,variance_estimation,66
1.3389747544331025,qalt_pooled,alternating_variances,512,5130066,variance_estimation,66
0.008425580273338132,full_latent_coordinatewise,alternating_variances,512,5130066,variance_estimation,66
1.3389747544331025,full_latent_pooled,alternating_variances,512,5130066,variance_estimation,66
1.1586230295452908e-06,qalt_pooled,exact_sharing,512,5130067,variance_estimation,67
0.013563423600696756,full_latent_coordinatewise,exact_sharing,512,5130067,variance_estimation,67
1.1586230295452908e-06,full_latent_pooled,exact_sharing,512,5130067,variance_estimation,67
1.3388615161654627,qalt_pooled,alternating_variances,512,5130067,variance_estimation,67
0.0067873561343228354,full_latent_coordinatewise,alternating_variances,512,5130067,variance_estimation,67
1.3388615161654627,full_latent_pooled,alternating_variances,512,5130067,variance_estimation,67
0.0004328086974573278,qalt_pooled,exact_sharing,512,5130068,variance_estimation,68
0.017643244251272373,full_latent_coordinatewise,exact_sharing,512,5130068,variance_estimation,68
0.0004328086974573278,full_latent_pooled,exact_sharing,512,5130068,variance_estimation,68
1.3390283272832901,qalt_pooled,alternating_variances,512,5130068,variance_estimation,68
0.0075572788166612895,full_latent_coordinatewise,alternating_variances,512,5130068,variance_estimation,68
1.3390283272832901,full_latent_pooled,alternating_variances,512,5130068,variance_estimation,68
0.00011121346334591262,qalt_pooled,exact_sharing,512,5130069,variance_estimation,69
0.007751867378788489,full_latent_coordinatewise,exact_sharing,512,5130069,variance_estimation,69
0.00011121346334591262,full_latent_pooled,exact_sharing,512,5130069,variance_estimation,69
1.3388956393989144,qalt_pooled,alternating_variances,512,5130069,variance_estimation,69
0.009052681323011708,full_latent_coordinatewise,alternating_variances,512,5130069,variance_estimation,69
1.3388956393989144,full_latent_pooled,alternating_variances,512,5130069,variance_estimation,69
0.00025794136796385495,qalt_pooled,exact_sharing,512,5130070,variance_estimation,70
0.012380941833683528,full_latent_coordinatewise,exact_sharing,512,5130070,variance_estimation,70
0.00025794136796385495,full_latent_pooled,exact_sharing,512,5130070,variance_estimation,70
1.3392061643391346,qalt_pooled,alternating_variances,512,5130070,variance_estimation,70
0.009890765524769212,full_latent_coordinatewise,alternating_variances,512,5130070,variance_estimation,70
1.3392061643391346,full_latent_pooled,alternating_variances,512,5130070,variance_estimation,70
0.0010723937674545422,qalt_pooled,exact_sharing,512,5130071,variance_estimation,71
0.015221593644175389,full_latent_coordinatewise,exact_sharing,512,5130071,variance_estimation,71
0.0010723937674545422,full_latent_pooled,exact_sharing,512,5130071,variance_estimation,71
1.3391205014864958,qalt_pooled,alternating_variances,512,5130071,variance_estimation,71
0.01582675209927667,full_latent_coordinatewise,alternating_variances,512,5130071,variance_estimation,71
1.3391205014864958,full_latent_pooled,alternating_variances,512,5130071,variance_estimation,71
0.0008617727622972013,qalt_pooled,exact_sharing,512,5130072,variance_estimation,72
0.013118072015941616,full_latent_coordinatewise,exact_sharing,512,5130072,variance_estimation,72
0.0008617727622972013,full_latent_pooled,exact_sharing,512,5130072,variance_estimation,72
1.3399555253265159,qalt_pooled,alternating_variances,512,5130072,variance_estimation,72
0.013257230606479344,full_latent_coordinatewise,alternating_variances,512,5130072,variance_estimation,72
1.3399555253265159,full_latent_pooled,alternating_variances,512,5130072,variance_estimation,72
0.00030572043998766674,qalt_pooled,exact_sharing,512,5130073,variance_estimation,73
0.012614518930959627,full_latent_coordinatewise,exact_sharing,512,5130073,variance_estimation,73
0.00030572043998766674,full_latent_pooled,exact_sharing,512,5130073,variance_estimation,73
1.344896815723263,qalt_pooled,alternating_variances,512,5130073,variance_estimation,73
0.011304066122912751,full_latent_coordinatewise,alternating_variances,512,5130073,variance_estimation,73
1.344896815723263,full_latent_pooled,alternating_variances,512,5130073,variance_estimation,73
0.0002796585370107435,qalt_pooled,exact_sharing,512,5130074,variance_estimation,74
0.005315929443124461,full_latent_coordinatewise,exact_sharing,512,5130074,variance_estimation,74
0.0002796585370107435,full_latent_pooled,exact_sharing,512,5130074,variance_estimation,74
1.3388647490077763,qalt_pooled,alternating_variances,512,5130074,variance_estimation,74
0.012022687720711132,full_latent_coordinatewise,alternating_variances,512,5130074,variance_estimation,74
1.3388647490077763,full_latent_pooled,alternating_variances,512,5130074,variance_estimation,74
4.044932424005117e-06,qalt_pooled,exact_sharing,512,5130075,variance_estimation,75
0.006337359062889161,full_latent_coordinatewise,exact_sharing,512,5130075,variance_estimation,75
4.044932424005117e-06,full_latent_pooled,exact_sharing,512,5130075,variance_estimation,75
1.3396904278226969,qalt_pooled,alternating_variances,512,5130075,variance_estimation,75
0.015366881020202712,full_latent_coordinatewise,alternating_variances,512,5130075,variance_estimation,75
1.3396904278226969,full_latent_pooled,alternating_variances,512,5130075,variance_estimation,75
0.0008469103138488351,qalt_pooled,exact_sharing,512,5130076,variance_estimation,76
0.012933224839701147,full_latent_coordinatewise,exact_sharing,512,5130076,variance_estimation,76
0.0008469103138488351,full_latent_pooled,exact_sharing,512,5130076,variance_estimation,76
1.339181681537987,qalt_pooled,alternating_variances,512,5130076,variance_estimation,76
0.015025537418688756,full_latent_coordinatewise,alternating_variances,512,5130076,variance_estimation,76
1.339181681537987,full_latent_pooled,alternating_variances,512,5130076,variance_estimation,76
7.851794787243002e-05,qalt_pooled,exact_sharing,512,5130077,variance_estimation,77
0.005735053945403667,full_latent_coordinatewise,exact_sharing,512,5130077,variance_estimation,77
7.851794787243002e-05,full_latent_pooled,exact_sharing,512,5130077,variance_estimation,77
1.3404679122581276,qalt_pooled,alternating_variances,512,5130077,variance_estimation,77
0.011050125381232312,full_latent_coordinatewise,alternating_variances,512,5130077,variance_estimation,77
1.3404679122581276,full_latent_pooled,alternating_variances,512,5130077,variance_estimation,77
8.991503855031342e-06,qalt_pooled,exact_sharing,512,5130078,variance_estimation,78
0.011025708348170158,full_latent_coordinatewise,exact_sharing,512,5130078,variance_estimation,78
8.991503855031342e-06,full_latent_pooled,exact_sharing,512,5130078,variance_estimation,78
1.3389370253794382,qalt_pooled,alternating_variances,512,5130078,variance_estimation,78
0.013093279135203518,full_latent_coordinatewise,alternating_variances,512,5130078,variance_estimation,78
1.3389370253794382,full_latent_pooled,alternating_variances,512,5130078,variance_estimation,78
1.4615247330119e-05,qalt_pooled,exact_sharing,512,5130079,variance_estimation,79
0.01725696543397371,full_latent_coordinatewise,exact_sharing,512,5130079,variance_estimation,79
1.4615247330119e-05,full_latent_pooled,exact_sharing,512,5130079,variance_estimation,79
1.3388653001268644,qalt_pooled,alternating_variances,512,5130079,variance_estimation,79
0.008955569406937059,full_latent_coordinatewise,alternating_variances,512,5130079,variance_estimation,79
1.3388653001268644,full_latent_pooled,alternating_variances,512,5130079,variance_estimation,79
3.6755806878746404e-05,qalt_pooled,exact_sharing,512,5130080,variance_estimation,80
0.011559406266927454,full_latent_coordinatewise,exact_sharing,512,5130080,variance_estimation,80
3.6755806878746404e-05,full_latent_pooled,exact_sharing,512,5130080,variance_estimation,80
1.3390950370927508,qalt_pooled,alternating_variances,512,5130080,variance_estimation,80
0.007327523706348938,full_latent_coordinatewise,alternating_variances,512,5130080,variance_estimation,80
1.3390950370927508,full_latent_pooled,alternating_variances,512,5130080,variance_estimation,80
0.0007149117032372448,qalt_pooled,exact_sharing,512,5130081,variance_estimation,81
0.006514148325808948,full_latent_coordinatewise,exact_sharing,512,5130081,variance_estimation,81
0.0007149117032372448,full_latent_pooled,exact_sharing,512,5130081,variance_estimation,81
1.3398729737263635,qalt_pooled,alternating_variances,512,5130081,variance_estimation,81
0.006908963581745458,full_latent_coordinatewise,alternating_variances,512,5130081,variance_estimation,81
1.3398729737263635,full_latent_pooled,alternating_variances,512,5130081,variance_estimation,81
0.000406679985247696,qalt_pooled,exact_sharing,512,5130082,variance_estimation,82
0.011008990501530067,full_latent_coordinatewise,exact_sharing,512,5130082,variance_estimation,82
0.000406679985247696,full_latent_pooled,exact_sharing,512,5130082,variance_estimation,82
1.3397511477091948,qalt_pooled,alternating_variances,512,5130082,variance_estimation,82
0.016931800685537367,full_latent_coordinatewise,alternating_variances,512,5130082,variance_estimation,82
1.3397511477091948,full_latent_pooled,alternating_variances,512,5130082,variance_estimation,82
5.842318540987251e-07,qalt_pooled,exact_sharing,512,5130083,variance_estimation,83
0.009177568391577637,full_latent_coordinatewise,exact_sharing,512,5130083,variance_estimation,83
5.842318540987251e-07,full_latent_pooled,exact_sharing,512,5130083,variance_estimation,83
1.3400339371513725,qalt_pooled,alternating_variances,512,5130083,variance_estimation,83
0.008014240212535564,full_latent_coordinatewise,alternating_variances,512,5130083,variance_estimation,83
1.3400339371513725,full_latent_pooled,alternating_variances,512,5130083,variance_estimation,83
7.043367753935444e-05,qalt_pooled,exact_sharing,512,5130084,variance_estimation,84
0.015562750791812387,full_latent_coordinatewise,exact_sharing,512,5130084,variance_estimation,84
7.043367753935444e-05,full_latent_pooled,exact_sharing,512,5130084,variance_estimation,84
1.338930982990926,qalt_pooled,alternating_variances,512,5130084,variance_estimation,84
0.006295600453137629,full_latent_coordinatewise,alternating_variances,512,5130084,variance_estimation,84
1.338930982990926,full_latent_pooled,alternating_variances,512,5130084,variance_estimation,84
0.0009119638229961244,qalt_pooled,exact_sharing,512,5130085,variance_estimation,85
0.01454150022783893,full_latent_coordinatewise,exact_sharing,512,5130085,variance_estimation,85
0.0009119638229961244,full_latent_pooled,exact_sharing,512,5130085,variance_estimation,85
1.3389112669194017,qalt_pooled,alternating_variances,512,5130085,variance_estimation,85
0.0140594325289502,full_latent_coordinatewise,alternating_variances,512,5130085,variance_estimation,85
1.3389112669194017,full_latent_pooled,alternating_variances,512,5130085,variance_estimation,85
0.00027737249072915665,qalt_pooled,exact_sharing,512,5130086,variance_estimation,86
0.009034974464730382,full_latent_coordinatewise,exact_sharing,512,5130086,variance_estimation,86
0.00027737249072915665,full_latent_pooled,exact_sharing,512,5130086,variance_estimation,86
1.3390271368932152,qalt_pooled,alternating_variances,512,5130086,variance_estimation,86
0.009631053104442618,full_latent_coordinatewise,alternating_variances,512,5130086,variance_estimation,86
1.3390271368932152,full_latent_pooled,alternating_variances,512,5130086,variance_estimation,86
0.0001001339125179905,qalt_pooled,exact_sharing,512,5130087,variance_estimation,87
0.007045867082807917,full_latent_coordinatewise,exact_sharing,512,5130087,variance_estimation,87
0.0001001339125179905,full_latent_pooled,exact_sharing,512,5130087,variance_estimation,87
1.3399916267289729,qalt_pooled,alternating_variances,512,5130087,variance_estimation,87
0.009692566069955043,full_latent_coordinatewise,alternating_variances,512,5130087,variance_estimation,87
1.3399916267289729,full_latent_pooled,alternating_variances,512,5130087,variance_estimation,87
0.000418552941409904,qalt_pooled,exact_sharing,512,5130088,variance_estimation,88
0.008018315679845327,full_latent_coordinatewise,exact_sharing,512,5130088,variance_estimation,88
0.000418552941409904,full_latent_pooled,exact_sharing,512,5130088,variance_estimation,88
1.3411594444785513,qalt_pooled,alternating_variances,512,5130088,variance_estimation,88
0.014597711696908867,full_latent_coordinatewise,alternating_variances,512,5130088,variance_estimation,88
1.3411594444785513,full_latent_pooled,alternating_variances,512,5130088,variance_estimation,88
0.0002235349671623789,qalt_pooled,exact_sharing,512,5130089,variance_estimation,89
0.006589600481878897,full_latent_coordinatewise,exact_sharing,512,5130089,variance_estimation,89
0.0002235349671623789,full_latent_pooled,exact_sharing,512,5130089,variance_estimation,89
1.3417221016890204,qalt_pooled,alternating_variances,512,5130089,variance_estimation,89
0.008887912837644368,full_latent_coordinatewise,alternating_variances,512,5130089,variance_estimation,89
1.3417221016890204,full_latent_pooled,alternating_variances,512,5130089,variance_estimation,89
0.00048131401563558315,qalt_pooled,exact_sharing,512,5130090,variance_estimation,90
0.018093069090159595,full_latent_coordinatewise,exact_sharing,512,5130090,variance_estimation,90
0.00048131401563558315,full_latent_pooled,exact_sharing,512,5130090,variance_estimation,90
1.3416641358094745,qalt_pooled,alternating_variances,512,5130090,variance_estimation,90
0.02324716051100979,full_latent_coordinatewise,alternating_variances,512,5130090,variance_estimation,90
1.3416641358094745,full_latent_pooled,alternating_variances,512,5130090,variance_estimation,90
0.0002439919988365992,qalt_pooled,exact_sharing,512,5130091,variance_estimation,91
0.0076489229242007965,full_latent_coordinatewise,exact_sharing,512,5130091,variance_estimation,91
0.0002439919988365992,full_latent_pooled,exact_sharing,512,5130091,variance_estimation,91
1.3397155436985884,qalt_pooled,alternating_variances,512,5130091,variance_estimation,91
0.010301289221334857,full_latent_coordinatewise,alternating_variances,512,5130091,variance_estimation,91
1.3397155436985884,full_latent_pooled,alternating_variances,512,5130091,variance_estimation,91
0.003627560855248707,qalt_pooled,exact_sharing,512,5130092,variance_estimation,92
0.01105504578424385,full_latent_coordinatewise,exact_sharing,512,5130092,variance_estimation,92
0.003627560855248707,full_latent_pooled,exact_sharing,512,5130092,variance_estimation,92
1.339096100679186,qalt_pooled,alternating_variances,512,5130092,variance_estimation,92
0.00848956788301552,full_latent_coordinatewise,alternating_variances,512,5130092,variance_estimation,92
1.339096100679186,full_latent_pooled,alternating_variances,512,5130092,variance_estimation,92
0.001089358926957204,qalt_pooled,exact_sharing,512,5130093,variance_estimation,93
0.0155533884924599,full_latent_coordinatewise,exact_sharing,512,5130093,variance_estimation,93
0.001089358926957204,full_latent_pooled,exact_sharing,512,5130093,variance_estimation,93
1.3417921970050564,qalt_pooled,alternating_variances,512,5130093,variance_estimation,93
0.010288029472812082,full_latent_coordinatewise,alternating_variances,512,5130093,variance_estimation,93
1.3417921970050564,full_latent_pooled,alternating_variances,512,5130093,variance_estimation,93
0.0019342205664819381,qalt_pooled,exact_sharing,512,5130094,variance_estimation,94
0.014114629995703116,full_latent_coordinatewise,exact_sharing,512,5130094,variance_estimation,94
0.0019342205664819381,full_latent_pooled,exact_sharing,512,5130094,variance_estimation,94
1.338898205616002,qalt_pooled,alternating_variances,512,5130094,variance_estimation,94
0.0036864514482752193,full_latent_coordinatewise,alternating_variances,512,5130094,variance_estimation,94
1.338898205616002,full_latent_pooled,alternating_variances,512,5130094,variance_estimation,94
0.0017298480608319289,qalt_pooled,exact_sharing,512,5130095,variance_estimation,95
0.011113964787289916,full_latent_coordinatewise,exact_sharing,512,5130095,variance_estimation,95
0.0017298480608319289,full_latent_pooled,exact_sharing,512,5130095,variance_estimation,95
1.3392643932054438,qalt_pooled,alternating_variances,512,5130095,variance_estimation,95
0.01542476149530409,full_latent_coordinatewise,alternating_variances,512,5130095,variance_estimation,95
1.3392643932054438,full_latent_pooled,alternating_variances,512,5130095,variance_estimation,95
0.001991834164878546,qalt_pooled,exact_sharing,512,5130096,variance_estimation,96
0.010252707240397035,full_latent_coordinatewise,exact_sharing,512,5130096,variance_estimation,96
0.001991834164878546,full_latent_pooled,exact_sharing,512,5130096,variance_estimation,96
1.3402916264087537,qalt_pooled,alternating_variances,512,5130096,variance_estimation,96
0.012342045482035078,full_latent_coordinatewise,alternating_variances,512,5130096,variance_estimation,96
1.3402916264087537,full_latent_pooled,alternating_variances,512,5130096,variance_estimation,96
0.0028802941755165165,qalt_pooled,exact_sharing,512,5130097,variance_estimation,97
0.011767422865733318,full_latent_coordinatewise,exact_sharing,512,5130097,variance_estimation,97
0.0028802941755165165,full_latent_pooled,exact_sharing,512,5130097,variance_estimation,97
1.3404850256076133,qalt_pooled,alternating_variances,512,5130097,variance_estimation,97
0.010206309170265347,full_latent_coordinatewise,alternating_variances,512,5130097,variance_estimation,97
1.3404850256076133,full_latent_pooled,alternating_variances,512,5130097,variance_estimation,97
0.00019764461305472186,qalt_pooled,exact_sharing,512,5130098,variance_estimation,98
0.014802969413376046,full_latent_coordinatewise,exact_sharing,512,5130098,variance_estimation,98
0.00019764461305472186,full_latent_pooled,exact_sharing,512,5130098,variance_estimation,98
1.3412749767368148,qalt_pooled,alternating_variances,512,5130098,variance_estimation,98
0.011813532860057499,full_latent_coordinatewise,alternating_variances,512,5130098,variance_estimation,98
1.3412749767368148,full_latent_pooled,alternating_variances,512,5130098,variance_estimation,98
0.0012885487200177473,qalt_pooled,exact_sharing,512,5130099,variance_estimation,99
0.0054135583446007175,full_latent_coordinatewise,exact_sharing,512,5130099,variance_estimation,99
0.0012885487200177473,full_latent_pooled,exact_sharing,512,5130099,variance_estimation,99
1.3396351528937087,qalt_pooled,alternating_variances,512,5130099,variance_estimation,99
0.004850687072268902,full_latent_coordinatewise,alternating_variances,512,5130099,variance_estimation,99
1.3396351528937087,full_latent_pooled,alternating_variances,512,5130099,variance_estimation,99
6.45530719016827e-05,qalt_pooled,exact_sharing,512,5130100,variance_estimation,100
0.015798803764300116,full_latent_coordinatewise,exact_sharing,512,5130100,variance_estimation,100
6.45530719016827e-05,full_latent_pooled,exact_sharing,512,5130100,variance_estimation,100
1.3429411180040578,qalt_pooled,alternating_variances,512,5130100,variance_estimation,100
0.015164151161166498,full_latent_coordinatewise,alternating_variances,512,5130100,variance_estimation,100
1.3429411180040578,full_latent_pooled,alternating_variances,512,5130100,variance_estimation,100
0.00013600282591451178,qalt_pooled,exact_sharing,512,5130101,variance_estimation,101
0.010011011106044533,full_latent_coordinatewise,exact_sharing,512,5130101,variance_estimation,101
0.00013600282591451178,full_latent_pooled,exact_sharing,512,5130101,variance_estimation,101
1.3395995006276595,qalt_pooled,alternating_variances,512,5130101,variance_estimation,101
0.008713031875482405,full_latent_coordinatewise,alternating_variances,512,5130101,variance_estimation,101
1.3395995006276595,full_latent_pooled,alternating_variances,512,5130101,variance_estimation,101
0.00040511479235522466,qalt_pooled,exact_sharing,512,5130102,variance_estimation,102
0.007185348776531977,full_latent_coordinatewise,exact_sharing,512,5130102,variance_estimation,102
0.00040511479235522466,full_latent_pooled,exact_sharing,512,5130102,variance_estimation,102
1.339712474067365,qalt_pooled,alternating_variances,512,5130102,variance_estimation,102
0.009242343024161145,full_latent_coordinatewise,alternating_variances,512,5130102,variance_estimation,102
1.339712474067365,full_latent_pooled,alternating_variances,512,5130102,variance_estimation,102
0.0012934891338036714,qalt_pooled,exact_sharing,512,5130103,variance_estimation,103
0.010433064065273206,full_latent_coordinatewise,exact_sharing,512,5130103,variance_estimation,103
0.0012934891338036714,full_latent_pooled,exact_sharing,512,5130103,variance_estimation,103
1.3388738845525632,qalt_pooled,alternating_variances,512,5130103,variance_estimation,103
0.014650733285472145,full_latent_coordinatewise,alternating_variances,512,5130103,variance_estimation,103
1.3388738845525632,full_latent_pooled,alternating_variances,512,5130103,variance_estimation,103
6.661141834908655e-06,qalt_pooled,exact_sharing,512,5130104,variance_estimation,104
0.008719441586512954,full_latent_coordinatewise,exact_sharing,512,5130104,variance_estimation,104
6.661141834908655e-06,full_latent_pooled,exact_sharing,512,5130104,variance_estimation,104
1.340757840630581,qalt_pooled,alternating_variances,512,5130104,variance_estimation,104
0.008360747279447665,full_latent_coordinatewise,alternating_variances,512,5130104,variance_estimation,104
1.340757840630581,full_latent_pooled,alternating_variances,512,5130104,variance_estimation,104
0.0011080140216333523,qalt_pooled,exact_sharing,512,5130105,variance_estimation,105
0.01396994035878368,full_latent_coordinatewise,exact_sharing,512,5130105,variance_estimation,105
0.0011080140216333523,full_latent_pooled,exact_sharing,512,5130105,variance_estimation,105
1.3391920240689403,qalt_pooled,alternating_variances,512,5130105,variance_estimation,105
0.01059254354394413,full_latent_coordinatewise,alternating_variances,512,5130105,variance_estimation,105
1.3391920240689403,full_latent_pooled,alternating_variances,512,5130105,variance_estimation,105
0.0027261602133602097,qalt_pooled,exact_sharing,512,5130106,variance_estimation,106
0.011409315964672432,full_latent_coordinatewise,exact_sharing,512,5130106,variance_estimation,106
0.0027261602133602097,full_latent_pooled,exact_sharing,512,5130106,variance_estimation,106
1.33933860501698,qalt_pooled,alternating_variances,512,5130106,variance_estimation,106
0.014671562109914785,full_latent_coordinatewise,alternating_variances,512,5130106,variance_estimation,106
1.33933860501698,full_latent_pooled,alternating_variances,512,5130106,variance_estimation,106
0.00047990490368134825,qalt_pooled,exact_sharing,512,5130107,variance_estimation,107
0.007609692698715978,full_latent_coordinatewise,exact_sharing,512,5130107,variance_estimation,107
0.00047990490368134825,full_latent_pooled,exact_sharing,512,5130107,variance_estimation,107
1.3390914222040744,qalt_pooled,alternating_variances,512,5130107,variance_estimation,107
0.009103618807999465,full_latent_coordinatewise,alternating_variances,512,5130107,variance_estimation,107
1.3390914222040744,full_latent_pooled,alternating_variances,512,5130107,variance_estimation,107
3.936312486639733e-05,qalt_pooled,exact_sharing,512,5130108,variance_estimation,108
0.005613298149269567,full_latent_coordinatewise,exact_sharing,512,5130108,variance_estimation,108
3.936312486639733e-05,full_latent_pooled,exact_sharing,512,5130108,variance_estimation,108
1.340119489271641,qalt_pooled,alternating_variances,512,5130108,variance_estimation,108
0.023270175499163576,full_latent_coordinatewise,alternating_variances,512,5130108,variance_estimation,108
1.340119489271641,full_latent_pooled,alternating_variances,512,5130108,variance_estimation,108
0.00013423311005012796,qalt_pooled,exact_sharing,512,5130109,variance_estimation,109
0.015617053068041148,full_latent_coordinatewise,exact_sharing,512,5130109,variance_estimation,109
0.00013423311005012796,full_latent_pooled,exact_sharing,512,5130109,variance_estimation,109
1.339021462921942,qalt_pooled,alternating_variances,512,5130109,variance_estimation,109
0.008541488333629083,full_latent_coordinatewise,alternating_variances,512,5130109,variance_estimation,109
1.339021462921942,full_latent_pooled,alternating_variances,512,5130109,variance_estimation,109
0.0017217287664248113,qalt_pooled,exact_sharing,512,5130110,variance_estimation,110
0.013540614827944601,full_latent_coordinatewise,exact_sharing,512,5130110,variance_estimation,110
0.0017217287664248113,full_latent_pooled,exact_sharing,512,5130110,variance_estimation,110
1.3398817168362458,qalt_pooled,alternating_variances,512,5130110,variance_estimation,110
0.013260603862237737,full_latent_coordinatewise,alternating_variances,512,5130110,variance_estimation,110
1.3398817168362458,full_latent_pooled,alternating_variances,512,5130110,variance_estimation,110
0.0004033503655311091,qalt_pooled,exact_sharing,512,5130111,variance_estimation,111
0.014539465468264581,full_latent_coordinatewise,exact_sharing,512,5130111,variance_estimation,111
0.0004033503655311091,full_latent_pooled,exact_sharing,512,5130111,variance_estimation,111
1.3400610268438748,qalt_pooled,alternating_variances,512,5130111,variance_estimation,111
0.007993656527347737,full_latent_coordinatewise,alternating_variances,512,5130111,variance_estimation,111
1.3400610268438748,full_latent_pooled,alternating_variances,512,5130111,variance_estimation,111
0.0005356530622933758,qalt_pooled,exact_sharing,512,5130112,variance_estimation,112
0.01313737789827564,full_latent_coordinatewise,exact_sharing,512,5130112,variance_estimation,112
0.0005356530622933758,full_latent_pooled,exact_sharing,512,5130112,variance_estimation,112
1.3417719183341152,qalt_pooled,alternating_variances,512,5130112,variance_estimation,112
0.014282366281520091,full_latent_coordinatewise,alternating_variances,512,5130112,variance_estimation,112
1.3417719183341152,full_latent_pooled,alternating_variances,512,5130112,variance_estimation,112
0.001557478244025877,qalt_pooled,exact_sharing,512,5130113,variance_estimation,113
0.010826046739624012,full_latent_coordinatewise,exact_sharing,512,5130113,variance_estimation,113
0.001557478244025877,full_latent_pooled,exact_sharing,512,5130113,variance_estimation,113
1.3432445081333042,qalt_pooled,alternating_variances,512,5130113,variance_estimation,113
0.01383909117481348,full_latent_coordinatewise,alternating_variances,512,5130113,variance_estimation,113
1.3432445081333042,full_latent_pooled,alternating_variances,512,5130113,variance_estimation,113
0.0008293599582288591,qalt_pooled,exact_sharing,512,5130114,variance_estimation,114
0.009111404738441096,full_latent_coordinatewise,exact_sharing,512,5130114,variance_estimation,114
0.0008293599582288591,full_latent_pooled,exact_sharing,512,5130114,variance_estimation,114
1.342023893251664,qalt_pooled,alternating_variances,512,5130114,variance_estimation,114
0.014493155370708798,full_latent_coordinatewise,alternating_variances,512,5130114,variance_estimation,114
1.342023893251664,full_latent_pooled,alternating_variances,512,5130114,variance_estimation,114
0.00019948595888066162,qalt_pooled,exact_sharing,512,5130115,variance_estimation,115
0.007034597455982423,full_latent_coordinatewise,exact_sharing,512,5130115,variance_estimation,115
0.00019948595888066162,full_latent_pooled,exact_sharing,512,5130115,variance_estimation,115
1.3397676284033417,qalt_pooled,alternating_variances,512,5130115,variance_estimation,115
0.007386978469948903,full_latent_coordinatewise,alternating_variances,512,5130115,variance_estimation,115
1.3397676284033417,full_latent_pooled,alternating_variances,512,5130115,variance_estimation,115
0.0018685207542372337,qalt_pooled,exact_sharing,512,5130116,variance_estimation,116
0.011844806957495947,full_latent_coordinatewise,exact_sharing,512,5130116,variance_estimation,116
0.0018685207542372337,full_latent_pooled,exact_sharing,512,5130116,variance_estimation,116
1.3397914402860298,qalt_pooled,alternating_variances,512,5130116,variance_estimation,116
0.011747526421888886,full_latent_coordinatewise,alternating_variances,512,5130116,variance_estimation,116
1.3397914402860298,full_latent_pooled,alternating_variances,512,5130116,variance_estimation,116
0.0008092601000415089,qalt_pooled,exact_sharing,512,5130117,variance_estimation,117
0.00919947914746705,full_latent_coordinatewise,exact_sharing,512,5130117,variance_estimation,117
0.0008092601000415089,full_latent_pooled,exact_sharing,512,5130117,variance_estimation,117
1.3407496420084435,qalt_pooled,alternating_variances,512,5130117,variance_estimation,117
0.004457308010418866,full_latent_coordinatewise,alternating_variances,512,5130117,variance_estimation,117
1.3407496420084435,full_latent_pooled,alternating_variances,512,5130117,variance_estimation,117
0.002252386468766354,qalt_pooled,exact_sharing,512,5130118,variance_estimation,118
0.015363519743463594,full_latent_coordinatewise,exact_sharing,512,5130118,variance_estimation,118
0.002252386468766354,full_latent_pooled,exact_sharing,512,5130118,variance_estimation,118
1.3389150233751903,qalt_pooled,alternating_variances,512,5130118,variance_estimation,118
0.010282587001031518,full_latent_coordinatewise,alternating_variances,512,5130118,variance_estimation,118
1.3389150233751903,full_latent_pooled,alternating_variances,512,5130118,variance_estimation,118
0.00015698048585324233,qalt_pooled,exact_sharing,512,5130119,variance_estimation,119
0.012972848716172589,full_latent_coordinatewise,exact_sharing,512,5130119,variance_estimation,119
0.00015698048585324233,full_latent_pooled,exact_sharing,512,5130119,variance_estimation,119
1.3424828785887928,qalt_pooled,alternating_variances,512,5130119,variance_estimation,119
0.018037887829349022,full_latent_coordinatewise,alternating_variances,512,5130119,variance_estimation,119
1.3424828785887928,full_latent_pooled,alternating_variances,512,5130119,variance_estimation,119
7.755909676535923e-05,qalt_pooled,exact_sharing,512,5130120,variance_estimation,120
0.007531218384809551,full_latent_coordinatewise,exact_sharing,512,5130120,variance_estimation,120
7.755909676535923e-05,full_latent_pooled,exact_sharing,512,5130120,variance_estimation,120
1.3391379069353886,qalt_pooled,alternating_variances,512,5130120,variance_estimation,120
0.01946539498179833,full_latent_coordinatewise,alternating_variances,512,5130120,variance_estimation,120
1.3391379069353886,full_latent_pooled,alternating_variances,512,5130120,variance_estimation,120
2.1387239072511235e-05,qalt_pooled,exact_sharing,512,5130121,variance_estimation,121
0.007174401829524411,full_latent_coordinatewise,exact_sharing,512,5130121,variance_estimation,121
2.1387239072511235e-05,full_latent_pooled,exact_sharing,512,5130121,variance_estimation,121
1.3445380348497769,qalt_pooled,alternating_variances,512,5130121,variance_estimation,121
0.011596299612025294,full_latent_coordinatewise,alternating_variances,512,5130121,variance_estimation,121
1.3445380348497769,full_latent_pooled,alternating_variances,512,5130121,variance_estimation,121
0.00010965083616060883,qalt_pooled,exact_sharing,512,5130122,variance_estimation,122
0.011941665088303143,full_latent_coordinatewise,exact_sharing,512,5130122,variance_estimation,122
0.00010965083616060883,full_latent_pooled,exact_sharing,512,5130122,variance_estimation,122
1.3487172933434954,qalt_pooled,alternating_variances,512,5130122,variance_estimation,122
0.019141476467570875,full_latent_coordinatewise,alternating_variances,512,5130122,variance_estimation,122
1.3487172933434954,full_latent_pooled,alternating_variances,512,5130122,variance_estimation,122
0.0017757753385738984,qalt_pooled,exact_sharing,512,5130123,variance_estimation,123
0.012727249338187556,full_latent_coordinatewise,exact_sharing,512,5130123,variance_estimation,123
0.0017757753385738984,full_latent_pooled,exact_sharing,512,5130123,variance_estimation,123
1.339639793241716,qalt_pooled,alternating_variances,512,5130123,variance_estimation,123
0.0077691140400641704,full_latent_coordinatewise,alternating_variances,512,5130123,variance_estimation,123
1.339639793241716,full_latent_pooled,alternating_variances,512,5130123,variance_estimation,123
0.0007535824631157428,qalt_pooled,exact_sharing,512,5130124,variance_estimation,124
0.006282347430619018,full_latent_coordinatewise,exact_sharing,512,5130124,variance_estimation,124
0.0007535824631157428,full_latent_pooled,exact_sharing,512,5130124,variance_estimation,124
1.3389763943423942,qalt_pooled,alternating_variances,512,5130124,variance_estimation,124
0.008211606324835544,full_latent_coordinatewise,alternating_variances,512,5130124,variance_estimation,124
1.3389763943423942,full_latent_pooled,alternating_variances,512,5130124,variance_estimation,124
1.9359478535627833e-07,qalt_pooled,exact_sharing,512,5130125,variance_estimation,125
0.007433417375634256,full_latent_coordinatewise,exact_sharing,512,5130125,variance_estimation,125
1.9359478535627833e-07,full_latent_pooled,exact_sharing,512,5130125,variance_estimation,125
1.341881850995407,qalt_pooled,alternating_variances,512,5130125,variance_estimation,125
0.012240955061432284,full_latent_coordinatewise,alternating_variances,512,5130125,variance_estimation,125
1.341881850995407,full_latent_pooled,alternating_variances,512,5130125,variance_estimation,125
0.0006496162396606824,qalt_pooled,exact_sharing,512,5130126,variance_estimation,126
0.00887337481615598,full_latent_coordinatewise,exact_sharing,512,5130126,variance_estimation,126
0.0006496162396606824,full_latent_pooled,exact_sharing,512,5130126,variance_estimation,126
1.3388650986730277,qalt_pooled,alternating_variances,512,5130126,variance_estimation,126
0.007174944959154263,full_latent_coordinatewise,alternating_variances,512,5130126,variance_estimation,126
1.3388650986730277,full_latent_pooled,alternating_variances,512,5130126,variance_estimation,126
0.00038620923650515074,qalt_pooled,exact_sharing,512,5130127,variance_estimation,127
0.005492051920315133,full_latent_coordinatewise,exact_sharing,512,5130127,variance_estimation,127
0.00038620923650515074,full_latent_pooled,exact_sharing,512,5130127,variance_estimation,127
1.3391402671932848,qalt_pooled,alternating_variances,512,5130127,variance_estimation,127
0.019416740070560254,full_latent_coordinatewise,alternating_variances,512,5130127,variance_estimation,127
1.3391402671932848,full_latent_pooled,alternating_variances,512,5130127,variance_estimation,127
0.004254546866705802,qalt_pooled,exact_sharing,512,5130128,variance_estimation,128
0.014223718410686667,full_latent_coordinatewise,exact_sharing,512,5130128,variance_estimation,128
0.004254546866705802,full_latent_pooled,exact_sharing,512,5130128,variance_estimation,128
1.3388833501252493,qalt_pooled,alternating_variances,512,5130128,variance_estimation,128
0.007480733310290951,full_latent_coordinatewise,alternating_variances,512,5130128,variance_estimation,128
1.3388833501252493,full_latent_pooled,alternating_variances,512,5130128,variance_estimation,128
8.30853051511345e-06,qalt_pooled,exact_sharing,512,5130129,variance_estimation,129
0.0040934183692373305,full_latent_coordinatewise,exact_sharing,512,5130129,variance_estimation,129
8.30853051511345e-06,full_latent_pooled,exact_sharing,512,5130129,variance_estimation,129
1.3392946443712053,qalt_pooled,alternating_variances,512,5130129,variance_estimation,129
0.006912015437468978,full_latent_coordinatewise,alternating_variances,512,5130129,variance_estimation,129
1.3392946443712053,full_latent_pooled,alternating_variances,512,5130129,variance_estimation,129
0.00013635300277236619,qalt_pooled,exact_sharing,512,5130130,variance_estimation,130
0.027827928037173322,full_latent_coordinatewise,exact_sharing,512,5130130,variance_estimation,130
0.00013635300277236619,full_latent_pooled,exact_sharing,512,5130130,variance_estimation,130
1.3390062531019524,qalt_pooled,alternating_variances,512,5130130,variance_estimation,130
0.009847836954680313,full_latent_coordinatewise,alternating_variances,512,5130130,variance_estimation,130
1.3390062531019524,full_latent_pooled,alternating_variances,512,5130130,variance_estimation,130
3.336209583032403e-05,qalt_pooled,exact_sharing,512,5130131,variance_estimation,131
0.006083277510679212,full_latent_coordinatewise,exact_sharing,512,5130131,variance_estimation,131
3.336209583032403e-05,full_latent_pooled,exact_sharing,512,5130131,variance_estimation,131
1.338870865717789,qalt_pooled,alternating_variances,512,5130131,variance_estimation,131
0.009416448869627284,full_latent_coordinatewise,alternating_variances,512,5130131,variance_estimation,131
1.338870865717789,full_latent_pooled,alternating_variances,512,5130131,variance_estimation,131
0.0001709657886630432,qalt_pooled,exact_sharing,512,5130132,variance_estimation,132
0.009888741799584343,full_latent_coordinatewise,exact_sharing,512,5130132,variance_estimation,132
0.0001709657886630432,full_latent_pooled,exact_sharing,512,5130132,variance_estimation,132
1.3390623577933456,qalt_pooled,alternating_variances,512,5130132,variance_estimation,132
0.01290103865207528,full_latent_coordinatewise,alternating_variances,512,5130132,variance_estimation,132
1.3390623577933456,full_latent_pooled,alternating_variances,512,5130132,variance_estimation,132
2.284596049843563e-05,qalt_pooled,exact_sharing,512,5130133,variance_estimation,133
0.007222608936278377,full_latent_coordinatewise,exact_sharing,512,5130133,variance_estimation,133
2.284596049843563e-05,full_latent_pooled,exact_sharing,512,5130133,variance_estimation,133
1.3388968235924643,qalt_pooled,alternating_variances,512,5130133,variance_estimation,133
0.010009440264045329,full_latent_coordinatewise,alternating_variances,512,5130133,variance_estimation,133
1.3388968235924643,full_latent_pooled,alternating_variances,512,5130133,variance_estimation,133
0.0002311038658397227,qalt_pooled,exact_sharing,512,5130134,variance_estimation,134
0.018057556340203056,full_latent_coordinatewise,exact_sharing,512,5130134,variance_estimation,134
0.0002311038658397227,full_latent_pooled,exact_sharing,512,5130134,variance_estimation,134
1.3455944666950448,qalt_pooled,alternating_variances,512,5130134,variance_estimation,134
0.0119367018755124,full_latent_coordinatewise,alternating_variances,512,5130134,variance_estimation,134
1.3455944666950448,full_latent_pooled,alternating_variances,512,5130134,variance_estimation,134
0.00010212634149107426,qalt_pooled,exact_sharing,512,5130135,variance_estimation,135
0.009373453050546144,full_latent_coordinatewise,exact_sharing,512,5130135,variance_estimation,135
0.00010212634149107426,full_latent_pooled,exact_sharing,512,5130135,variance_estimation,135
1.3389135215868102,qalt_pooled,alternating_variances,512,5130135,variance_estimation,135
0.00786692514728998,full_latent_coordinatewise,alternating_variances,512,5130135,variance_estimation,135
1.3389135215868102,full_latent_pooled,alternating_variances,512,5130135,variance_estimation,135
0.00011978968860579427,qalt_pooled,exact_sharing,512,5130136,variance_estimation,136
0.007903107091170643,full_latent_coordinatewise,exact_sharing,512,5130136,variance_estimation,136
0.00011978968860579427,full_latent_pooled,exact_sharing,512,5130136,variance_estimation,136
1.3408378337825704,qalt_pooled,alternating_variances,512,5130136,variance_estimation,136
0.014202402435200132,full_latent_coordinatewise,alternating_variances,512,5130136,variance_estimation,136
1.3408378337825704,full_latent_pooled,alternating_variances,512,5130136,variance_estimation,136
0.002051239654817842,qalt_pooled,exact_sharing,512,5130137,variance_estimation,137
0.015522901330080371,full_latent_coordinatewise,exact_sharing,512,5130137,variance_estimation,137
0.002051239654817842,full_latent_pooled,exact_sharing,512,5130137,variance_estimation,137
1.3429937448190092,qalt_pooled,alternating_variances,512,5130137,variance_estimation,137
0.015449841873653888,full_latent_coordinatewise,alternating_variances,512,5130137,variance_estimation,137
1.3429937448190092,full_latent_pooled,alternating_variances,512,5130137,variance_estimation,137
3.2093964804804156e-05,qalt_pooled,exact_sharing,512,5130138,variance_estimation,138
0.014446571698357624,full_latent_coordinatewise,exact_sharing,512,5130138,variance_estimation,138
3.2093964804804156e-05,full_latent_pooled,exact_sharing,512,5130138,variance_estimation,138
1.3407520210300972,qalt_pooled,alternating_variances,512,5130138,variance_estimation,138
0.01106835335161693,full_latent_coordinatewise,alternating_variances,512,5130138,variance_estimation,138
1.3407520210300972,full_latent_pooled,alternating_variances,512,5130138,variance_estimation,138
8.603624983807324e-05,qalt_pooled,exact_sharing,512,5130139,variance_estimation,139
0.02394138856276516,full_latent_coordinatewise,exact_sharing,512,5130139,variance_estimation,139
8.603624983807324e-05,full_latent_pooled,exact_sharing,512,5130139,variance_estimation,139
1.3402094017604043,qalt_pooled,alternating_variances,512,5130139,variance_estimation,139
0.007572597355027763,full_latent_coordinatewise,alternating_variances,512,5130139,variance_estimation,139
1.3402094017604043,full_latent_pooled,alternating_variances,512,5130139,variance_estimation,139
0.0006331496749601741,qalt_pooled,exact_sharing,512,5130140,variance_estimation,140
0.008588124751485253,full_latent_coordinatewise,exact_sharing,512,5130140,variance_estimation,140
0.0006331496749601741,full_latent_pooled,exact_sharing,512,5130140,variance_estimation,140
1.339132593128411,qalt_pooled,alternating_variances,512,5130140,variance_estimation,140
0.017206567171948538,full_latent_coordinatewise,alternating_variances,512,5130140,variance_estimation,140
1.339132593128411,full_latent_pooled,alternating_variances,512,5130140,variance_estimation,140
0.0027465551310411687,qalt_pooled,exact_sharing,512,5130141,variance_estimation,141
0.009056732097117182,full_latent_coordinatewise,exact_sharing,512,5130141,variance_estimation,141
0.0027465551310411687,full_latent_pooled,exact_sharing,512,5130141,variance_estimation,141
1.3390029486699482,qalt_pooled,alternating_variances,512,5130141,variance_estimation,141
0.003878760518698135,full_latent_coordinatewise,alternating_variances,512,5130141,variance_estimation,141
1.3390029486699482,full_latent_pooled,alternating_variances,512,5130141,variance_estimation,141
0.001979665717659715,qalt_pooled,exact_sharing,512,5130142,variance_estimation,142
0.025243386855602627,full_latent_coordinatewise,exact_sharing,512,5130142,variance_estimation,142
0.001979665717659715,full_latent_pooled,exact_sharing,512,5130142,variance_estimation,142
1.3406271977110618,qalt_pooled,alternating_variances,512,5130142,variance_estimation,142
0.00826705606633003,full_latent_coordinatewise,alternating_variances,512,5130142,variance_estimation,142
1.3406271977110618,full_latent_pooled,alternating_variances,512,5130142,variance_estimation,142
0.000487875431669834,qalt_pooled,exact_sharing,512,5130143,variance_estimation,143
0.010196436534149053,full_latent_coordinatewise,exact_sharing,512,5130143,variance_estimation,143
0.000487875431669834,full_latent_pooled,exact_sharing,512,5130143,variance_estimation,143
1.3412207025825151,qalt_pooled,alternating_variances,512,5130143,variance_estimation,143
0.012268911781449069,full_latent_coordinatewise,alternating_variances,512,5130143,variance_estimation,143
1.3412207025825151,full_latent_pooled,alternating_variances,512,5130143,variance_estimation,143
3.125361950231161e-05,qalt_pooled,exact_sharing,512,5130144,variance_estimation,144
0.005151927427563858,full_latent_coordinatewise,exact_sharing,512,5130144,variance_estimation,144
3.125361950231161e-05,full_latent_pooled,exact_sharing,512,5130144,variance_estimation,144
1.3388747123385207,qalt_pooled,alternating_variances,512,5130144,variance_estimation,144
0.012753109960958135,full_latent_coordinatewise,alternating_variances,512,5130144,variance_estimation,144
1.3388747123385207,full_latent_pooled,alternating_variances,512,5130144,variance_estimation,144
0.00028047940033160135,qalt_pooled,exact_sharing,512,5130145,variance_estimation,145
0.011080126600603169,full_latent_coordinatewise,exact_sharing,512,5130145,variance_estimation,145
0.00028047940033160135,full_latent_pooled,exact_sharing,512,5130145,variance_estimation,145
1.3388634631847582,qalt_pooled,alternating_variances,512,5130145,variance_estimation,145
0.01618247659598704,full_latent_coordinatewise,alternating_variances,512,5130145,variance_estimation,145
1.3388634631847582,full_latent_pooled,alternating_variances,512,5130145,variance_estimation,145
8.227543525730213e-05,qalt_pooled,exact_sharing,512,5130146,variance_estimation,146
0.015241300362784631,full_latent_coordinatewise,exact_sharing,512,5130146,variance_estimation,146
8.227543525730213e-05,full_latent_pooled,exact_sharing,512,5130146,variance_estimation,146
1.3430318789806082,qalt_pooled,alternating_variances,512,5130146,variance_estimation,146
0.00894172455038202,full_latent_coordinatewise,alternating_variances,512,5130146,variance_estimation,146
1.3430318789806082,full_latent_pooled,alternating_variances,512,5130146,variance_estimation,146
0.0003684926370168158,qalt_pooled,exact_sharing,512,5130147,variance_estimation,147
0.01772117362537973,full_latent_coordinatewise,exact_sharing,512,5130147,variance_estimation,147
0.0003684926370168158,full_latent_pooled,exact_sharing,512,5130147,variance_estimation,147
1.3389262539535924,qalt_pooled,alternating_variances,512,5130147,variance_estimation,147
0.009918380407043577,full_latent_coordinatewise,alternating_variances,512,5130147,variance_estimation,147
1.3389262539535924,full_latent_pooled,alternating_variances,512,5130147,variance_estimation,147
4.414674128501526e-05,qalt_pooled,exact_sharing,512,5130148,variance_estimation,148
0.011092571478660664,full_latent_coordinatewise,exact_sharing,512,5130148,variance_estimation,148
4.414674128501526e-05,full_latent_pooled,exact_sharing,512,5130148,variance_estimation,148
1.3393956806604166,qalt_pooled,alternating_variances,512,5130148,variance_estimation,148
0.016614331871018156,full_latent_coordinatewise,alternating_variances,512,5130148,variance_estimation,148
1.3393956806604166,full_latent_pooled,alternating_variances,512,5130148,variance_estimation,148
0.00017101847907191776,qalt_pooled,exact_sharing,512,5130149,variance_estimation,149
0.005965806025302666,full_latent_coordinatewise,exact_sharing,512,5130149,variance_estimation,149
0.00017101847907191776,full_latent_pooled,exact_sharing,512,5130149,variance_estimation,149
1.3388933269348886,qalt_pooled,alternating_variances,512,5130149,variance_estimation,149
0.00974064090894887,full_latent_coordinatewise,alternating_variances,512,5130149,variance_estimation,149
1.3388933269348886,full_latent_pooled,alternating_variances,512,5130149,variance_estimation,149
0.0005022372725653201,qalt_pooled,exact_sharing,512,5130150,variance_estimation,150
0.01591151865035321,full_latent_coordinatewise,exact_sharing,512,5130150,variance_estimation,150
0.0005022372725653201,full_latent_pooled,exact_sharing,512,5130150,variance_estimation,150
1.340912633770611,qalt_pooled,alternating_variances,512,5130150,variance_estimation,150
0.012789733171031789,full_latent_coordinatewise,alternating_variances,512,5130150,variance_estimation,150
1.340912633770611,full_latent_pooled,alternating_variances,512,5130150,variance_estimation,150
0.0017400111734927892,qalt_pooled,exact_sharing,512,5130151,variance_estimation,151
0.011775954213149423,full_latent_coordinatewise,exact_sharing,512,5130151,variance_estimation,151
0.0017400111734927892,full_latent_pooled,exact_sharing,512,5130151,variance_estimation,151
1.3425835973417102,qalt_pooled,alternating_variances,512,5130151,variance_estimation,151
0.020379317483441746,full_latent_coordinatewise,alternating_variances,512,5130151,variance_estimation,151
1.3425835973417102,full_latent_pooled,alternating_variances,512,5130151,variance_estimation,151
0.00030223561949619185,qalt_pooled,exact_sharing,512,5130152,variance_estimation,152
0.013278570414371247,full_latent_coordinatewise,exact_sharing,512,5130152,variance_estimation,152
0.00030223561949619185,full_latent_pooled,exact_sharing,512,5130152,variance_estimation,152
1.3403790216819382,qalt_pooled,alternating_variances,512,5130152,variance_estimation,152
0.02085843136636668,full_latent_coordinatewise,alternating_variances,512,5130152,variance_estimation,152
1.3403790216819382,full_latent_pooled,alternating_variances,512,5130152,variance_estimation,152
0.0006739200916146791,qalt_pooled,exact_sharing,512,5130153,variance_estimation,153
0.009400975200660695,full_latent_coordinatewise,exact_sharing,512,5130153,variance_estimation,153
0.0006739200916146791,full_latent_pooled,exact_sharing,512,5130153,variance_estimation,153
1.3405579123015001,qalt_pooled,alternating_variances,512,5130153,variance_estimation,153
0.008368142805661418,full_latent_coordinatewise,alternating_variances,512,5130153,variance_estimation,153
1.3405579123015001,full_latent_pooled,alternating_variances,512,5130153,variance_estimation,153
0.001194513772133407,qalt_pooled,exact_sharing,512,5130154,variance_estimation,154
0.01373272629924874,full_latent_coordinatewise,exact_sharing,512,5130154,variance_estimation,154
0.001194513772133407,full_latent_pooled,exact_sharing,512,5130154,variance_estimation,154
1.340105895044899,qalt_pooled,alternating_variances,512,5130154,variance_estimation,154
0.01703916986989279,full_latent_coordinatewise,alternating_variances,512,5130154,variance_estimation,154
1.340105895044899,full_latent_pooled,alternating_variances,512,5130154,variance_estimation,154
0.0005519821377643411,qalt_pooled,exact_sharing,512,5130155,variance_estimation,155
0.01670736373560674,full_latent_coordinatewise,exact_sharing,512,5130155,variance_estimation,155
0.0005519821377643411,full_latent_pooled,exact_sharing,512,5130155,variance_estimation,155
1.3399940560452037,qalt_pooled,alternating_variances,512,5130155,variance_estimation,155
0.0037817123182796166,full_latent_coordinatewise,alternating_variances,512,5130155,variance_estimation,155
1.3399940560452037,full_latent_pooled,alternating_variances,512,5130155,variance_estimation,155
0.000508506800956942,qalt_pooled,exact_sharing,512,5130156,variance_estimation,156
0.020051559569079502,full_latent_coordinatewise,exact_sharing,512,5130156,variance_estimation,156
0.000508506800956942,full_latent_pooled,exact_sharing,512,5130156,variance_estimation,156
1.3418781957705197,qalt_pooled,alternating_variances,512,5130156,variance_estimation,156
0.008487213039805444,full_latent_coordinatewise,alternating_variances,512,5130156,variance_estimation,156
1.3418781957705197,full_latent_pooled,alternating_variances,512,5130156,variance_estimation,156
5.683170186400466e-05,qalt_pooled,exact_sharing,512,5130157,variance_estimation,157
0.008932472720850619,full_latent_coordinatewise,exact_sharing,512,5130157,variance_estimation,157
5.683170186400466e-05,full_latent_pooled,exact_sharing,512,5130157,variance_estimation,157
1.342210778150581,qalt_pooled,alternating_variances,512,5130157,variance_estimation,157
0.011606193140049658,full_latent_coordinatewise,alternating_variances,512,5130157,variance_estimation,157
1.342210778150581,full_latent_pooled,alternating_variances,512,5130157,variance_estimation,157
4.0826474401230856e-05,qalt_pooled,exact_sharing,512,5130158,variance_estimation,158
0.012223261830454296,full_latent_coordinatewise,exact_sharing,512,5130158,variance_estimation,158
4.0826474401230856e-05,full_latent_pooled,exact_sharing,512,5130158,variance_estimation,158
1.3403017047010777,qalt_pooled,alternating_variances,512,5130158,variance_estimation,158
0.009878013159854315,full_latent_coordinatewise,alternating_variances,512,5130158,variance_estimation,158
1.3403017047010777,full_latent_pooled,alternating_variances,512,5130158,variance_estimation,158
0.0016291005872872757,qalt_pooled,exact_sharing,512,5130159,variance_estimation,159
0.009395189318718813,full_latent_coordinatewise,exact_sharing,512,5130159,variance_estimation,159
0.0016291005872872757,full_latent_pooled,exact_sharing,512,5130159,variance_estimation,159
1.3398890734641264,qalt_pooled,alternating_variances,512,5130159,variance_estimation,159
0.00979336359355187,full_latent_coordinatewise,alternating_variances,512,5130159,variance_estimation,159
1.3398890734641264,full_latent_pooled,alternating_variances,512,5130159,variance_estimation,159
0.00046631501858235627,qalt_pooled,exact_sharing,512,5130160,variance_estimation,160
0.004685897500015279,full_latent_coordinatewise,exact_sharing,512,5130160,variance_estimation,160
0.00046631501858235627,full_latent_pooled,exact_sharing,512,5130160,variance_estimation,160
1.3388678093217115,qalt_pooled,alternating_variances,512,5130160,variance_estimation,160
0.010377269417986015,full_latent_coordinatewise,alternating_variances,512,5130160,variance_estimation,160
1.3388678093217115,full_latent_pooled,alternating_variances,512,5130160,variance_estimation,160
0.002058023149829488,qalt_pooled,exact_sharing,512,5130161,variance_estimation,161
0.01022381595466659,full_latent_coordinatewise,exact_sharing,512,5130161,variance_estimation,161
0.002058023149829488,full_latent_pooled,exact_sharing,512,5130161,variance_estimation,161
1.3418684699026273,qalt_pooled,alternating_variances,512,5130161,variance_estimation,161
0.010667582614412837,full_latent_coordinatewise,alternating_variances,512,5130161,variance_estimation,161
1.3418684699026273,full_latent_pooled,alternating_variances,512,5130161,variance_estimation,161
1.2344793143272484e-05,qalt_pooled,exact_sharing,512,5130162,variance_estimation,162
0.0102967764341121,full_latent_coordinatewise,exact_sharing,512,5130162,variance_estimation,162
1.2344793143272484e-05,full_latent_pooled,exact_sharing,512,5130162,variance_estimation,162
1.339048476013021,qalt_pooled,alternating_variances,512,5130162,variance_estimation,162
0.01761569645774379,full_latent_coordinatewise,alternating_variances,512,5130162,variance_estimation,162
1.339048476013021,full_latent_pooled,alternating_variances,512,5130162,variance_estimation,162
0.003063537323606008,qalt_pooled,exact_sharing,512,5130163,variance_estimation,163
0.010562019555069439,full_latent_coordinatewise,exact_sharing,512,5130163,variance_estimation,163
0.003063537323606008,full_latent_pooled,exact_sharing,512,5130163,variance_estimation,163
1.3389156088568122,qalt_pooled,alternating_variances,512,5130163,variance_estimation,163
0.01514612987533512,full_latent_coordinatewise,alternating_variances,512,5130163,variance_estimation,163
1.3389156088568122,full_latent_pooled,alternating_variances,512,5130163,variance_estimation,163
0.0032511967604654107,qalt_pooled,exact_sharing,512,5130164,variance_estimation,164
0.015116219546287061,full_latent_coordinatewise,exact_sharing,512,5130164,variance_estimation,164
0.0032511967604654107,full_latent_pooled,exact_sharing,512,5130164,variance_estimation,164
1.3392058458622382,qalt_pooled,alternating_variances,512,5130164,variance_estimation,164
0.024229462599385413,full_latent_coordinatewise,alternating_variances,512,5130164,variance_estimation,164
1.3392058458622382,full_latent_pooled,alternating_variances,512,5130164,variance_estimation,164
0.0005257037842050644,qalt_pooled,exact_sharing,512,5130165,variance_estimation,165
0.01877659993397337,full_latent_coordinatewise,exact_sharing,512,5130165,variance_estimation,165
0.0005257037842050644,full_latent_pooled,exact_sharing,512,5130165,variance_estimation,165
1.339224010608439,qalt_pooled,alternating_variances,512,5130165,variance_estimation,165
0.008475755079678208,full_latent_coordinatewise,alternating_variances,512,5130165,variance_estimation,165
1.339224010608439,full_latent_pooled,alternating_variances,512,5130165,variance_estimation,165
0.000813316647221965,qalt_pooled,exact_sharing,512,5130166,variance_estimation,166
0.006998406489470731,full_latent_coordinatewise,exact_sharing,512,5130166,variance_estimation,166
0.000813316647221965,full_latent_pooled,exact_sharing,512,5130166,variance_estimation,166
1.3408141184780047,qalt_pooled,alternating_variances,512,5130166,variance_estimation,166
0.019729039009065672,full_latent_coordinatewise,alternating_variances,512,5130166,variance_estimation,166
1.3408141184780047,full_latent_pooled,alternating_variances,512,5130166,variance_estimation,166
0.00028802546035537266,qalt_pooled,exact_sharing,512,5130167,variance_estimation,167
0.007402626116012871,full_latent_coordinatewise,exact_sharing,512,5130167,variance_estimation,167
0.00028802546035537266,full_latent_pooled,exact_sharing,512,5130167,variance_estimation,167
1.3423498429144793,qalt_pooled,alternating_variances,512,5130167,variance_estimation,167
0.013985619712928969,full_latent_coordinatewise,alternating_variances,512,5130167,variance_estimation,167
1.3423498429144793,full_latent_pooled,alternating_variances,512,5130167,variance_estimation,167
7.890145062080037e-05,qalt_pooled,exact_sharing,512,5130168,variance_estimation,168
0.006705750601391567,full_latent_coordinatewise,exact_sharing,512,5130168,variance_estimation,168
7.890145062080037e-05,full_latent_pooled,exact_sharing,512,5130168,variance_estimation,168
1.3435465792367056,qalt_pooled,alternating_variances,512,5130168,variance_estimation,168
0.013661367077058416,full_latent_coordinatewise,alternating_variances,512,5130168,variance_estimation,168
1.3435465792367056,full_latent_pooled,alternating_variances,512,5130168,variance_estimation,168
0.00011835591156339996,qalt_pooled,exact_sharing,512,5130169,variance_estimation,169
0.011145797400706845,full_latent_coordinatewise,exact_sharing,512,5130169,variance_estimation,169
0.00011835591156339996,full_latent_pooled,exact_sharing,512,5130169,variance_estimation,169
1.338877851973669,qalt_pooled,alternating_variances,512,5130169,variance_estimation,169
0.010497282788628645,full_latent_coordinatewise,alternating_variances,512,5130169,variance_estimation,169
1.338877851973669,full_latent_pooled,alternating_variances,512,5130169,variance_estimation,169
0.001904239661176109,qalt_pooled,exact_sharing,512,5130170,variance_estimation,170
0.007712651907065122,full_latent_coordinatewise,exact_sharing,512,5130170,variance_estimation,170
0.001904239661176109,full_latent_pooled,exact_sharing,512,5130170,variance_estimation,170
1.3388622188527508,qalt_pooled,alternating_variances,512,5130170,variance_estimation,170
0.007210349420991493,full_latent_coordinatewise,alternating_variances,512,5130170,variance_estimation,170
1.3388622188527508,full_latent_pooled,alternating_variances,512,5130170,variance_estimation,170
0.00013508783394701636,qalt_pooled,exact_sharing,512,5130171,variance_estimation,171
0.01283958078045919,full_latent_coordinatewise,exact_sharing,512,5130171,variance_estimation,171
0.00013508783394701636,full_latent_pooled,exact_sharing,512,5130171,variance_estimation,171
1.339369477200082,qalt_pooled,alternating_variances,512,5130171,variance_estimation,171
0.006421412080504894,full_latent_coordinatewise,alternating_variances,512,5130171,variance_estimation,171
1.339369477200082,full_latent_pooled,alternating_variances,512,5130171,variance_estimation,171
0.002448895593527914,qalt_pooled,exact_sharing,512,5130172,variance_estimation,172
0.008589702058983028,full_latent_coordinatewise,exact_sharing,512,5130172,variance_estimation,172
0.002448895593527914,full_latent_pooled,exact_sharing,512,5130172,variance_estimation,172
1.3437116609368418,qalt_pooled,alternating_variances,512,5130172,variance_estimation,172
0.014304983985566927,full_latent_coordinatewise,alternating_variances,512,5130172,variance_estimation,172
1.3437116609368418,full_latent_pooled,alternating_variances,512,5130172,variance_estimation,172
0.0005617533155605342,qalt_pooled,exact_sharing,512,5130173,variance_estimation,173
0.011846994005678046,full_latent_coordinatewise,exact_sharing,512,5130173,variance_estimation,173
0.0005617533155605342,full_latent_pooled,exact_sharing,512,5130173,variance_estimation,173
1.3388803625701586,qalt_pooled,alternating_variances,512,5130173,variance_estimation,173
0.006665383407194507,full_latent_coordinatewise,alternating_variances,512,5130173,variance_estimation,173
1.3388803625701586,full_latent_pooled,alternating_variances,512,5130173,variance_estimation,173
0.002544652025311331,qalt_pooled,exact_sharing,512,5130174,variance_estimation,174
0.0071406463321341575,full_latent_coordinatewise,exact_sharing,512,5130174,variance_estimation,174
0.002544652025311331,full_latent_pooled,exact_sharing,512,5130174,variance_estimation,174
1.3403564228388989,qalt_pooled,alternating_variances,512,5130174,variance_estimation,174
0.01526117108378764,full_latent_coordinatewise,alternating_variances,512,5130174,variance_estimation,174
1.3403564228388989,full_latent_pooled,alternating_variances,512,5130174,variance_estimation,174
2.7196151840058053e-05,qalt_pooled,exact_sharing,512,5130175,variance_estimation,175
0.0034161247589233434,full_latent_coordinatewise,exact_sharing,512,5130175,variance_estimation,175
2.7196151840058053e-05,full_latent_pooled,exact_sharing,512,5130175,variance_estimation,175
1.3393382545408175,qalt_pooled,alternating_variances,512,5130175,variance_estimation,175
0.016678551821096347,full_latent_coordinatewise,alternating_variances,512,5130175,variance_estimation,175
1.3393382545408175,full_latent_pooled,alternating_variances,512,5130175,variance_estimation,175
0.0005922179339718295,qalt_pooled,exact_sharing,512,5130176,variance_estimation,176
0.005931121739626588,full_latent_coordinatewise,exact_sharing,512,5130176,variance_estimation,176
0.0005922179339718295,full_latent_pooled,exact_sharing,512,5130176,variance_estimation,176
1.3404386311253638,qalt_pooled,alternating_variances,512,5130176,variance_estimation,176
0.006994865184232121,full_latent_coordinatewise,alternating_variances,512,5130176,variance_estimation,176
1.3404386311253638,full_latent_pooled,alternating_variances,512,5130176,variance_estimation,176
0.0004437461751157605,qalt_pooled,exact_sharing,512,5130177,variance_estimation,177
0.007142466228999134,full_latent_coordinatewise,exact_sharing,512,5130177,variance_estimation,177
0.0004437461751157605,full_latent_pooled,exact_sharing,512,5130177,variance_estimation,177
1.338861403564323,qalt_pooled,alternating_variances,512,5130177,variance_estimation,177
0.005816453903146328,full_latent_coordinatewise,alternating_variances,512,5130177,variance_estimation,177
1.338861403564323,full_latent_pooled,alternating_variances,512,5130177,variance_estimation,177
0.0013649555937910104,qalt_pooled,exact_sharing,512,5130178,variance_estimation,178
0.009297987174202806,full_latent_coordinatewise,exact_sharing,512,5130178,variance_estimation,178
0.0013649555937910104,full_latent_pooled,exact_sharing,512,5130178,variance_estimation,178
1.3388670635821192,qalt_pooled,alternating_variances,512,5130178,variance_estimation,178
0.016804529117268954,full_latent_coordinatewise,alternating_variances,512,5130178,variance_estimation,178
1.3388670635821192,full_latent_pooled,alternating_variances,512,5130178,variance_estimation,178
0.0018914633040337317,qalt_pooled,exact_sharing,512,5130179,variance_estimation,179
0.011622556914697338,full_latent_coordinatewise,exact_sharing,512,5130179,variance_estimation,179
0.0018914633040337317,full_latent_pooled,exact_sharing,512,5130179,variance_estimation,179
1.3396451476051892,qalt_pooled,alternating_variances,512,5130179,variance_estimation,179
0.01250324602204252,full_latent_coordinatewise,alternating_variances,512,5130179,variance_estimation,179
1.3396451476051892,full_latent_pooled,alternating_variances,512,5130179,variance_estimation,179
2.3788334446717997e-05,qalt_pooled,exact_sharing,512,5130180,variance_estimation,180
0.012753427445497524,full_latent_coordinatewise,exact_sharing,512,5130180,variance_estimation,180
2.3788334446717997e-05,full_latent_pooled,exact_sharing,512,5130180,variance_estimation,180
1.3404950321864375,qalt_pooled,alternating_variances,512,5130180,variance_estimation,180
0.012119636047607789,full_latent_coordinatewise,alternating_variances,512,5130180,variance_estimation,180
1.3404950321864375,full_latent_pooled,alternating_variances,512,5130180,variance_estimation,180
0.0009844034786770997,qalt_pooled,exact_sharing,512,5130181,variance_estimation,181
0.01696140084112359,full_latent_coordinatewise,exact_sharing,512,5130181,variance_estimation,181
0.0009844034786770997,full_latent_pooled,exact_sharing,512,5130181,variance_estimation,181
1.342629915465412,qalt_pooled,alternating_variances,512,5130181,variance_estimation,181
0.006339736276209478,full_latent_coordinatewise,alternating_variances,512,5130181,variance_estimation,181
1.342629915465412,full_latent_pooled,alternating_variances,512,5130181,variance_estimation,181
0.00011842013785793269,qalt_pooled,exact_sharing,512,5130182,variance_estimation,182
0.012789460339365396,full_latent_coordinatewise,exact_sharing,512,5130182,variance_estimation,182
0.00011842013785793269,full_latent_pooled,exact_sharing,512,5130182,variance_estimation,182
1.338994832176899,qalt_pooled,alternating_variances,512,5130182,variance_estimation,182
0.015784406358694818,full_latent_coordinatewise,alternating_variances,512,5130182,variance_estimation,182
1.338994832176899,full_latent_pooled,alternating_variances,512,5130182,variance_estimation,182
0.0007936400787580955,qalt_pooled,exact_sharing,512,5130183,variance_estimation,183
0.014996846814103243,full_latent_coordinatewise,exact_sharing,512,5130183,variance_estimation,183
0.0007936400787580955,full_latent_pooled,exact_sharing,512,5130183,variance_estimation,183
1.3397869747077968,qalt_pooled,alternating_variances,512,5130183,variance_estimation,183
0.016996863349373482,full_latent_coordinatewise,alternating_variances,512,5130183,variance_estimation,183
1.3397869747077968,full_latent_pooled,alternating_variances,512,5130183,variance_estimation,183
4.189912075970321e-05,qalt_pooled,exact_sharing,512,5130184,variance_estimation,184
0.004898727543388981,full_latent_coordinatewise,exact_sharing,512,5130184,variance_estimation,184
4.189912075970321e-05,full_latent_pooled,exact_sharing,512,5130184,variance_estimation,184
1.3391199081211156,qalt_pooled,alternating_variances,512,5130184,variance_estimation,184
0.005434736715248333,full_latent_coordinatewise,alternating_variances,512,5130184,variance_estimation,184
1.3391199081211156,full_latent_pooled,alternating_variances,512,5130184,variance_estimation,184
0.0006148566496481517,qalt_pooled,exact_sharing,512,5130185,variance_estimation,185
0.007990850870636213,full_latent_coordinatewise,exact_sharing,512,5130185,variance_estimation,185
0.0006148566496481517,full_latent_pooled,exact_sharing,512,5130185,variance_estimation,185
1.347662141932473,qalt_pooled,alternating_variances,512,5130185,variance_estimation,185
0.013239067181464885,full_latent_coordinatewise,alternating_variances,512,5130185,variance_estimation,185
1.347662141932473,full_latent_pooled,alternating_variances,512,5130185,variance_estimation,185
0.0018446317668937146,qalt_pooled,exact_sharing,512,5130186,variance_estimation,186
0.006879324823371565,full_latent_coordinatewise,exact_sharing,512,5130186,variance_estimation,186
0.0018446317668937146,full_latent_pooled,exact_sharing,512,5130186,variance_estimation,186
1.3409831307215554,qalt_pooled,alternating_variances,512,5130186,variance_estimation,186
0.013390075193902312,full_latent_coordinatewise,alternating_variances,512,5130186,variance_estimation,186
1.3409831307215554,full_latent_pooled,alternating_variances,512,5130186,variance_estimation,186
0.0002652328619736598,qalt_pooled,exact_sharing,512,5130187,variance_estimation,187
0.015891949520145096,full_latent_coordinatewise,exact_sharing,512,5130187,variance_estimation,187
0.0002652328619736598,full_latent_pooled,exact_sharing,512,5130187,variance_estimation,187
1.3393349620173836,qalt_pooled,alternating_variances,512,5130187,variance_estimation,187
0.0051489896305867075,full_latent_coordinatewise,alternating_variances,512,5130187,variance_estimation,187
1.3393349620173836,full_latent_pooled,alternating_variances,512,5130187,variance_estimation,187
0.0004043280841548487,qalt_pooled,exact_sharing,512,5130188,variance_estimation,188
0.009744988847559633,full_latent_coordinatewise,exact_sharing,512,5130188,variance_estimation,188
0.0004043280841548487,full_latent_pooled,exact_sharing,512,5130188,variance_estimation,188
1.3390632202561665,qalt_pooled,alternating_variances,512,5130188,variance_estimation,188
0.0034998299091442324,full_latent_coordinatewise,alternating_variances,512,5130188,variance_estimation,188
1.3390632202561665,full_latent_pooled,alternating_variances,512,5130188,variance_estimation,188
5.943942448616117e-05,qalt_pooled,exact_sharing,512,5130189,variance_estimation,189
0.005712942586828853,full_latent_coordinatewise,exact_sharing,512,5130189,variance_estimation,189
5.943942448616117e-05,full_latent_pooled,exact_sharing,512,5130189,variance_estimation,189
1.33950790140873,qalt_pooled,alternating_variances,512,5130189,variance_estimation,189
0.014150565906929495,full_latent_coordinatewise,alternating_variances,512,5130189,variance_estimation,189
1.33950790140873,full_latent_pooled,alternating_variances,512,5130189,variance_estimation,189
0.0013819699672434835,qalt_pooled,exact_sharing,512,5130190,variance_estimation,190
0.009139756919003223,full_latent_coordinatewise,exact_sharing,512,5130190,variance_estimation,190
0.0013819699672434835,full_latent_pooled,exact_sharing,512,5130190,variance_estimation,190
1.339496202366185,qalt_pooled,alternating_variances,512,5130190,variance_estimation,190
0.016763840664340165,full_latent_coordinatewise,alternating_variances,512,5130190,variance_estimation,190
1.339496202366185,full_latent_pooled,alternating_variances,512,5130190,variance_estimation,190
0.000681597675089133,qalt_pooled,exact_sharing,512,5130191,variance_estimation,191
0.01403784588746565,full_latent_coordinatewise,exact_sharing,512,5130191,variance_estimation,191
0.000681597675089133,full_latent_pooled,exact_sharing,512,5130191,variance_estimation,191
1.3403194326562053,qalt_pooled,alternating_variances,512,5130191,variance_estimation,191
0.008011612806179654,full_latent_coordinatewise,alternating_variances,512,5130191,variance_estimation,191
1.3403194326562053,full_latent_pooled,alternating_variances,512,5130191,variance_estimation,191
0.001081039613152042,qalt_pooled,exact_sharing,512,5130192,variance_estimation,192
0.009603381482029256,full_latent_coordinatewise,exact_sharing,512,5130192,variance_estimation,192
0.001081039613152042,full_latent_pooled,exact_sharing,512,5130192,variance_estimation,192
1.338991524070154,qalt_pooled,alternating_variances,512,5130192,variance_estimation,192
0.01531462765746712,full_latent_coordinatewise,alternating_variances,512,5130192,variance_estimation,192
1.338991524070154,full_latent_pooled,alternating_variances,512,5130192,variance_estimation,192
0.001924264571803655,qalt_pooled,exact_sharing,512,5130193,variance_estimation,193
0.008069012432363595,full_latent_coordinatewise,exact_sharing,512,5130193,variance_estimation,193
0.001924264571803655,full_latent_pooled,exact_sharing,512,5130193,variance_estimation,193
1.3394140011315476,qalt_pooled,alternating_variances,512,5130193,variance_estimation,193
0.013135197223963623,full_latent_coordinatewise,alternating_variances,512,5130193,variance_estimation,193
1.3394140011315476,full_latent_pooled,alternating_variances,512,5130193,variance_estimation,193
2.2849994909272288e-05,qalt_pooled,exact_sharing,512,5130194,variance_estimation,194
0.015065538554943093,full_latent_coordinatewise,exact_sharing,512,5130194,variance_estimation,194
2.2849994909272288e-05,full_latent_pooled,exact_sharing,512,5130194,variance_estimation,194
1.3388988589063013,qalt_pooled,alternating_variances,512,5130194,variance_estimation,194
0.008740331297568134,full_latent_coordinatewise,alternating_variances,512,5130194,variance_estimation,194
1.3388988589063013,full_latent_pooled,alternating_variances,512,5130194,variance_estimation,194
8.56265891396521e-05,qalt_pooled,exact_sharing,512,5130195,variance_estimation,195
0.007379714739074533,full_latent_coordinatewise,exact_sharing,512,5130195,variance_estimation,195
8.56265891396521e-05,full_latent_pooled,exact_sharing,512,5130195,variance_estimation,195
1.3398202916283046,qalt_pooled,alternating_variances,512,5130195,variance_estimation,195
0.010149427413789608,full_latent_coordinatewise,alternating_variances,512,5130195,variance_estimation,195
1.3398202916283046,full_latent_pooled,alternating_variances,512,5130195,variance_estimation,195
0.002332766868674535,qalt_pooled,exact_sharing,512,5130196,variance_estimation,196
0.010096450264769258,full_latent_coordinatewise,exact_sharing,512,5130196,variance_estimation,196
0.002332766868674535,full_latent_pooled,exact_sharing,512,5130196,variance_estimation,196
1.3389282467029027,qalt_pooled,alternating_variances,512,5130196,variance_estimation,196
0.01954823652433079,full_latent_coordinatewise,alternating_variances,512,5130196,variance_estimation,196
1.3389282467029027,full_latent_pooled,alternating_variances,512,5130196,variance_estimation,196
0.0025021066244384077,qalt_pooled,exact_sharing,512,5130197,variance_estimation,197
0.020912206540528496,full_latent_coordinatewise,exact_sharing,512,5130197,variance_estimation,197
0.0025021066244384077,full_latent_pooled,exact_sharing,512,5130197,variance_estimation,197
1.3388614588221937,qalt_pooled,alternating_variances,512,5130197,variance_estimation,197
0.005382165271287408,full_latent_coordinatewise,alternating_variances,512,5130197,variance_estimation,197
1.3388614588221937,full_latent_pooled,alternating_variances,512,5130197,variance_estimation,197
2.2566505850829446e-06,qalt_pooled,exact_sharing,512,5130198,variance_estimation,198
0.010209460279085184,full_latent_coordinatewise,exact_sharing,512,5130198,variance_estimation,198
2.2566505850829446e-06,full_latent_pooled,exact_sharing,512,5130198,variance_estimation,198
1.3390400244113807,qalt_pooled,alternating_variances,512,5130198,variance_estimation,198
0.008661268514827071,full_latent_coordinatewise,alternating_variances,512,5130198,variance_estimation,198
1.3390400244113807,full_latent_pooled,alternating_variances,512,5130198,variance_estimation,198
9.926708531919973e-05,qalt_pooled,exact_sharing,512,5130199,variance_estimation,199
0.014153185995842296,full_latent_coordinatewise,exact_sharing,512,5130199,variance_estimation,199
9.926708531919973e-05,full_latent_pooled,exact_sharing,512,5130199,variance_estimation,199
1.3403078916817122,qalt_pooled,alternating_variances,512,5130199,variance_estimation,199
0.012700465736101906,full_latent_coordinatewise,alternating_variances,512,5130199,variance_estimation,199
1.3403078916817122,full_latent_pooled,alternating_variances,512,5130199,variance_estimation,199
